,temp,humidity,dew,wind,rain,solar_rad,pressure
1/1/2000,11.41,64.85,4.28,1.44,0,13.65,96.95
1/2/2000,11.17,72.73,5.92,2.01,0,13.74,97.21
1/3/2000,11.01,84.26,8.32,1.15,0,11.94,97.27
1/4/2000,11.44,74.49,6.7,0.94,0,9.84,97.18
1/5/2000,9.89,69.57,3.65,2.01,0,13.09,97.03
1/6/2000,9.61,62.99,1.93,1.84,0,14.09,96.68
1/7/2000,8.79,54.56,-1.07,1.6,0,12.23,96.78
1/8/2000,9.76,63.53,2.32,1.76,0,13.93,97.05
1/9/2000,9.5,68.26,2.83,2.01,0,14.11,97.24
1/10/2000,7.84,81.82,4.74,1.86,9.54,9.11,96.95
1/11/2000,7.69,75.49,2.78,1.89,0.07,14.23,97.05
1/12/2000,8.33,57.19,-0.81,1.16,0,15.01,97.2
1/13/2000,8.67,60.63,0.36,1.99,0.03,15.08,97.05
1/14/2000,7.92,87.01,5.77,3.06,11.42,6.73,96.37
1/15/2000,8.42,84.11,5.71,2.61,4.27,10.98,96.11
1/16/2000,9.64,67.1,3.25,2.38,0.76,12.06,96.57
1/17/2000,11.4,56.42,2.14,1.78,0,15.12,97.05
1/18/2000,10.87,61.67,2.5,1.82,0.07,12.11,96.98
1/19/2000,10.8,74.06,5.64,2.06,0.01,11.99,96.75
1/20/2000,11.33,63.44,3.88,1.14,0,13.01,96.83
1/21/2000,12.12,59.29,3.49,1.35,0,10.66,96.94
1/22/2000,12.03,63.3,4.16,2,0,12.2,96.85
1/23/2000,11.38,63.21,3.17,1.96,0,15.54,96.63
1/24/2000,11.14,53.56,1.4,1.39,0,12.82,96.41
1/25/2000,12.3,52.15,0.7,2.41,0,14.37,96.16
1/26/2000,10.72,71.99,5.13,2.03,0,15.56,96.56
1/27/2000,12.95,56.65,3.13,1.8,0,13.09,96.82
1/28/2000,13.87,61.71,5.79,1.51,0,14.36,97.12
1/29/2000,14.78,66.6,8.01,1.52,0,14.58,97.38
1/30/2000,15.97,58.17,6.61,1.54,0,16.55,97.38
1/31/2000,16.26,54.01,5.74,1.83,0,14.43,97.71
2/1/2000,16.48,56.97,6.95,1.4,0,16.19,97.76
2/2/2000,16.99,54.22,6.83,2.36,0,16.22,97.71
2/3/2000,16.33,55.24,6.24,1.65,0,16.16,97.51
2/4/2000,16.73,53.15,6.03,1.66,0,15.57,97.51
2/5/2000,16.55,52.31,5.09,1.53,0,16.71,97.67
2/6/2000,14.66,57.73,4.93,1.63,0,16.97,97.9
2/7/2000,13.69,58.45,4.25,2.01,0,16.87,98
2/8/2000,13.38,59.86,4.31,2.37,0,17.27,97.95
2/9/2000,14.05,60.99,5.54,1.91,0,16.82,97.69
2/10/2000,15.78,53.41,5.17,1.17,0,17.4,97.31
2/11/2000,16,54.66,5.45,1.44,0,17.36,97.12
2/12/2000,14.64,65.72,7.31,1.67,0,17.02,97.26
2/13/2000,14.59,60.71,5.86,1.74,0,17.41,97.28
2/14/2000,14.92,53.63,3.74,1.45,0,17.8,97.32
2/15/2000,15.21,51.06,3.52,1.85,0,17.74,97.31
2/16/2000,15.06,52.37,3.97,2.03,0,17.93,97.4
2/17/2000,14.43,60.17,5.35,2.33,0,18.58,97.28
2/18/2000,15.75,53.24,4.02,1.34,0,18.36,97
2/19/2000,16.25,51.88,4.17,1.76,0,18.36,96.94
2/20/2000,16.78,53.4,4.93,1.8,0,17.5,96.81
2/21/2000,16.05,61.78,6.39,1.69,0,18.34,96.97
2/22/2000,16,57.13,5.04,2.28,0,17.74,97.12
2/23/2000,15.82,47.06,2.24,2.6,0,18.92,96.95
2/24/2000,18.45,37.32,1.36,2.19,0,16.4,96.82
2/25/2000,17.01,44.58,3.11,2.01,0,13.2,97.17
2/26/2000,15.83,56.18,5.7,2.21,0,17.65,97.29
2/27/2000,16.14,55.88,6.09,1.99,0,17.7,97.17
2/28/2000,15.88,72.6,9.99,2.3,0,16.8,97.17
2/29/2000,15.66,70.22,9.26,2.14,0.01,18.06,97.18
3/1/2000,16.75,55.7,5.9,2.24,0,19.6,97.19
3/2/2000,16.83,50.39,4.4,1.83,0,19.23,97.04
3/3/2000,18.53,41.93,2.76,1.58,0,19.92,96.91
3/4/2000,19.98,36.92,2.64,1.8,0,19.32,96.92
3/5/2000,20.26,38.04,4.18,1.64,0,13.73,96.9
3/6/2000,21.47,37.37,4.6,1.78,0,14.72,96.91
3/7/2000,21.87,34.71,4.12,2.77,0,15.5,96.97
3/8/2000,22.02,34.92,4.75,2.84,0,14.95,97.06
3/9/2000,22.89,38.35,6.75,2.27,0,17.69,97.15
3/10/2000,22.51,34.77,4.33,2.48,0,19.86,97
3/11/2000,20.86,40.2,5.42,2.35,0,17.53,96.88
3/12/2000,19.64,48.49,6.88,2.29,0,18.76,96.92
3/13/2000,19.18,48.04,6.02,1.8,0,20.96,97.02
3/14/2000,17.09,50.92,4.69,2.48,0,22.3,96.89
3/15/2000,16.95,50.9,4.2,2.11,0,22.34,96.55
3/16/2000,18.4,40.71,2.88,1.77,0,21.4,96.47
3/17/2000,18.67,39.48,2.59,1.88,0,21.32,96.59
3/18/2000,16.48,48.13,3.5,2.32,0,22.5,96.65
3/19/2000,15.62,54.71,4.12,1.91,0,22.88,96.42
3/20/2000,15.34,57.12,5.07,1.85,0,22.68,96.03
3/21/2000,14.14,68.57,7.15,2.54,0,11.26,95.99
3/22/2000,13.92,64.15,6.31,2.85,0.03,19.47,96.27
3/23/2000,14.29,58.54,4.99,2.18,0.01,19.09,96.45
3/24/2000,13.82,63.46,5.36,2.75,0.01,22.45,96.61
3/25/2000,14.05,62.23,4.89,3.47,0,23.7,96.68
3/26/2000,15.65,58.24,5.42,4.03,0.05,23.64,96.5
3/27/2000,17.7,49.58,4.69,2.57,0,22.6,96.2
3/28/2000,15.56,53.61,3.74,2.14,0,24.37,96.18
3/29/2000,14.59,60.85,5.46,1.82,0,22.23,96.05
3/30/2000,15.36,60.64,5.94,1.8,0,22.19,96.2
3/31/2000,16.95,57.31,6.37,1.59,0,25.99,96.2
4/1/2000,16.5,54.74,4.86,2.73,0,23.61,95.69
4/2/2000,13.87,65.51,7.09,5.38,10.73,10.01,95.17
4/3/2000,10.58,79.36,6.96,5.26,11.98,14.77,95.6
4/4/2000,12.35,65.72,5.33,3.81,2.07,21.18,96.47
4/5/2000,13.54,60.2,4.6,1.74,0.02,25.13,96.59
4/6/2000,17.88,43.48,2.41,2.1,0,24.69,96.04
4/7/2000,20.52,45.37,7.35,5.05,0.52,21.78,95.71
4/8/2000,16.61,61.96,7.37,4.13,0.08,23.54,96
4/9/2000,15.53,66.1,8.43,3.79,0.9,20.7,96.04
4/10/2000,15.54,67.9,8.66,2.69,1.44,22.66,96.39
4/11/2000,15.35,60.82,6.05,2.22,0.24,25.38,96.55
4/12/2000,15.6,56.46,4.79,2.58,0,25.87,96.05
4/13/2000,14.68,61.54,5.81,2.43,0,21.44,96.06
4/14/2000,15.73,64.26,8.22,3.91,1,23.6,96.19
4/15/2000,17.89,53.36,6.12,4.54,0.02,26.65,95.85
4/16/2000,15.24,62.96,7.75,5,4.09,15.71,96.19
4/17/2000,15.47,53.34,4,2.49,0,26.32,96.91
4/18/2000,15.79,54.49,4.34,2.99,0,28.38,97.02
4/19/2000,18.1,50.89,4.59,2.88,0,27.69,96.82
4/20/2000,19.59,52.97,7.37,2.15,0,28.44,96.7
4/21/2000,20.09,52.84,8.26,2.35,0,27.91,96.63
4/22/2000,17.3,65.53,9.58,3.28,0.34,27.37,96.93
4/23/2000,16.73,50.79,3.74,4.21,0,28.98,96.99
4/24/2000,17.41,55.69,6.43,3,0,28.97,96.5
4/25/2000,17.06,58.62,6.91,2.68,0.01,29.15,96.3
4/26/2000,14.88,64.75,7.38,3.22,0.76,16.73,96.35
4/27/2000,14.14,58.23,5.15,3.31,0.61,26.31,96.64
4/28/2000,14.84,54.17,3.71,2.45,0.01,29.42,96.45
4/29/2000,14.9,61.17,6.49,2.16,0.44,26.22,96.09
4/30/2000,14.3,70.94,8.24,2.96,1.44,20,96.02
5/1/2000,15.51,66.14,7.97,2.89,0.15,26.87,96.03
5/2/2000,17.62,61.86,8.34,2.2,0,29.05,95.8
5/3/2000,19.59,51.59,7.09,3.66,0.26,28.44,95.76
5/4/2000,19.06,52.11,7.07,4.22,0,27.92,96.02
5/5/2000,17.64,54.33,6.51,3.12,0.02,27.24,96.14
5/6/2000,16.3,65.37,8.58,3.53,5.19,24.66,96.07
5/7/2000,16.77,63.81,8.71,2.92,0.92,21.58,96.15
5/8/2000,16.47,68.48,9.71,2.7,1.62,21.38,96.27
5/9/2000,15.93,68.9,9.22,2.65,1.81,24.07,96.34
5/10/2000,17.61,59.45,7.97,2.22,0,24.36,96.37
5/11/2000,18.29,59.22,8.72,3.2,0,28.94,96.31
5/12/2000,20.33,59.34,10.79,3.32,0,30.26,96.33
5/13/2000,21.19,58.74,11.15,3.76,0,30.64,96.39
5/14/2000,22.71,56.54,11.14,3.47,0,29.63,96.17
5/15/2000,21.75,62.25,12.94,3.22,0.06,26.52,96.19
5/16/2000,21.68,62.78,13.06,3.15,0,20.41,96.37
5/17/2000,22.27,61.29,12.88,2.71,0,29.64,96.36
5/18/2000,22.19,59.52,12.12,2.27,0,25.77,96.26
5/19/2000,22.14,58.42,11.65,2.75,0,26.36,96.15
5/20/2000,19.26,64.05,11.52,3.24,0.01,19.88,96.09
5/21/2000,18.86,58,8.9,2.88,0.03,29.32,96.19
5/22/2000,20.02,56.01,8.74,2.59,0,31.04,96.41
5/23/2000,19.16,63.49,10.8,3.23,5.43,23.51,96.71
5/24/2000,19.26,62.83,10.67,3.7,0.37,27.4,96.97
5/25/2000,20.71,58.44,10.99,4.23,0.07,31.13,96.91
5/26/2000,22,56.99,11.29,3.68,0,30.53,96.76
5/27/2000,23.06,55.72,11.54,3.76,0,30.96,96.66
5/28/2000,24.03,50.13,11.02,3.26,0,31.54,96.72
5/29/2000,25.55,39.46,8.13,2.88,0,31.07,96.65
5/30/2000,27.06,39.1,9.17,2.15,0,31.44,96.56
5/31/2000,27.45,39.35,9.87,2.49,0,30.54,96.5
6/1/2000,29.47,25.56,5.21,2.23,0,29.52,96.57
6/2/2000,30.93,24.54,5.94,2.2,0,26.83,96.38
6/3/2000,27.78,39.54,11.61,3.07,0.08,28.32,96.21
6/4/2000,26.39,46.42,11.8,3.04,0,30.36,96.41
6/5/2000,27.68,38.22,10.59,3.42,0,15.05,96.49
6/6/2000,28.54,27.21,4.47,2.91,0,27.01,96.42
6/7/2000,31,22.45,5,2.39,0,24.59,96.25
6/8/2000,27.38,39.85,9.98,3.44,0,29.83,96.28
6/9/2000,23.3,51.83,10.76,3.36,0,30.54,96.82
6/10/2000,21.19,43.2,5.45,4.85,0,31.53,97.15
6/11/2000,21.75,41.69,5.84,4.94,0,31.56,97.08
6/12/2000,25.51,40.71,7.46,3.3,0,29.09,96.59
6/13/2000,29.78,26.17,4.65,2.66,0,28.17,96.32
6/14/2000,30.48,30.25,7.65,2.7,0,30.29,96.33
6/15/2000,30.62,34.23,10.39,2.63,0.05,30.72,96.27
6/16/2000,29.62,32.43,7.95,2.96,0,30.41,96.27
6/17/2000,29.44,29.62,5.87,3.27,0,29.95,96.42
6/18/2000,28.84,31.59,6.75,2.18,0,25.85,96.71
6/19/2000,28.05,35.35,9.36,2.73,0,26.83,96.7
6/20/2000,25.75,44.62,11.63,3.15,0,24.62,96.69
6/21/2000,25.91,42.65,8.8,3.13,0,31.14,96.79
6/22/2000,25.7,47.11,10.66,3.81,0,31.82,96.8
6/23/2000,25.63,52.36,13.37,4.03,0,31.39,96.61
6/24/2000,24.56,53.87,12.97,4.17,0,29.71,96.22
6/25/2000,24.05,51.94,11.79,3.98,0,30.08,96.2
6/26/2000,24.89,46.56,10.7,3.42,0,29.58,96.55
6/27/2000,28.96,38.41,10.72,2.42,0,27.76,96.73
6/28/2000,29.38,35.62,10.86,3.14,0,28.39,96.7
6/29/2000,29.99,33.61,9.91,3.07,0,30.41,96.51
6/30/2000,29.99,35.6,11.02,3.33,0,29.92,96.31
7/1/2000,29.75,41.06,12.99,3.83,0,28.37,96.13
7/2/2000,28.03,43.98,13.32,3.53,0,27.62,96.33
7/3/2000,26.36,45.69,11.91,3.51,0,29.97,96.45
7/4/2000,25.45,47.27,11.55,4.41,0,30.14,96.27
7/5/2000,27.36,42.82,10.8,3.64,0,30.46,96.11
7/6/2000,32.52,26.35,5.96,2.41,0,27.94,96.19
7/7/2000,33.76,26.53,9.51,3.22,0,24.53,96.37
7/8/2000,28.37,41.04,11.9,3.06,0,30.63,96.59
7/9/2000,26.28,45.06,11.75,3.12,0,29.62,96.52
7/10/2000,24.08,48.42,9.76,4,0,29.11,96.35
7/11/2000,23.92,50.61,11.27,4.78,0,30.24,96.11
7/12/2000,25.87,42.3,9.3,3.49,0,30.94,96.15
7/13/2000,28.16,35.89,9.01,2.44,0,31.04,96.46
7/14/2000,28.46,36.83,9.17,2.59,0,30.83,96.39
7/15/2000,29.65,34.91,9.71,3.06,0,30.28,95.93
7/16/2000,29.41,35.64,10.42,2.88,0,30.07,95.72
7/17/2000,27.3,45.9,11.98,3.01,0.05,29.93,96.17
7/18/2000,26.72,44.39,11.17,2.89,0,30.15,96.5
7/19/2000,26.93,43.18,10.73,2.83,0,30.15,96.37
7/20/2000,29.98,32.75,6.82,2.13,0,29.5,96.17
7/21/2000,32.19,26.18,6.67,2.73,0,28.44,96.23
7/22/2000,28.22,45.53,13.95,3.77,0,25.56,96.32
7/23/2000,25.78,48.98,12.63,3.73,0,28.53,96.39
7/24/2000,26.01,42.91,9.88,3.85,0,29.23,96.34
7/25/2000,26.36,44.83,10.84,3.63,0,29.15,96.19
7/26/2000,28.22,47.52,13.61,3.47,0,28.26,96.21
7/27/2000,29.31,42.22,13.24,3.43,0,26.85,96.44
7/28/2000,30.29,35.53,10.98,3.74,0,27.74,96.47
7/29/2000,31.68,32.99,10.37,3.5,0,28.28,96.24
7/30/2000,36.48,15.91,3.78,2.75,0.48,22.74,96.22
7/31/2000,36.78,16.88,6.73,3.53,0.73,21.86,96.4
8/1/2000,36.22,20.14,8.38,3.43,0.2,23.23,96.54
8/2/2000,35.72,23.62,10.3,2.17,0,27.42,96.65
8/3/2000,31.34,37.1,13.52,3.79,0,28.02,96.78
8/4/2000,29.03,35.46,10.38,3.45,0,24.89,96.62
8/5/2000,27.03,44.55,10.92,3,0,29.55,96.41
8/6/2000,27.45,46.06,12.87,2.94,0.06,28.96,96.24
8/7/2000,30.64,36.4,11.26,2.68,0,28.21,96.08
8/8/2000,30.55,37.29,12.78,2.93,0,28.03,96.27
8/9/2000,29.62,44.55,14.85,2.94,0,27.59,96.53
8/10/2000,28.73,43.98,14.03,3.36,0,26.5,96.62
8/11/2000,26.83,48.77,14.18,3.37,0,26.98,96.68
8/12/2000,26.63,44.67,10.76,3.44,0,27.98,96.57
8/13/2000,26.58,42.21,9.64,3.65,0,28.17,96.65
8/14/2000,28.43,42.75,11.53,3.6,0,27.51,96.6
8/15/2000,33.74,25.99,8.18,1.93,0.02,22.31,96.42
8/16/2000,35.22,23.68,9.09,1.97,0,24.36,96.27
8/17/2000,32.05,31.45,12.06,2.7,0,25.42,96.26
8/18/2000,32.68,24.99,6.72,2.63,0,26.3,96.19
8/19/2000,32.27,23.1,7.85,3.12,0,25.82,96.35
8/20/2000,30.55,35.72,12.17,3.05,0.01,20.99,96.53
8/21/2000,26.88,47.6,13.3,4.28,0,26.94,96.7
8/22/2000,25.7,46.8,12.15,3.94,0,27.45,96.59
8/23/2000,25.06,48.41,12.05,3.96,0,26.72,96.58
8/24/2000,25.75,52.71,13.59,3.83,0,26.91,96.57
8/25/2000,25.4,56.98,14.73,3.96,0,26.73,96.43
8/26/2000,25.39,51.29,13.11,4.01,0,26.22,96.35
8/27/2000,27.4,44.51,11.89,3.41,0,24.75,96.35
8/28/2000,29.1,37.18,11.29,2.67,0.35,23.15,96.31
8/29/2000,28.24,46.17,14.59,2.94,0.06,14.7,96.31
8/30/2000,27.13,56.68,16.24,3.73,1.17,18.79,96.05
8/31/2000,25.39,58.07,15.25,3.88,0.49,19.44,96.04
9/1/2000,24.58,54.98,13.06,3.12,0.01,27.3,96.3
9/2/2000,25.13,50.36,11.49,2.06,0,26.91,96.47
9/3/2000,26.23,44.01,10.25,2.13,0,26.55,96.45
9/4/2000,25.53,49.17,11.38,3.26,0,26.01,96.46
9/5/2000,26.51,48.64,12.21,3.36,0,25.68,96.28
9/6/2000,30.33,32.64,7.95,2.52,0,24.38,96.12
9/7/2000,33.33,20.31,5.17,2.3,0,24.59,96.1
9/8/2000,31.43,21.03,4.23,2.43,0,25.32,96.13
9/9/2000,31.85,17.95,2.74,1.91,0,25.33,96.22
9/10/2000,30.79,26.55,6.98,3.08,0,25.31,96.35
9/11/2000,26.53,40.88,10.03,2.65,0,22.3,96.42
9/12/2000,26.45,43.83,9.9,1.77,0,24.12,96.29
9/13/2000,27.05,38.26,8.83,1.77,0,24.16,96.22
9/14/2000,27.39,39.08,8.45,2.26,0,23.93,96.42
9/15/2000,28.34,34.17,7.04,1.73,0,23.61,96.57
9/16/2000,30.36,27.77,5.42,1.63,0,23.74,96.57
9/17/2000,27.17,46.66,12.4,2.72,0.02,23.58,96.49
9/18/2000,22.66,64.26,14.81,4.64,0.01,20.88,96.35
9/19/2000,22.2,58.16,12,3.06,0,22.42,96.25
9/20/2000,22.32,56.55,11.99,4.36,0,19.37,96.25
9/21/2000,22.03,52.26,10.17,3.72,0,22.85,96.36
9/22/2000,22.53,57.02,12.22,2.91,0,22.31,96.49
9/23/2000,22.49,58.91,13.04,3.26,0,17.06,96.51
9/24/2000,23.35,58.28,13.28,3.68,0,21.76,96.53
9/25/2000,23.06,59.85,13.55,2.73,0,22.37,96.68
9/26/2000,22.78,62.12,13.72,2.6,0,20.22,96.83
9/27/2000,23.07,59.92,13.31,2.86,0.02,20.34,96.69
9/28/2000,21.98,61.03,12.82,2.67,0.86,16.55,96.53
9/29/2000,20.23,61.53,11.93,3.2,3.16,12.24,96.33
9/30/2000,19.21,59.89,10.4,3.68,0.75,19.76,96.53
10/1/2000,19.33,59.76,10.18,2.89,0,21.6,96.86
10/2/2000,21.79,56.42,11.12,3.22,0,21.21,96.89
10/3/2000,23.56,43.06,7.71,1.61,0,21.08,96.65
10/4/2000,24.09,32.63,4.34,1.83,0,21.17,96.46
10/5/2000,24.49,28.18,2.63,2.14,0,20.61,96.53
10/6/2000,24.48,27.11,1.9,2.15,0,20.68,96.6
10/7/2000,24.64,29.42,3,1.9,0,19.53,96.62
10/8/2000,23.91,35.41,5.33,1.83,0,20.32,96.65
10/9/2000,21.95,46.78,8.14,2,0,15.26,96.63
10/10/2000,20.4,62.49,11.18,3.8,0.13,20.31,96.52
10/11/2000,19.84,64.26,11.84,3.33,0.01,18.94,96.24
10/12/2000,16.85,73.91,12.03,4.5,12.82,10.66,96.13
10/13/2000,14.74,69.83,8.88,3.06,1.81,14.13,96.52
10/14/2000,15.13,63.39,6.94,2.4,0,18.43,96.74
10/15/2000,16.57,65.1,8.6,1.69,0,18.37,96.55
10/16/2000,17.6,63.57,9.58,1.32,0,19.04,96.74
10/17/2000,19.42,52.87,8.06,2.39,0,19.48,97.04
10/18/2000,20.4,48.32,7.21,1.28,0,19.24,97.07
10/19/2000,20,49.35,7.18,1.52,0.01,18.38,96.85
10/20/2000,17.43,72.52,11.76,2.72,4.98,12.67,96.62
10/21/2000,14.93,77.59,10.73,3.31,7.37,6.56,96.46
10/22/2000,12.35,70.77,6.41,2.76,0.36,12.57,96.25
10/23/2000,14.63,62.06,6.32,1.73,0,18.9,96.28
10/24/2000,16.78,56.82,7.51,1.6,0,17.63,96.24
10/25/2000,18.04,64.36,10.42,1.79,0,16.82,96.49
10/26/2000,17.66,62.89,9.44,2.06,0,18.18,96.79
10/27/2000,17.38,60.89,8.53,2.25,0,18.23,96.74
10/28/2000,18.22,55.68,7.98,1.96,0,18.06,96.88
10/29/2000,17.81,62.78,9.32,1.69,0,17.39,96.99
10/30/2000,16.88,68.36,10.14,1.98,0,12.68,96.82
10/31/2000,15.71,71.48,9.59,1.85,0,14.64,96.67
11/1/2000,15.23,69.09,8.77,2.85,0,16.06,96.62
11/2/2000,14.51,65.21,7.12,1.83,0,17.06,96.59
11/3/2000,16.25,65.83,9,1.84,0.02,16.96,96.62
11/4/2000,16.01,70.69,9.7,2.93,0.02,15.11,96.8
11/5/2000,14.56,65.1,6.92,2.34,0,14.71,96.86
11/6/2000,15.43,70.22,9.06,1.9,0.5,16.55,96.63
11/7/2000,14.34,70.54,8.13,3.39,0.08,6.38,96.32
11/8/2000,12.81,66.36,5.38,3.83,0,15.65,96.12
11/9/2000,12.17,66.14,4.88,2.77,0,16.09,96.24
11/10/2000,14.51,58.98,5.4,1.7,0,16.08,96.19
11/11/2000,16.89,51.14,5.23,1.23,0,15.3,96.31
11/12/2000,18.36,47.16,6.16,2.15,0,11.28,96.56
11/13/2000,17.66,62.06,9.39,2.78,1.26,12.41,96.39
11/14/2000,14.16,81.77,10.9,2.33,4.06,9.42,96.21
11/15/2000,11.17,74.01,6.37,3.25,5.09,10.09,96.41
11/16/2000,10.82,69.57,4.75,2.5,0,16.41,96.99
11/17/2000,11.84,69.86,5.42,2.55,0,14.88,97.19
11/18/2000,11.42,65.96,4.09,1.97,0,14.27,97.01
11/19/2000,11.99,57.77,2.97,1.52,0,15.01,96.81
11/20/2000,13.28,64.14,5.45,1.35,0,14.78,96.78
11/21/2000,14.18,66.13,7.01,1.72,0,14.32,96.83
11/22/2000,13.78,69.85,7.33,1.68,0,14.12,96.9
11/23/2000,13.86,77.03,9.22,1.9,0.04,12.55,97.04
11/24/2000,15.84,77.03,11.12,1.37,0.03,14.12,97.17
11/25/2000,16.26,70.37,10.06,2.49,0,14.22,97.29
11/26/2000,18.78,49.59,6.7,1.14,0,14.07,97.26
11/27/2000,19.5,40.24,4.56,1.96,0,13.57,97.14
11/28/2000,19.73,41.75,5.36,2.91,0.04,13.31,96.7
11/29/2000,15.76,64.83,8.5,1.88,0.44,12.98,96.92
11/30/2000,15.44,65.97,8.05,1.71,0,12.41,96.78
12/1/2000,15.4,69.12,8.23,1.72,0.01,12.39,97.04
12/2/2000,15.89,69.45,9.75,2,0,10.78,97.29
12/3/2000,15.6,56.29,5.59,1.9,0,11.76,97.05
12/4/2000,16.49,48.78,5.16,1.9,0,12.24,96.9
12/5/2000,16.09,48.56,4.78,1.65,0,8.36,96.84
12/6/2000,17.86,33.65,0.48,2.44,0,11.02,96.59
12/7/2000,18.22,31.91,0.26,3.87,0.12,4.76,96.33
12/8/2000,14.04,73.29,8.99,1.82,2.57,5.1,96.8
12/9/2000,12.87,68.07,6.21,1.87,0.06,10.88,97.27
12/10/2000,14.2,49.16,2.31,1.41,0,11.57,97.42
12/11/2000,15.95,33.88,-1.14,1.62,0,11.85,97.67
12/12/2000,15.66,35.18,-0.78,1.98,0,11.64,97.78
12/13/2000,15.98,32.03,-1.68,1.47,0,11.82,97.61
12/14/2000,15.11,34.83,-1.26,1.68,0,10.71,97.29
12/15/2000,14.2,45.37,0.88,1.7,0,10.87,96.79
12/16/2000,13.15,66.52,5.83,2.09,0,11.66,96.76
12/17/2000,12.22,72.67,6.75,2.2,0.07,11.21,96.95
12/18/2000,13.09,40.28,-2.39,1.92,0,10.64,96.87
12/19/2000,13.52,32.6,-4.39,4.14,2.14,10.59,96.36
12/20/2000,10,85.09,7.53,3.31,7.56,8.37,96.17
12/21/2000,12.68,58.61,3.92,5.16,1.13,10.17,95.84
12/22/2000,12.58,71.64,7.34,6.72,12.22,7.87,95.53
12/23/2000,13.83,63.09,6.28,5.33,1.6,10.76,95.88
12/24/2000,14.74,73.37,9.74,6.37,3.68,8.91,95.94
12/25/2000,14.38,72.66,9.24,5.03,0.8,9.94,96.13
12/26/2000,14.02,79.14,10.34,6.42,18.12,6.18,95.78
12/27/2000,11.48,81.57,8.22,4.39,9.43,7.96,96.59
12/28/2000,11.37,72.99,6.22,2.09,0,13.02,97.16
12/29/2000,13.66,66.48,7.19,1.05,0.25,12.04,97.14
12/30/2000,13.1,73.3,7.71,1.83,0.13,11.94,97.1
12/31/2000,13.29,53.17,2.31,1.58,0,10.55,96.8
1/1/2001,14.36,53.4,3.63,2.98,0,13.2,96.65
1/2/2001,13.32,72.56,8.15,1.55,1.09,13,96.94
1/3/2001,13.11,70.53,7,1.27,0,11.24,97.11
1/4/2001,13.26,57.96,4.41,1.22,0,10.98,97.2
1/5/2001,14.6,54.56,4.1,2.1,0,12.89,96.83
1/6/2001,11.99,77.89,8.03,2.88,19.64,4.71,96.71
1/7/2001,9.88,74.54,4.91,2.21,0.55,13.68,97.04
1/8/2001,10.57,57.1,0.73,1.97,0,13.38,96.78
1/9/2001,12.75,49.65,1.15,2.55,0.03,11.38,96.76
1/10/2001,13.53,47.08,1.38,2.65,0,13.61,96.72
1/11/2001,12.87,62.23,5.3,4.6,11.56,9.47,96.52
1/12/2001,10.98,83.55,8.07,4.27,13.08,8.95,96.5
1/13/2001,10.64,83.34,7.57,1.47,1.4,13.19,97.02
1/14/2001,11.65,74.14,6.63,1.29,0.81,14.26,96.93
1/15/2001,12.95,69.29,7.03,1.12,0.03,14.28,96.72
1/16/2001,12.39,77.07,7.92,1.35,0,13.59,97.01
1/17/2001,12.17,65.87,4.9,1.37,0,15,97.17
1/18/2001,11.6,72.08,6.03,1.57,0.02,13.76,97.3
1/19/2001,12.08,74.65,7.3,2.08,0.07,11.15,97.47
1/20/2001,11.53,57.99,2.24,1.65,0,15.17,97.32
1/21/2001,14.09,47.27,1.64,2.25,0,15.38,97.12
1/22/2001,14.57,44.66,0.93,1.96,0,15.27,97.14
1/23/2001,14.19,45.17,1.11,1.63,0,15.13,97.3
1/24/2001,13.52,46.94,0.32,2.17,0.01,15.12,97.24
1/25/2001,11.59,76.07,7.33,1.78,2.46,10.66,97.35
1/26/2001,10.73,75.16,5.69,1.89,0,15.11,97.49
1/27/2001,12.51,72.44,6.99,1.67,0.16,15.73,97.42
1/28/2001,12.67,82.75,9.6,2.27,1.11,15.14,97.1
1/29/2001,10.23,73.92,5.07,3.54,0.01,14.85,97.23
1/30/2001,9.77,66.06,2.39,2.9,0,15.91,97.25
1/31/2001,11.17,61.57,2.51,2.62,0,16.94,97.26
2/1/2001,12.59,60.32,3.59,2.35,0,16.53,97.16
2/2/2001,13.18,63.77,5.26,1.14,0,16.06,97.08
2/3/2001,13.51,59.03,3.7,1.86,0,15.95,97.09
2/4/2001,12.53,69.65,6.08,1.42,0,16.44,97.19
2/5/2001,13.05,58.23,3.31,1.76,0,17.33,97.11
2/6/2001,13.18,40.58,-2.02,2.54,0,17.31,96.76
2/7/2001,11.56,56.25,1.14,3.93,3.49,13.23,96.73
2/8/2001,10.94,72.83,5.39,1.69,0.24,17.24,97.26
2/9/2001,11.85,62.26,3.05,2.78,0,17.85,97.51
2/10/2001,15.03,44.44,1.1,1.4,0,17.61,97.68
2/11/2001,16.39,40.46,1.37,1.83,0,18.03,97.75
2/12/2001,17.72,41.85,3.05,1.49,0,18.15,97.71
2/13/2001,16.72,45.49,2.75,1.58,0,18.72,97.53
2/14/2001,13.87,51.74,1.67,2.21,0,17.83,97.15
2/15/2001,13.19,70.38,7.11,2.06,0,18.2,96.9
2/16/2001,11.08,65.73,3.27,2.93,0,18.65,96.83
2/17/2001,11.77,55.4,1.18,1.95,0,18.86,96.93
2/18/2001,12.92,46.82,-0.41,1.97,0,18.76,97.04
2/19/2001,12.57,54.32,2.18,1.33,0.01,19.18,96.88
2/20/2001,14.51,39.23,-1.17,3.19,0,16.92,96.81
2/21/2001,16.28,37.4,-0.28,2.55,0.01,13.06,96.89
2/22/2001,16.91,41.92,2.89,1.54,0.43,12.04,96.77
2/23/2001,15.01,62.36,6.98,2.9,0.01,16.77,96.23
2/24/2001,12.15,73.38,6.7,1.93,0.19,17.76,95.97
2/25/2001,11.37,71.19,5.07,1.32,0.04,15.6,96.12
2/26/2001,11.36,73.88,6.09,1.55,0.27,14.28,96.35
2/27/2001,11.25,71.91,5.51,1.9,0.2,18.79,96.56
2/28/2001,10.65,69.72,4.23,1.63,0.05,20.77,96.52
3/1/2001,15.26,55.12,5.41,2.9,0,20.17,96.18
3/2/2001,18.52,49.78,7.16,6.98,1.32,19.88,95.88
3/3/2001,15.45,67.76,8.82,4.56,0.2,20.06,96.31
3/4/2001,16.48,54.06,5.62,3.15,0,21.1,96.25
3/5/2001,19.82,44.88,6,2.59,0.01,17.33,96.29
3/6/2001,22.17,39.17,5.59,3.75,0,21.45,96.56
3/7/2001,14.94,66.3,8.36,2.49,13.24,12.59,96.92
3/8/2001,14.29,66.43,6.45,1.8,0.14,21.33,97.04
3/9/2001,15.2,61.5,6.5,2.45,0,22.68,97.06
3/10/2001,18.45,54.58,7.09,2.13,0,22.98,96.87
3/11/2001,20.93,40.69,4.18,2.28,0,23,96.69
3/12/2001,19.66,46.71,5.5,3.01,0,21.81,96.56
3/13/2001,17.66,61.33,8.56,3.81,0.03,21.94,96.53
3/14/2001,18.84,52.51,6.94,2.2,0,19.45,96.1
3/15/2001,17.5,60.8,8.89,2.13,0,22.66,95.96
3/16/2001,14.79,65.9,7.62,2.44,0.01,21.96,96.4
3/17/2001,14.68,68.35,7.59,2.29,0,17.28,96.34
3/18/2001,15.12,64.98,7.24,2.72,0,24.01,96.46
3/19/2001,17.79,55.5,6.53,1.83,0,23.99,96.54
3/20/2001,20.84,46.6,7.09,1.84,0,23.99,96.73
3/21/2001,21.98,43.32,7.09,1.76,0,22.95,96.7
3/22/2001,23.56,32.58,3.14,2.23,0,24.81,96.35
3/23/2001,22.79,32.66,1.24,3.82,0,24.13,95.99
3/24/2001,17.56,66.96,10.04,2.92,0,24.51,96.24
3/25/2001,14.42,69.62,8.2,2.81,0.17,22.02,96.39
3/26/2001,14.53,67.13,7.07,2.27,0.05,25.68,96.44
3/27/2001,14.84,68.71,8.1,2.55,1.18,22.68,96.28
3/28/2001,13.49,73.87,8.21,2.97,1.53,16.39,96.72
3/29/2001,14.32,64.52,6.2,3.46,0.02,25.93,97.24
3/30/2001,17.1,55.59,5.95,3.6,0,26.25,96.89
3/31/2001,19.59,48.26,5.23,1.94,0,24.51,96.43
4/1/2001,21.43,40.39,4.91,2.62,0,24.76,96.49
4/2/2001,18.7,59.54,9.3,2.4,0,21.66,96.81
4/3/2001,17.32,66.23,9.7,3.38,0,18.5,96.79
4/4/2001,16.63,61.2,6.91,3.48,0,25.43,96.99
4/5/2001,18.74,59.21,8.49,3.51,0,26.71,97.01
4/6/2001,19.74,62.11,10.35,2.75,0,26.64,97.09
4/7/2001,19.29,58.85,9.08,3.76,0,26.89,97.12
4/8/2001,17.67,49.22,3.36,4.03,0,27.6,97.04
4/9/2001,20.58,44.71,5.05,2.65,0,27.35,96.73
4/10/2001,22.59,35.38,3.94,1.88,0,27.66,96.63
4/11/2001,22.59,32.88,2.55,2.08,0,27.73,96.56
4/12/2001,23.57,28.24,1.09,1.95,0,28.01,96.33
4/13/2001,23.76,29.45,1.93,2.52,0,27.1,96.06
4/14/2001,19.26,43.27,3.17,2.79,0,28.42,96.07
4/15/2001,20.96,32.69,0.46,1.74,0,29.13,96.28
4/16/2001,21.56,29.35,-0.74,1.97,0,29.11,96.49
4/17/2001,18.68,41.98,3.91,2.61,0,26.87,96.32
4/18/2001,16.84,58.41,6.53,3.36,0,28.09,95.88
4/19/2001,15.95,66.74,8.87,3.6,0.28,9.63,95.73
4/20/2001,14.98,60.73,6.76,3.24,0.3,19.08,96.28
4/21/2001,15.47,54.19,4.7,2.36,0,25.54,96.43
4/22/2001,17.12,54.16,4.75,3.92,0,27.93,96.29
4/23/2001,17.9,54.4,5.39,2.2,0,29.16,96.33
4/24/2001,19.1,58.38,9.3,2.92,0,22.31,96.54
4/25/2001,20.16,55.22,9.68,3.73,0,26.37,96.62
4/26/2001,20.08,48.98,6.72,3,0,28.05,96.62
4/27/2001,17.89,54.16,6.36,3.28,0,29.37,96.78
4/28/2001,17.95,52.11,4.48,3.05,0,30.16,96.39
4/29/2001,17.56,62.22,8.86,3.64,0,25.77,96.09
4/30/2001,15.19,54.01,4.44,4.88,0,12.42,96.32
5/1/2001,13.8,54.29,2.7,3.32,0,30.82,96.4
5/2/2001,14.81,50.79,2.7,2.98,0,30.52,96.52
5/3/2001,13.82,62.92,6.23,3.73,0.98,24.01,96.39
5/4/2001,15.56,59.46,6.39,2.91,0.35,28.96,96.42
5/5/2001,16.7,56.98,5.98,2.75,0,29.95,96.47
5/6/2001,16.43,58.47,6.43,2.92,0,27.12,96.57
5/7/2001,15.97,55.6,5.31,2.93,0,30.57,96.55
5/8/2001,15.48,58.68,5.72,2.95,0,24.22,96.4
5/9/2001,15.17,56.01,5.16,2.7,0,19.13,96.47
5/10/2001,17.39,50.77,5.58,2.36,0,30.39,96.63
5/11/2001,18.99,51.15,6.33,2.79,0,30.48,96.48
5/12/2001,19.62,52.07,7.03,2.48,0,30.9,96.54
5/13/2001,19.64,56.56,9.15,2.75,0,30.74,96.44
5/14/2001,20.11,53.25,8.31,2.56,0,29.77,96.36
5/15/2001,20.9,50,8.3,2.9,0,28.84,96.27
5/16/2001,22.57,53.43,11.07,2.76,0,25.38,96.17
5/17/2001,24.21,49.29,11.33,3.23,0,25.08,96.17
5/18/2001,20.65,59.94,11.4,2.93,0.01,19.75,96.33
5/19/2001,20.34,57.1,9.97,2.57,0.1,24.78,96.35
5/20/2001,21.65,54.36,9.94,3.11,0,30.08,96.37
5/21/2001,20.94,56.39,10.5,3.19,0.02,26.89,96.34
5/22/2001,20.87,59.3,11.29,3.76,0.04,28.8,96.47
5/23/2001,21.71,52.82,9.26,4.14,0,30.86,96.56
5/24/2001,22.56,47.91,8.16,3.58,0,30.99,96.6
5/25/2001,25.21,38.45,7.18,3.01,0,31.26,96.35
5/26/2001,28.2,30.54,5.85,2.6,0,30.96,96.09
5/27/2001,32.02,18.3,2.36,2.06,0,29.49,96.2
5/28/2001,33.71,16.08,2.75,2.6,0,25.56,96.48
5/29/2001,32.91,20.17,4.97,3.1,0,27.58,96.43
5/30/2001,28.37,22.41,2.18,2.96,0,31.23,96.26
5/31/2001,28.73,17,-1.84,2.38,0,31.17,96.28
6/1/2001,30.84,13.52,-2.33,2.98,0,30.24,96.44
6/2/2001,31.51,13.68,-2.43,2.73,0,30.83,96.55
6/3/2001,30.15,23.87,3.02,2.75,0,31.26,96.69
6/4/2001,29.65,29.99,7.84,3.02,0,29.96,96.79
6/5/2001,30.32,29.51,7.93,3.1,0.03,28.94,96.67
6/6/2001,33.01,24.94,6.57,2.51,0,28.46,96.4
6/7/2001,32.09,27.41,8.38,1.58,0.04,27.5,96.22
6/8/2001,28.29,38.62,11.72,3.35,0.02,29.17,96.25
6/9/2001,24.72,43.9,9.28,3.47,0,31.61,96.41
6/10/2001,21.91,54.27,11.31,4.18,0.08,30.34,96.47
6/11/2001,22.24,45.03,6.16,4.87,0,31.76,96.3
6/12/2001,24.13,45.38,8.27,2.65,0.02,31.18,96.23
6/13/2001,27.32,38.83,9.3,3.11,0,30.78,96.29
6/14/2001,27.87,37.67,9.52,3.2,0,31.34,96.32
6/15/2001,25.66,44.75,11.41,4.02,0,30.92,96.59
6/16/2001,23.15,45.13,8.6,4.91,0,31.78,96.67
6/17/2001,23.51,44.56,8.4,5.14,0,31.81,96.43
6/18/2001,26.1,41.11,9.12,3.23,0,32.06,96.01
6/19/2001,25.91,41.17,9.46,3.22,0,31.21,96.14
6/20/2001,26.6,38.26,9.17,2.79,0,31.8,96.36
6/21/2001,27.41,42.42,10.81,3.19,0,30.69,96.31
6/22/2001,27.87,40.77,11.66,3.37,0,27.41,96.18
6/23/2001,28.67,39.48,11.18,3.43,0,27.85,96.12
6/24/2001,26.99,46.16,12.25,3.15,0,28.68,96.53
6/25/2001,27.77,46.52,12.91,2.89,0,27.07,96.81
6/26/2001,26.08,48.36,12.97,3.6,0,28.26,96.9
6/27/2001,23.91,48.15,9.73,4.72,0,31.75,96.86
6/28/2001,24.84,45.55,9.41,4.65,0,31.84,96.6
6/29/2001,25.86,44.57,9.89,3.01,0,31.19,96.5
6/30/2001,28.21,44.81,11.24,2.22,0,29.01,96.49
7/1/2001,30.1,31.92,8.22,2.31,0,27.25,96.6
7/2/2001,28.72,32.99,8.24,2.79,0,29.6,96.85
7/3/2001,25.98,49.93,12.1,3.54,0,30.25,96.62
7/4/2001,24.64,52.4,12.54,4.3,0,30.28,96.15
7/5/2001,22.93,52.32,11.38,4.26,0,28.52,96.2
7/6/2001,22.79,48.39,9.56,3.28,0,31.08,96.5
7/7/2001,24.13,46.28,9.7,3.12,0,28.29,96.67
7/8/2001,24.49,52.15,12.02,3.82,0,31.06,96.69
7/9/2001,23.77,48.52,10.31,4.2,0,31.18,96.5
7/10/2001,26.13,44.65,9.94,3.51,0,31.27,96.28
7/11/2001,29.22,40.55,11.44,2.6,0,29.59,96.53
7/12/2001,31.29,31.4,10.04,2.28,0,29.04,96.63
7/13/2001,32.47,26.89,8.27,2.8,0,29.04,96.44
7/14/2001,28.13,39.7,9.99,3.78,0,28.71,96.44
7/15/2001,25.94,45.19,10.71,4.13,0,30.34,96.47
7/16/2001,26.4,43.94,10.12,4.2,0,29.15,96.34
7/17/2001,27.94,35.49,7.93,3.57,0,28.56,96.42
7/18/2001,26.05,46.12,11.16,4.35,0,29.19,96.48
7/19/2001,23.46,45.65,8.42,5.37,0,30.24,96.44
7/20/2001,26.22,37.77,6.79,3.9,0,26.93,96.1
7/21/2001,31.78,30.35,8.96,2.49,0,25.14,95.97
7/22/2001,32.27,33.97,11.44,2.58,0,26.06,96.1
7/23/2001,29.87,40.23,13.59,2.96,0,26.53,96.3
7/24/2001,28.22,43.25,12.42,3.1,0,26.23,96.46
7/25/2001,28.61,37.26,9.47,3.17,0,28.29,96.47
7/26/2001,27.81,39.01,9.62,2.97,0,28.35,96.48
7/27/2001,27.23,41.73,11.05,3.51,0,26.98,96.44
7/28/2001,25.72,47.74,11.93,3.59,0,26.77,96.5
7/29/2001,24.17,53.56,12.66,3.74,0,27.97,96.44
7/30/2001,24.12,50.98,11.15,3.78,0,29.73,96.43
7/31/2001,26.59,44.22,11.25,3.2,0,27.51,96.42
8/1/2001,30.32,35.27,12.08,2.58,0,23.23,96.7
8/2/2001,28.36,43.87,13.65,3.18,0,25.44,96.63
8/3/2001,27.56,46.95,13.17,3.99,0,27.59,96.46
8/4/2001,30.82,37.21,11.6,3.53,0,26.9,96.45
8/5/2001,33.43,25.37,8.94,2.91,0,24.96,96.57
8/6/2001,33.58,23.2,6.73,2.43,0,24.97,96.65
8/7/2001,31.32,28.83,8.1,2.5,0,28.07,96.52
8/8/2001,29.46,34.97,9.54,3.07,0,29.12,96.36
8/9/2001,27.89,42.74,12.08,3.68,0,27.25,96.44
8/10/2001,29.14,42.06,12.98,3.42,0,24.56,96.54
8/11/2001,30.42,39.03,12.54,3.24,0.02,23.3,96.58
8/12/2001,31.67,40.69,14.36,2.15,0,21.9,96.48
8/13/2001,28,50.58,15.11,3.39,0,26.4,96.34
8/14/2001,27.36,51.84,15.07,3.84,0,25.31,96.29
8/15/2001,26.75,47.28,12.26,3.32,0,27.38,96.67
8/16/2001,25.96,49.14,12.32,3.79,0,27.93,96.76
8/17/2001,24.31,52.19,12.42,4.53,0,28.16,96.61
8/18/2001,23.52,52.89,11.72,4.71,0,27.79,96.35
8/19/2001,25.16,56.02,14.12,4.47,0,27.94,96.27
8/20/2001,26.35,48.9,12.13,3.54,0,27.96,96.31
8/21/2001,28.04,45.56,13.01,2.85,0,24.86,96.52
8/22/2001,29.86,39.32,12.03,2.4,0,22.85,96.58
8/23/2001,29.9,38.6,12.31,2.44,0.41,26.5,96.42
8/24/2001,28.17,45.7,14.43,3.12,1.64,22.77,96.26
8/25/2001,26.21,58.95,16.48,3.58,4.58,22.27,96.32
8/26/2001,25.67,53.44,13.57,2.94,0,27.3,96.39
8/27/2001,25.75,50.62,12.25,2.97,0,26.87,96.4
8/28/2001,25.59,52.97,13.35,2.78,0,25.39,96.51
8/29/2001,26.29,52.38,13.98,2.68,0,25.58,96.57
8/30/2001,24.8,54.31,12.72,3.21,0,27.34,96.61
8/31/2001,24.13,55.36,12.59,3.49,0.12,26.95,96.42
9/1/2001,24.47,58.31,13.92,3.69,0.03,26.2,96.19
9/2/2001,23.98,57.54,13.73,3.3,0.11,23.63,96.06
9/3/2001,23.87,59,14.13,3.48,0,25.73,96.14
9/4/2001,25.7,55.89,14.13,2.89,0,25.39,96.47
9/5/2001,25.64,54.6,13.46,2.65,0,22.04,96.66
9/6/2001,24.54,56.84,13.74,3.07,0,24.71,96.57
9/7/2001,24.8,53.69,12.73,2.94,0,25.62,96.4
9/8/2001,25.42,52.72,12.29,2.42,0,25.36,96.33
9/9/2001,25.5,54.98,13.64,2.38,0,24.96,96.44
9/10/2001,24.42,53.02,12.02,2.2,0,24.5,96.53
9/11/2001,24.73,51.06,11.5,2.38,0,24.09,96.63
9/12/2001,23.82,52.27,11.19,3.29,0,24.74,96.73
9/13/2001,22.62,61.26,13.45,3.6,0,24.64,96.62
9/14/2001,22.55,60.58,13.61,3.82,0,21.02,96.21
9/15/2001,23.96,60.95,14.45,3.22,0,23.83,96.06
9/16/2001,24.33,62.82,15.09,2.89,0,22.67,96.54
9/17/2001,23.66,61.45,14.3,2.58,0.03,21.62,96.41
9/18/2001,22.94,64.85,14.89,2.78,0.31,18.88,96.17
9/19/2001,22.72,62.84,13.84,2.97,0.35,21.23,96.15
9/20/2001,22.55,58.66,12.57,2.32,0.2,23.11,96.27
9/21/2001,21.73,66.4,14.23,3.72,0.9,21.18,96.35
9/22/2001,21.96,68.37,15.35,5.2,1.75,16.15,96.2
9/23/2001,20.97,63.56,12.74,2.79,0.09,23.27,96.45
9/24/2001,21.52,59.36,11.72,2.6,0,23.02,96.61
9/25/2001,21.42,60.71,12.2,3.07,0,22.54,96.68
9/26/2001,21.19,60.07,11.98,2.41,0,21.47,96.6
9/27/2001,20.95,57.71,10.87,1.91,0,22.86,96.45
9/28/2001,21.23,58.66,12.17,3.49,0.17,21.2,96.43
9/29/2001,21.45,64.97,13.31,2.12,0.36,20.65,96.54
9/30/2001,23.06,65.68,15.17,2.17,0.31,20.64,96.66
10/1/2001,24.88,56.02,12.81,2.42,0,22.22,96.63
10/2/2001,25.75,50.15,12.06,2.45,0,21.37,96.47
10/3/2001,24.39,57.03,13.59,3.16,0,18.04,96.33
10/4/2001,24.3,60.41,14.6,2.9,0,19.23,96.34
10/5/2001,23.15,65.05,15.17,2.85,0,13.34,96.65
10/6/2001,21.85,62.52,13.18,2.25,0,17.28,96.83
10/7/2001,22.53,60.28,13.67,2.89,0,21.29,96.79
10/8/2001,20.99,61.59,11.99,3.96,0,20.94,96.54
10/9/2001,19.54,62.5,11.43,4.14,0.27,19.07,96.41
10/10/2001,16.9,58.53,7.79,2.31,0.26,18.8,96.08
10/11/2001,18.16,51.51,6.63,3.25,0.36,16.26,96.2
10/12/2001,19.1,56.51,8.72,3.21,0.06,19.67,96.73
10/13/2001,20.15,56.62,9.16,1.97,0,21.12,96.93
10/14/2001,22.32,42.7,5.65,2.06,0,18.06,96.85
10/15/2001,22.76,52.44,11.34,2.2,0,15.37,96.85
10/16/2001,24.59,42.53,9.99,1.47,0,11.99,96.79
10/17/2001,24.77,43.54,10.12,2.91,0,13.98,96.69
10/18/2001,23.29,50.38,10.83,2.74,0,17.72,96.59
10/19/2001,21.89,54.98,11.13,4.41,0.01,17.96,96.31
10/20/2001,20.46,66.86,13.14,3.29,0.01,19.43,96.48
10/21/2001,20.95,61.08,10.99,1.84,0,18.91,96.56
10/22/2001,21.76,60.5,12.9,2.11,0,16.88,96.63
10/23/2001,24.98,44.89,10.34,1.93,0,16.03,96.86
10/24/2001,25.8,35.38,7.24,1.72,0,15.44,97.05
10/25/2001,26.33,29.33,4.76,1.75,0,17.1,96.92
10/26/2001,24.29,39.35,8.35,2.48,0,15.16,96.93
10/27/2001,25.98,34.69,7.41,2.88,0,12.37,96.7
10/28/2001,26.64,18.84,-0.47,3.19,0,10.23,96.58
10/29/2001,26.02,18.45,-1.07,3.36,0,15.15,96.79
10/30/2001,25.58,16.7,-2.06,2.77,0,13.81,96.73
10/31/2001,23.68,19.2,-1.48,1.99,0,10.84,96.74
11/1/2001,22.85,26.33,1.24,2.69,0,16.67,96.84
11/2/2001,23.72,24.54,1.34,1.74,0,11.49,96.95
11/3/2001,21.87,36.93,5.8,2.59,0.19,4.87,97.04
11/4/2001,21.34,52.16,9.95,2.67,1.39,8.66,96.71
11/5/2001,19.59,59.3,10.56,1.7,0.35,8.89,96.58
11/6/2001,21,42.96,6.07,2.79,0.09,14.25,96.42
11/7/2001,21.24,40.07,4.69,2.47,0,14.74,96.61
11/8/2001,22.49,47.21,9.68,2.26,0.01,10.68,96.71
11/9/2001,17.16,66.94,10.43,4.23,1.94,11.21,96.35
11/10/2001,10.34,48.7,-0.48,4.54,0.87,14.21,96.23
11/11/2001,8.93,59.81,0.92,1.14,0.45,12.95,96.4
11/12/2001,11.16,57.07,2.79,1.52,0.03,16.36,97.05
11/13/2001,13.51,60.35,5.25,1.74,0.01,16.08,96.82
11/14/2001,12.92,66.04,5.67,3.04,0,16.15,96.47
11/15/2001,10.7,61.38,2.07,2.84,0,16.3,96.5
11/16/2001,9.41,57.99,0.17,2.06,0,16.23,96.68
11/17/2001,10.86,61.27,2.7,1.8,0,16.1,96.84
11/18/2001,13.88,56.87,4.46,2.22,0,12.41,96.7
11/19/2001,16.93,55.78,7.02,2.06,0,10.85,96.52
11/20/2001,16.48,59.76,7.74,2.61,0,10.17,96.34
11/21/2001,18.14,60,8.95,1.38,0.55,6.19,96.17
11/22/2001,17.78,60.01,8.86,1.44,0.26,6.65,96.09
11/23/2001,15.9,70.57,9.76,1.23,0.27,10.91,96.09
11/24/2001,17.14,53.88,6.35,1.44,0.04,12.78,96.28
11/25/2001,15.91,58.82,6.89,1.88,0.01,13.5,96.5
11/26/2001,14.59,66.54,7.41,1.31,0.01,14.45,96.56
11/27/2001,12.25,82.06,9.04,1.67,5.3,8.05,96.53
11/28/2001,13.7,72.63,7.9,2.81,1.06,14.42,96.92
11/29/2001,14.17,56.45,4.28,1.64,0,14.37,97.15
11/30/2001,15.17,49.25,3.53,1.72,0,14.14,97.17
12/1/2001,15.15,50.42,3.34,1.82,0,13.8,96.95
12/2/2001,15.84,41.87,1.78,1.37,0,13.52,96.58
12/3/2001,15.14,51.82,4.36,1.54,0,12.69,96.77
12/4/2001,15.2,40.96,0.6,1.52,0,11.97,97.13
12/5/2001,15.52,41.41,1.71,1.59,0,6.9,97.31
12/6/2001,16.07,44.68,3.14,1.24,0,11.4,97.32
12/7/2001,16.44,49.88,5.05,1.38,0,12.53,96.96
12/8/2001,16.04,42.38,2.26,1.86,0,12.54,96.51
12/9/2001,16.49,46.16,4.27,2.39,3.49,5.84,96.45
12/10/2001,15.83,61.92,8.31,2.35,2.8,9.22,96.68
12/11/2001,15.04,68.77,9.07,3.34,18.79,4.53,96.56
12/12/2001,13.63,79.98,9.89,3.27,2.57,9.69,96.38
12/13/2001,13.14,73.95,8.14,1.39,0.11,12.27,96.63
12/14/2001,14.13,68.3,7.92,1.06,0,12.66,96.66
12/15/2001,14.81,66.28,7.73,1.21,0,12.83,96.64
12/16/2001,15.03,63.95,7.92,1.72,0.16,11.65,96.52
12/17/2001,14.74,77.36,10.62,3.4,15.97,10.06,96.3
12/18/2001,14.2,81.38,10.76,3.61,7.19,9.39,96.28
12/19/2001,13.08,76.8,8.64,0.98,0.35,12.98,96.47
12/20/2001,13.6,60.1,5.56,1.48,0,12.07,96.37
12/21/2001,16.23,51.4,5.43,2.46,0,10.67,96.2
12/22/2001,16.53,53.87,6.36,2.46,0,10.44,96.21
12/23/2001,16.69,70.04,11.05,4.28,7.39,5.49,96.03
12/24/2001,16.44,81.86,13.08,3.78,14.42,7.58,96.03
12/25/2001,14.73,83.91,11.78,3.22,5.25,10.21,96.48
12/26/2001,13.67,81.36,10.22,1.21,0.35,9.91,96.68
12/27/2001,11.5,72.79,6.2,2.39,0,13.14,96.87
12/28/2001,14.94,52.23,4.57,1.68,0,13.13,97.05
12/29/2001,16.79,55.88,7.32,1.84,0,9.88,96.9
12/30/2001,16.08,60.45,8.06,1.16,0,9.44,96.44
12/31/2001,15.54,51.74,5.41,1.92,0,5.97,96.26
1/1/2002,15.71,42.51,2.53,2.48,0.19,4.67,96.4
1/2/2002,14.92,53.91,4.42,2.01,0,12.78,96.86
1/3/2002,14.51,67.72,7.99,1.45,0,11.52,97.03
1/4/2002,14.71,58.6,5.77,1.44,0,13.27,96.74
1/5/2002,15.14,45.24,3.07,1.93,0,7.87,96.57
1/6/2002,14.18,65.26,6.91,2.95,0,10.6,96.67
1/7/2002,12.63,63.37,5.22,2.12,0,12.89,96.51
1/8/2002,11.9,59.63,3.56,1.6,0,13.63,96.66
1/9/2002,13.85,50.39,3.1,1.63,0,8.35,97.08
1/10/2002,15.45,50.9,4.91,2.06,0,8.17,97.47
1/11/2002,14.94,61.11,7.06,1.31,0.08,4.45,97.68
1/12/2002,15.52,51.81,4.84,1.39,0,8.14,97.59
1/13/2002,15.81,56.99,6.34,1.54,0,13.91,97.56
1/14/2002,15.02,63.53,7.25,1.7,0,13.69,97.37
1/15/2002,12.41,73.17,7.05,1.83,0,14.15,97.15
1/16/2002,11.43,69.87,5.25,2.15,0,14.54,97.04
1/17/2002,10.37,71.24,4.65,1.36,0,14.29,97
1/18/2002,11.17,71.51,5.32,1.73,0,14.6,97.21
1/19/2002,11.71,71.21,6.07,1.85,0,14.96,97.18
1/20/2002,12.52,56.18,3.04,1.83,0,10.46,97.41
1/21/2002,12.61,49.87,1.25,2.04,0,14.07,97.58
1/22/2002,13.12,48.2,1.17,1.63,0,15.13,97.46
1/23/2002,12.47,49.28,0.18,2.33,0,15.27,97.31
1/24/2002,13.43,47.95,1.06,1.39,0,15.15,97.33
1/25/2002,14.67,49.39,3.05,1.68,0,15.48,97.5
1/26/2002,14.53,49.42,2.43,1.33,0,15.54,97.53
1/27/2002,16.73,38.72,1.01,1.3,0,15.91,97.42
1/28/2002,16.56,41.43,2.23,1.55,0,13.85,97.38
1/29/2002,15.05,44.38,2.07,1.91,0,12.12,97.44
1/30/2002,13.66,46.28,0.63,1.99,0,14.41,97.55
1/31/2002,13.53,49.45,1.52,2.34,0,15.9,97.59
2/1/2002,15.45,38.11,-1.09,1.62,0,15.25,97.35
2/2/2002,16.22,33.1,-1.56,1.95,0,14.63,97.26
2/3/2002,14.9,49.05,2.1,2.11,0,15.53,97.41
2/4/2002,14.48,61.66,6.01,2.2,0,16.4,97.55
2/5/2002,14.65,65.14,6.98,2.33,0,16.81,97.55
2/6/2002,13.96,72.84,8.42,3.08,0.01,16.33,97.5
2/7/2002,12.36,62.64,4.04,4.05,0,16.56,97.38
2/8/2002,14.89,55.37,4.71,1.65,0,17.32,97.13
2/9/2002,16.15,52.54,5.09,2.46,0,16.89,97.24
2/10/2002,16.01,55.57,5.62,1.4,0,16.55,97.29
2/11/2002,16.24,52.69,5.21,1.09,0,17.46,97.06
2/12/2002,16.45,40.02,0.35,2,0,16.28,96.98
2/13/2002,17.09,31.38,-1.84,1.54,0,17.65,96.77
2/14/2002,15.16,52.92,4.82,3.06,0,16.58,96.62
2/15/2002,13.83,69.88,7.38,1.48,0,18.3,96.52
2/16/2002,14.74,70.05,8.37,2.81,3.74,15.51,96.03
2/17/2002,13.04,71.08,6.82,3.98,1.65,14.69,96.19
2/18/2002,13,79.42,8.99,2.62,1.22,12.84,96.55
2/19/2002,13.58,69.72,6.95,2.44,0.07,15.86,96.96
2/20/2002,13.01,65.66,5.1,2.4,0,18.65,97.18
2/21/2002,12.47,58.38,2.76,2.44,0,19.81,97.07
2/22/2002,14.43,50.94,1.65,2.2,0,19.78,96.84
2/23/2002,15.46,52.59,4.12,1.67,0,19.5,96.86
2/24/2002,16.45,43.9,2,1.56,0,19.8,97.05
2/25/2002,16.62,38.76,-0.17,1.66,0,20.29,96.98
2/26/2002,16.89,33.32,-2.01,1.49,0,20.69,96.95
2/27/2002,16.06,48.41,3.23,2,0,17.74,96.93
2/28/2002,15.09,68.53,7.96,2.24,0,17.54,96.59
3/1/2002,12.64,76.99,7.96,2.58,5.56,19.03,96.18
3/2/2002,12.46,63.3,4.21,2.31,0.67,21.16,95.95
3/3/2002,11.91,65.36,5.07,4.13,2.49,13.63,95.95
3/4/2002,10.46,78.39,6.59,3.28,8.39,14.37,96.09
3/5/2002,10.58,76.29,6.19,3.57,6.43,16.77,96.39
3/6/2002,11.24,76.45,6.56,2.03,0.32,15.43,96.69
3/7/2002,12.11,69.75,5.82,2.2,0.02,17.53,96.62
3/8/2002,12.15,66.55,4.44,2.67,0,21.85,96.56
3/9/2002,13.24,55.62,2.6,1.65,0,22.69,96.71
3/10/2002,15.97,46.22,3.19,1.93,0,22.26,96.72
3/11/2002,18.18,36.24,0.74,2.56,0,22.3,96.36
3/12/2002,16.78,49.56,4.32,3.45,0.38,18.61,96.07
3/13/2002,12.75,67.26,5.67,3.65,2.82,19.97,96.28
3/14/2002,11.94,70.06,5.99,2.78,1.02,21.91,96.59
3/15/2002,13.78,65.5,5.81,3.04,3.56,23.46,96.45
3/16/2002,9.82,83.54,7.06,3.84,18.29,15.69,96.62
3/17/2002,12.47,66.27,4.67,1.41,0,24.19,97
3/18/2002,15.04,56.22,4.64,1.82,0,24.08,97.07
3/19/2002,18.75,46.75,4.83,1.18,0,24.29,97.13
3/20/2002,20.78,42.91,5.6,1.95,0,24.2,97.27
3/21/2002,21.97,42.21,6.6,2.34,0,24.34,97.24
3/22/2002,22.8,37.96,5.21,1.61,0,24.92,96.97
3/23/2002,22.92,34.19,4.11,1.8,0,24.9,96.72
3/24/2002,22.7,34.82,3.59,1.74,0,23.39,96.45
3/25/2002,23.53,39.63,7.09,1.8,0,23.68,96.15
3/26/2002,24.09,35.89,5.66,1.61,0,23.82,95.96
3/27/2002,21.11,41.31,5.36,2.7,1.79,20.37,95.5
3/28/2002,15.71,74.32,10.76,3.57,13.63,14.58,95.5
3/29/2002,16.55,65.34,8.84,2.94,0.8,24.91,96.25
3/30/2002,20.84,46.99,5.8,2.73,0,24.06,96.18
3/31/2002,18.73,60.67,10.26,1.98,0.66,13.93,96.17
4/1/2002,15.07,75.39,10.4,2.51,9.33,10.34,95.75
4/2/2002,14.6,77.78,10.3,2.9,5.15,13.54,96.32
4/3/2002,14.09,76.05,9.64,3.24,5.25,21.5,96.85
4/4/2002,14.41,66.21,7.13,3.29,0.02,23.98,96.6
4/5/2002,15.93,66.99,8.27,2.51,0.04,25.77,96
4/6/2002,14.16,74.13,9.08,3.68,2.12,14.54,95.69
4/7/2002,12.09,73.53,7.03,3.96,3.39,18.3,95.5
4/8/2002,14.24,62.28,6.09,3.09,0.88,24.43,95.65
4/9/2002,16.11,66.3,8.98,2.53,2.15,24.19,95.77
4/10/2002,15.74,63.52,7.31,2.7,0.55,18.63,95.24
4/11/2002,12.25,77.08,8.16,4.63,5.52,14.6,95.01
4/12/2002,12.18,71.44,6.4,3.28,1.1,17.44,95.68
4/13/2002,12.11,77.34,7.75,2.4,1.36,16.49,95.89
4/14/2002,13,68.87,6.39,2.45,0.53,19.92,96.4
4/15/2002,13.83,66.02,6.35,2.6,0,24.54,96.44
4/16/2002,14.7,68.16,7.62,3.07,0,22.8,96.33
4/17/2002,14.3,74.42,9.34,3.15,0.2,8.94,96.49
4/18/2002,14.39,72.38,8.97,3.54,0.28,8.84,96.58
4/19/2002,16.87,65.68,8.96,3.71,0.06,26.06,96.6
4/20/2002,20.92,51.57,7.86,1.95,0.02,25.76,96.63
4/21/2002,23.76,39.86,7.51,2.16,0,22.5,96.73
4/22/2002,24.21,39.64,7.67,1.76,0.27,23.77,96.75
4/23/2002,24.63,36.76,7.04,1.96,0,26.38,96.77
4/24/2002,22.92,39.13,5.37,2.32,0,25.35,96.81
4/25/2002,23.4,36.43,5.65,2.29,0,26.31,96.86
4/26/2002,22.75,41.6,6.76,2.17,0,26.61,96.7
4/27/2002,23.71,43.01,8.11,1.98,0,26.13,96.48
4/28/2002,22.92,49.16,9.92,1.9,0,23.89,96.36
4/29/2002,22.47,53.44,11.11,2.31,0.05,24.79,96.33
4/30/2002,20.61,58.4,10.57,2.47,0.11,14.96,96.26
5/1/2002,18.94,65.58,11.48,3.84,0.04,21.67,96.44
5/2/2002,17.36,58.97,8.26,4.17,0,26.5,96.36
5/3/2002,16.42,55.63,5.76,5.06,0,29.71,96.26
5/4/2002,17.45,47.36,2.58,4.38,0,29.8,96.31
5/5/2002,16.89,56.17,5.77,3.66,0.12,27.88,96.05
5/6/2002,14.98,69.43,8.66,3.19,4.33,11.78,95.67
5/7/2002,13.72,67.74,6.99,3.41,1.92,20.86,95.92
5/8/2002,14.17,62.98,5.9,2.66,0.32,25.92,96.25
5/9/2002,14.77,68.21,8.15,2.65,1.45,20.33,96.66
5/10/2002,15.52,67.26,8.58,2.81,2.03,25.59,97.04
5/11/2002,17.34,62.68,8.28,2.42,0,30.58,96.85
5/12/2002,19.85,58.45,9.45,2.34,0,30.38,96.6
5/13/2002,21.74,52.79,9.5,2.37,0,30.4,96.7
5/14/2002,26.07,39.73,7.94,2.13,0,25.74,96.7
5/15/2002,28.79,28.37,6.06,2.08,0,19.79,96.58
5/16/2002,26.81,31.83,5.54,3.77,0,28.22,96.52
5/17/2002,20.72,57.63,10.74,3.66,0,30.14,96.79
5/18/2002,19.8,50.94,7.02,5.07,0,30.86,96.71
5/19/2002,21.81,44.41,6.7,3.7,0,29.47,96.27
5/20/2002,21.16,55.93,10.24,3.06,0,29.63,96.06
5/21/2002,21.61,54.58,9.94,3.86,0,29.41,95.98
5/22/2002,19.8,61.36,10.74,3.33,0.02,29.59,96.22
5/23/2002,19.74,52.71,8.22,5.07,0,26.1,96.63
5/24/2002,21.15,45.81,6.47,3.96,0,30.39,96.56
5/25/2002,21.78,52.26,9.25,3.94,0,30.77,96.69
5/26/2002,21.02,52.61,8.82,4.48,0,28.68,96.62
5/27/2002,19.98,53.02,7.82,4.83,0,31.54,96.39
5/28/2002,19.88,55.59,8.96,4.24,0,30.99,96.18
5/29/2002,21.1,56.43,10.51,3.61,0,30.17,96.09
5/30/2002,21.94,58.63,12.21,2.94,0.01,29.77,96.24
5/31/2002,21.97,63.67,13.75,2.83,0.02,26.57,96.39
6/1/2002,21.79,62.84,13.28,3.09,0.02,25.94,96.46
6/2/2002,21.53,63.18,13.25,3.6,0.03,15.47,96.58
6/3/2002,20.21,61.2,11.66,3.79,0.01,14.8,96.51
6/4/2002,19.41,56.95,8.94,2.82,0,31.27,96.49
6/5/2002,19.1,61.96,10.18,3.37,0,27.67,96.32
6/6/2002,19.07,55.57,8.36,4.15,0,24.72,96.57
6/7/2002,20.71,53.49,8.94,4.35,0,31.5,96.68
6/8/2002,20.39,52.89,8.67,4.69,0,31.57,96.8
6/9/2002,20.47,50.85,8.03,5.09,0,30.75,96.56
6/10/2002,24.3,45.22,8.67,3.26,0,30.94,96.37
6/11/2002,29.7,27.27,4.83,2.38,0,29.86,96.19
6/12/2002,25.9,45.51,11.3,2.96,0,30.43,96.3
6/13/2002,23.37,57.03,12.88,3.25,0,29.02,96.36
6/14/2002,23.35,56.14,12.48,2.8,0,30.55,96.35
6/15/2002,25.54,52.36,12.3,3.14,0.01,30.57,96.26
6/16/2002,28.74,40.31,9.35,2.51,0,30.23,96.28
6/17/2002,29.28,35.96,10.13,2.62,0,31.03,96.51
6/18/2002,25.25,48.5,11.37,2.95,0,30.72,96.72
6/19/2002,23.02,57.5,12.97,3.67,0.04,29.98,96.63
6/20/2002,24.59,52.54,12.39,3.65,0,30.74,96.59
6/21/2002,30.27,34.7,9.54,2.31,0,28.28,96.74
6/22/2002,34.22,20.58,5.66,2.68,0,27.13,96.73
6/23/2002,31.5,25.49,5.7,3.66,0,28.89,96.7
6/24/2002,24.06,48,10.57,4.1,0,30.98,96.71
6/25/2002,20.8,53.02,9.53,4.14,0,30.63,96.52
6/26/2002,23.36,49.81,10.25,3.97,0,31.68,96.47
6/27/2002,25.45,44.23,10.94,3.52,0,29.06,96.4
6/28/2002,25.77,51.18,12.93,3.29,0,28.07,96.66
6/29/2002,24.45,55.13,13.17,3.24,0,27.33,96.88
6/30/2002,22.01,56.8,11.69,3.57,0,23.96,96.7
7/1/2002,21.78,50.02,9.28,3.69,0,26.58,96.34
7/2/2002,23.64,49.11,9.67,3.98,0,30.08,96.18
7/3/2002,25.85,46.9,11.02,4.03,0,29.96,96.32
7/4/2002,26.53,45.46,11.76,3.62,0,30.12,96.49
7/5/2002,26.24,45.55,11.24,3.68,0,30.61,96.42
7/6/2002,26.28,45.9,10.81,3.98,0,29.99,96.32
7/7/2002,25.13,51.7,12.9,3.52,0.04,30.17,96.32
7/8/2002,24.42,50.84,11.67,4.06,0.04,29.66,96.41
7/9/2002,24.05,55.48,12.74,4.43,0.12,30.28,96.47
7/10/2002,24.15,51.57,11.38,4.56,0.02,29.87,96.44
7/11/2002,24.79,54,13.38,4.16,0.03,30.66,96.53
7/12/2002,26.52,42.94,9.68,2.83,0,30.39,96.72
7/13/2002,26.68,39.46,8.92,3.71,0,30.61,96.68
7/14/2002,26.77,41.77,9.33,3.18,0,30.28,96.32
7/15/2002,28.1,38.57,10.15,3.06,0,29.72,95.9
7/16/2002,29.22,34.87,9.7,2.73,0,29.44,95.76
7/17/2002,27.92,40.91,11.73,2.93,0,28.82,96.03
7/18/2002,26.76,47.34,13.3,2.96,0,29.05,96.2
7/19/2002,25.77,48.98,11.93,2.7,0,30.39,96.35
7/20/2002,25.68,45.1,11.3,3.02,0,28.69,96.5
7/21/2002,25.4,50.83,11.49,3.56,0,27.47,96.56
7/22/2002,25.87,47.5,11.46,3.53,0,28.01,96.68
7/23/2002,26.81,44.79,11.11,3.5,0,28.68,96.68
7/24/2002,27.95,38.57,8.33,3.31,0,30.09,96.6
7/25/2002,27.72,37.94,9.29,3.01,0,29.93,96.48
7/26/2002,28.07,40.85,11.06,3.17,0,29.31,96.14
7/27/2002,29.49,44.15,13.49,3.06,0,27.16,96
7/28/2002,33.79,28.87,9.7,3.26,0,22.36,96.06
7/29/2002,32.88,30.59,12.29,2.86,0,19.68,96.43
7/30/2002,28.52,40.54,11.38,3.47,0,27.34,96.47
7/31/2002,24.48,49.96,11.21,3.23,0,29.26,96.16
8/1/2002,24.05,52.69,12.22,3.63,0,28.16,96
8/2/2002,23.06,54.6,12,3.49,0,26.17,96.34
8/3/2002,23.97,53.03,11.95,3.36,0,28.3,96.41
8/4/2002,27.62,48.57,13.36,2.97,0.01,24.41,96.32
8/5/2002,28.98,46.35,15.36,3.23,0.34,25.35,96.47
8/6/2002,28.31,46.26,14.45,3.83,0.01,26.38,96.64
8/7/2002,26.64,50.66,14.18,3.87,0.01,26.41,96.51
8/8/2002,25.28,46.5,10.54,2.84,0.17,27.95,96.39
8/9/2002,24.95,43.32,8.93,2.89,0,28.8,96.44
8/10/2002,24.26,52.67,11.42,4.22,0.01,28.88,96.49
8/11/2002,25.61,55.89,14.3,4.96,0.03,28.46,96.32
8/12/2002,27.28,52.4,14.04,3.91,0,27.75,96.17
8/13/2002,25.2,59.25,15.36,3.32,0.02,27.08,96.42
8/14/2002,24.35,55.82,12.62,2.98,0,27.07,96.7
8/15/2002,24.16,54.22,12.31,2.82,0.01,28.63,96.69
8/16/2002,25.56,50.76,11.68,3.78,0,28.5,96.43
8/17/2002,25.33,55.71,13.83,3.26,0.02,27.76,96.2
8/18/2002,25.41,51.68,12.6,2.96,0.04,27.97,96.19
8/19/2002,25.81,51.91,13.07,3.29,0,27.49,96.32
8/20/2002,26.83,46.75,12.1,2.82,0,24.19,96.46
8/21/2002,25.94,45.4,10.76,2.78,0,26.9,96.42
8/22/2002,25.18,51.74,12.17,3.38,0,27.37,96.26
8/23/2002,23.64,54.57,12.13,3.37,0,25.1,96.35
8/24/2002,23,54.58,11.69,3.12,0,27.68,96.51
8/25/2002,23.67,51.61,11.12,2.93,0,25.1,96.76
8/26/2002,24.26,45.14,8.66,2.77,0,26,96.84
8/27/2002,24.88,42.32,10,2.67,0,16.83,96.61
8/28/2002,25.35,48.77,12.07,3.38,0,24.43,96.35
8/29/2002,25.09,50,11.68,2.7,0,24.5,96.53
8/30/2002,25.08,44.6,10.24,1.77,0.62,21.73,96.74
8/31/2002,25.83,43.77,11.9,2.05,0.31,17.08,96.82
9/1/2002,28.84,35.29,11.42,2.33,0.49,16.54,96.53
9/2/2002,29.44,38.72,12.73,2.8,0,19.41,96.61
9/3/2002,25.25,54.12,14.67,2.77,0.07,14.25,96.89
9/4/2002,24.15,52.8,12.48,3.62,0,24.24,96.84
9/5/2002,23.83,50.85,10.56,3.16,0,25.17,96.82
9/6/2002,25.15,43.03,8.31,2.86,0,24.67,96.78
9/7/2002,26.19,40.71,9.35,2.14,0,22.51,96.55
9/8/2002,25.99,41.25,9.42,2.51,0,24.16,96.33
9/9/2002,24.48,43.08,7.75,1.92,0,24.3,96.53
9/10/2002,25.66,37.13,6.17,2.13,0,25.87,96.64
9/11/2002,24.7,50.25,10.26,2.5,0,26.1,96.56
9/12/2002,23.92,54.85,12.42,3.2,0,25.55,96.34
9/13/2002,23.08,60.24,13.68,2.82,0,24.07,96.23
9/14/2002,23.5,59.14,12.85,2.38,0,24.37,96.31
9/15/2002,24.84,55.37,12.89,2.83,0,23.05,96.24
9/16/2002,24.46,55.05,13.62,3.94,0,19.89,96.23
9/17/2002,22.75,63.2,13.7,3.72,0,24.08,96.27
9/18/2002,22.16,64.61,13.85,2.48,0,23.26,96.33
9/19/2002,24.21,57.15,13.45,2.6,0,23.59,96.36
9/20/2002,24.44,57.91,13.57,2.69,0,23.26,96.64
9/21/2002,22.52,58.82,12.44,2.65,0,23.31,96.84
9/22/2002,21.89,56.77,11.56,2.21,0,21.97,96.73
9/23/2002,22.14,58.06,12.09,2.43,0,23.6,96.5
9/24/2002,22.21,54.88,10.38,1.77,0,23.29,96.18
9/25/2002,22.32,63.25,13.14,2.67,0,23.01,96.32
9/26/2002,22.96,61.21,13.21,2.07,0,23.01,96.73
9/27/2002,24.42,50.85,11.68,1.74,0,22.06,96.74
9/28/2002,24.82,47.93,11.62,1.83,0,22.56,96.73
9/29/2002,24.67,53.85,13.06,2.28,0,22.18,96.72
9/30/2002,24.63,52.13,12.68,2.34,0,21.37,96.6
10/1/2002,21.94,64.71,14.75,2.18,1.15,10.28,96.55
10/2/2002,22.95,64.09,14.55,2.79,0.12,16.21,96.5
10/3/2002,25.22,47.91,10.19,2.09,0.01,20.43,96.6
10/4/2002,27.28,36.26,9.46,2.17,0.01,18.17,96.58
10/5/2002,27.17,35.06,8.91,2.41,0,19.95,96.72
10/6/2002,25.15,38.77,9.28,2.29,0,18.53,96.55
10/7/2002,26.89,36.34,9.43,2.53,0.01,17.49,96.23
10/8/2002,21.33,63.12,13.4,4.82,1.24,17.49,96.13
10/9/2002,19.37,69.03,12.83,3.85,2.43,14.23,96.21
10/10/2002,18.45,64.5,11.1,2.28,0.1,19.26,96.66
10/11/2002,20.32,60.06,11.79,2.75,0.67,20.67,96.92
10/12/2002,20.59,52.45,8.61,3.07,0,21.02,96.79
10/13/2002,21.52,53.71,10.04,2.08,0,21.03,96.48
10/14/2002,22.93,46.31,8.34,2.34,0,21.12,96.45
10/15/2002,22.97,50,9.64,1.79,0,20.37,96.57
10/16/2002,22.23,52.06,10.04,2.17,0,19.22,96.58
10/17/2002,21.48,64.82,13.56,2.2,0.14,18.13,96.53
10/18/2002,23.78,46.76,9.22,2.51,0,19.61,96.21
10/19/2002,27.03,24.32,3.66,2.94,0,16.97,96.08
10/20/2002,24.52,39.12,8.68,3.74,1.06,14.08,96.26
10/21/2002,21.12,64.96,13.72,2.94,14.14,13.59,96.69
10/22/2002,19.29,71.42,13.37,2.04,3.26,13.47,96.87
10/23/2002,18.2,68.44,11.28,3.54,0,18.8,96.87
10/24/2002,18.53,69.35,11.87,2.94,0,18.51,96.75
10/25/2002,21.06,48.72,7.58,2.11,0,18.62,96.7
10/26/2002,23.87,36.23,6.05,1.92,0,18.49,96.9
10/27/2002,24.33,32.66,5.2,1.69,0,18.1,96.97
10/28/2002,23.35,33.01,4.63,2.28,0,17.87,96.93
10/29/2002,22.79,35.66,4.95,2.17,0,17.23,96.9
10/30/2002,21.12,46.95,7.12,2.19,0,17.58,96.96
10/31/2002,18.55,71.06,12.72,1.68,0,16.35,97.06
11/1/2002,18.69,64.6,10.25,3.45,0,17.55,97.04
11/2/2002,18.88,51.42,7.04,2.02,0,17.78,97.08
11/3/2002,19.9,48.95,7.25,2.58,0,17.32,97.15
11/4/2002,20.23,62.9,11.89,3,0,16.34,97.03
11/5/2002,19.04,63.2,10.05,3.26,0,16.46,96.9
11/6/2002,19.09,57.02,8.86,2.9,0,16.78,96.96
11/7/2002,19.18,46.02,4.79,3.06,0,17.28,97.21
11/8/2002,18.15,28.66,-3.29,2.8,0,17.62,97.34
11/9/2002,18.32,18.36,-7.65,2.29,0,17.4,97.2
11/10/2002,19.6,19.19,-6.01,2.58,0,16.85,96.95
11/11/2002,19.4,30.11,-0.83,1.64,0,16,96.75
11/12/2002,17.91,44.1,4.21,1.89,0,13.58,96.78
11/13/2002,16.32,69.96,10.01,3.61,0.32,14.52,96.52
11/14/2002,16.68,76.02,12.12,7.29,29.18,10.49,95.53
11/15/2002,13.44,84.05,10.74,6.02,27.65,7.88,95.14
11/16/2002,12.56,79.65,8.97,3.69,5.48,11.64,95.94
11/17/2002,12.96,73.1,7.67,1.65,0.32,14.53,96.76
11/18/2002,12.84,67.92,6.39,1.56,0,15.5,96.84
11/19/2002,13.66,74.59,8.75,3.12,12.81,13.14,96.48
11/20/2002,14.71,80.21,10.88,2.61,0.74,14.7,96.55
11/21/2002,15.69,80.4,11.99,2.42,2.02,14.58,96.67
11/22/2002,15.08,83.37,11.94,1.72,1.15,10.16,96.45
11/23/2002,14.23,83.21,11.16,3.65,5.93,9.99,96.21
11/24/2002,14.43,77.71,10.4,6.03,19.63,7.76,95.83
11/25/2002,13.48,77.48,9.36,3.27,11.46,11.92,96.08
11/26/2002,14.54,69.64,8.34,1.3,0.1,13.61,96.67
11/27/2002,16.09,71.54,10.13,1.39,0,14.39,96.82
11/28/2002,15.41,80.7,11.85,2.35,0.45,11.08,97.15
11/29/2002,12.56,75.77,7.49,4.38,0.02,12.55,97.64
11/30/2002,11.69,78.44,7.42,3.65,0,14.48,97.87
12/1/2002,12.01,80.29,8.22,2.55,0,13.86,97.63
12/2/2002,13.3,82.46,10.03,2.53,0.03,13.56,97.15
12/3/2002,13.52,82.17,10.11,2.67,0,12.85,96.89
12/4/2002,13.47,73.6,8.06,2.83,0,13.75,96.85
12/5/2002,13.43,77.99,9.09,2.75,0.01,11.02,96.6
12/6/2002,11.24,72.19,5.99,2.69,0.01,13.27,96.29
12/7/2002,9.48,71.14,3.67,1.7,0,13.79,96.28
12/8/2002,9.68,72.9,4.4,1.57,0,13.38,96.44
12/9/2002,9.72,75.21,5.31,1.69,0.4,9.56,96.46
12/10/2002,10.86,88.32,9.04,2.23,7.8,6.77,96.29
12/11/2002,11.41,90.26,9.81,1.04,4.23,6.65,96.37
12/12/2002,13.63,75.42,9.01,1.61,0.04,12.83,96.57
12/13/2002,16.3,62.62,8.82,4.03,1.18,4.39,96.51
12/14/2002,14.39,90.13,12.78,1.01,6.01,7.35,97.15
12/15/2002,15.86,70.15,9.74,1.79,0.05,12.98,96.94
12/16/2002,18.93,60.32,10.57,3.51,0,6.98,96.63
12/17/2002,18.05,58.6,9.51,3.99,3.24,2.69,96.64
12/18/2002,15.22,74.93,10.72,2.06,1.86,3.24,96.62
12/19/2002,15.49,74.44,10.55,1.82,0.01,12.15,96.82
12/20/2002,14.72,75.29,9.74,1.7,0,13.23,97.05
12/21/2002,14.34,56.75,5.12,1.36,0,13.5,96.92
12/22/2002,17.04,51.4,6.01,1.92,0,12.28,96.74
12/23/2002,16.2,63.22,8.24,2.73,0,12.43,97.01
12/24/2002,15.05,68.05,8.59,1.37,0,13.48,97.39
12/25/2002,14.93,62.54,7.27,1.52,0,13.62,97.48
12/26/2002,14.76,58.26,5.57,2.44,0,13.74,97.09
12/27/2002,11.91,80.98,8.52,3.34,7.37,7.58,96.97
12/28/2002,11.32,81.19,7.78,2.37,0.33,12.96,97.22
12/29/2002,13.1,62.48,4.95,1.74,0,13.55,97.08
12/30/2002,12.68,76.87,8.37,1.48,0,12.63,97.4
12/31/2002,14.01,71.97,8.41,1.46,0,13.29,97.35
1/1/2003,15.86,62.22,7.77,1.19,0,12.38,97.25
1/2/2003,15.7,60.44,7.05,1.5,0,13.57,97.24
1/3/2003,15.16,54.46,5.29,1.54,0,13.02,97.12
1/4/2003,14,51.71,3.02,1.33,0,14.04,96.92
1/5/2003,11.98,81.48,8.66,2.03,2.92,12.81,96.63
1/6/2003,12.38,88.25,10.37,2.58,4.97,8.51,96.68
1/7/2003,11.88,81.74,8.39,1.57,0.18,13.97,96.89
1/8/2003,11.43,89.73,9.84,2.6,5.58,8.74,96.97
1/9/2003,10.88,88.52,8.93,2.88,6.66,9.62,96.8
1/10/2003,7.68,82.59,4.64,3.08,2.48,8.4,96.61
1/11/2003,7.15,74.25,2.23,1.66,0,13.82,96.74
1/12/2003,7.05,79.26,3.33,1.85,0.62,12.38,96.73
1/13/2003,7.15,71.26,1.54,3.05,0.12,13.3,97.07
1/14/2003,9.11,59.02,0.44,1.82,0.07,10.7,97.3
1/15/2003,7.53,59.6,-0.72,1.67,0,14.28,97.48
1/16/2003,7.2,58.6,-1.5,1.68,0,14.88,97.53
1/17/2003,7.32,62.88,-0.3,2.02,0,15.05,97.65
1/18/2003,9.94,51.27,-0.88,1.49,0,15.4,97.64
1/19/2003,10.16,63.75,2.56,1.98,0,15,97.55
1/20/2003,10.6,69.37,4.45,1.82,0,14.46,97.18
1/21/2003,12.51,79.08,8.61,2.53,0.76,11.78,96.87
1/22/2003,14.67,87.59,12.59,1.62,0.51,10.62,96.84
1/23/2003,13.72,84.37,10.99,2.88,0.08,14.68,97.15
1/24/2003,11.86,71.01,5.51,2.45,0,16,97.31
1/25/2003,11.05,59.96,1.81,2.44,0,16.22,97.57
1/26/2003,11.21,53.55,0.17,1.65,0,16.61,97.67
1/27/2003,11.82,56.85,2.41,1.63,0,16.18,97.41
1/28/2003,12.46,59.08,3.29,2.23,0,16.02,97.39
1/29/2003,11.51,65.92,4.51,1.5,0,15.32,97.03
1/30/2003,9.44,69.99,3.29,3.4,0,14.71,97.05
1/31/2003,7.83,75.6,3.23,2.83,0.05,16.64,97.03
2/1/2003,8.25,70.53,2.14,2.98,0,16.46,97.03
2/2/2003,10.09,57.99,0.85,1.41,0,15.57,97.25
2/3/2003,12.38,53.36,1.72,1.29,0,16.01,97.28
2/4/2003,11.7,56.4,2.15,1.34,0,12.91,97.06
2/5/2003,12.02,68.65,5.49,1.95,0.03,14.83,96.62
2/6/2003,11.78,77.68,7.45,1.86,0.06,13.78,96.72
2/7/2003,11.75,76.21,6.82,1.83,0,17.11,96.66
2/8/2003,10.92,78.17,6.74,2.46,0.01,12.56,96.6
2/9/2003,10.1,74.56,4.98,2.62,0.02,17.89,96.84
2/10/2003,11.29,61.24,2.45,1.98,0.01,18.28,97
2/11/2003,11.51,65,3.74,1.76,0,18.47,96.89
2/12/2003,14.11,57.24,3.99,1.55,0,18.31,96.8
2/13/2003,13.05,71.31,7.24,1.79,0.11,18.3,96.74
2/14/2003,11.4,80.93,7.9,2.76,0.97,8.57,96.59
2/15/2003,9.31,79.46,5.55,2.03,0.74,12.96,96.72
2/16/2003,8.07,69.26,1.86,1.98,0.01,18.3,97.1
2/17/2003,9.19,51.67,-1.86,1.5,0,19.08,97.23
2/18/2003,11.49,46.22,-1.84,1.7,0,18.88,96.84
2/19/2003,10.34,74.22,5.61,3.43,4.79,8.96,96.47
2/20/2003,11.32,77.76,6.95,1.29,0.41,14.49,96.31
2/21/2003,12.89,63.23,4.22,2.07,0,19.89,96.03
2/22/2003,13.99,67.32,7.44,1.45,0.05,19.42,96.55
2/23/2003,16.87,60.76,7.72,1.9,0,19.18,96.53
2/24/2003,13.82,63.95,6.28,2.48,0.76,13.12,96.19
2/25/2003,12.7,82.45,9.23,3.87,6.49,14.08,95.99
2/26/2003,13.76,80.31,9.94,2.6,0.57,17.98,96.5
2/27/2003,13.13,70.38,7.09,2.38,0.09,20.66,97.28
2/28/2003,15.42,49.12,2.52,2.83,0,20.58,97.35
3/1/2003,17.16,45.87,3.61,1.66,0,21.07,97.38
3/2/2003,17.33,49.73,4.39,1.4,0,21.44,97.43
3/3/2003,18.36,42.5,3.29,1.92,0,21.95,97.23
3/4/2003,18.97,44.06,4.31,2,0,21.77,96.84
3/5/2003,17.66,53.07,6.34,2.37,0,21.39,96.68
3/6/2003,17.67,57.7,7.04,1.55,0,21.6,96.65
3/7/2003,17.16,60.32,8.06,1.85,0,20.39,96.85
3/8/2003,16.56,64.57,8.71,1.38,0,14.84,96.78
3/9/2003,14.9,67.02,7.66,1.95,0,22.73,96.77
3/10/2003,15.87,66.51,7.98,2.14,0,23,96.7
3/11/2003,20.22,41.76,4.36,2.22,0,22.52,96.71
3/12/2003,21.47,33.61,3,3.02,0,20.42,96.58
3/13/2003,19.56,33.28,1.29,2.37,0,16.08,96.33
3/14/2003,18.81,44.19,4.21,1.96,0,21.11,96.3
3/15/2003,21.16,44.42,5.96,1.11,0.02,22.14,96.21
3/16/2003,17.48,70.84,11.64,1.84,20.19,5.92,96.3
3/17/2003,16.2,73.24,10.69,3.5,5.67,19.81,96.19
3/18/2003,13.6,77.64,9.27,3.1,8.65,20.18,96.57
3/19/2003,14.36,77.65,9.89,1.87,1.73,12.42,96.62
3/20/2003,15,74.23,9.6,2.63,1.16,17.11,96.08
3/21/2003,13.55,78.77,9.23,2.03,9.04,9.8,95.64
3/22/2003,12.3,79.2,8.28,1.88,2.57,10.8,95.75
3/23/2003,13.48,73.73,8.02,1.51,0.36,20.6,96.47
3/24/2003,16.75,68.07,9.26,1.41,0.08,22.03,96.76
3/25/2003,18.19,61.46,8.84,1.85,0.04,21.56,96.62
3/26/2003,18.01,50.71,6.41,2.89,0.66,17.57,96.24
3/27/2003,16.68,66.45,9.4,3.16,0.18,14.04,96.36
3/28/2003,17.01,71.62,11.43,3.08,0.08,18.12,96.52
3/29/2003,18.22,73.83,12.87,2.79,0.02,21.71,96.38
3/30/2003,18.76,72.39,12.63,1.48,0.02,23.2,96.28
3/31/2003,20.37,59.93,10.66,1.73,0,23.99,96.26
4/1/2003,17.94,66.27,10.26,1.97,0,25.64,96.61
4/2/2003,17.29,66.27,9.49,2.45,0.05,26.04,96.6
4/3/2003,16.31,65.22,7.87,2.41,0.01,26.57,96.12
4/4/2003,16.52,65.07,8.47,1.73,0,26.09,95.89
4/5/2003,16.36,60.79,7.21,1.66,0,25.27,96.03
4/6/2003,17.93,59.93,8.55,1.78,0,24.33,95.95
4/7/2003,18.75,62.72,8.55,2.07,4.87,20.32,95.64
4/8/2003,15.45,77.91,11.13,1.57,30.21,16.66,95.84
4/9/2003,14.65,80.54,10.94,1.45,26.89,14.75,96.08
4/10/2003,15.12,75.95,10.12,1.77,1.02,18.11,96.47
4/11/2003,15.41,73.31,9.63,1.87,0.01,27.09,96.7
4/12/2003,17.52,69.52,10.33,1.78,0,27.69,96.42
4/13/2003,15.32,71.74,9.4,5.27,3.44,23.08,96.2
4/14/2003,12.01,75.34,7.26,3.63,2.96,20.53,96.21
4/15/2003,13.02,78.37,8.83,2.27,0.63,22.27,96.31
4/16/2003,15.14,69.2,8.25,2.07,0,26.84,96.52
4/17/2003,17.09,63.94,8.59,1.97,0,23.16,96.65
4/18/2003,16.11,76.32,11.39,3.02,0.39,14.19,96.57
4/19/2003,14.9,68.63,7.79,2.24,0.19,26.14,96.39
4/20/2003,15.15,68.79,8.26,2.01,0.13,27.94,96.19
4/21/2003,15.89,68.45,9.01,2.74,0.26,24.75,96
4/22/2003,14.19,69.71,8.34,4.65,3.09,23.42,96.21
4/23/2003,15.29,69.32,8.47,1.63,0.08,26.17,96.53
4/24/2003,19.37,61.96,9.51,2.23,0,26.65,96.42
4/25/2003,20,64.04,11.3,2.19,0,25.49,96.58
4/26/2003,19.52,62.86,10.5,1.99,0,28.76,96.71
4/27/2003,22.63,52.35,10.16,1.98,0,29.5,96.3
4/28/2003,20.28,66.36,12.48,2.58,0,28.6,96.28
4/29/2003,18.35,76.2,13.51,2.37,0,16.28,96.55
4/30/2003,18.65,66.24,11.17,3.52,0,24.73,96.75
5/1/2003,16.31,71.48,10.57,3.25,0,23.34,96.65
5/2/2003,17.19,67.41,9.64,3.45,0,28.01,96.47
5/3/2003,18.4,69.28,11.84,3.03,0.01,27.95,96.38
5/4/2003,18.17,70.25,11.95,2.74,0.04,26.13,96.5
5/5/2003,16.2,70.21,9.83,2.98,0.56,26.12,96.58
5/6/2003,14.51,63.19,6.61,3.25,0.08,28.05,96.89
5/7/2003,14.5,65.94,6.61,2.99,0,30.73,96.61
5/8/2003,16.54,64.51,8.4,3.6,0,29.92,96.59
5/9/2003,18.53,59.22,7.88,3.55,0,30.43,96.42
5/10/2003,21.67,52.36,9.82,1.73,0,22.15,96.17
5/11/2003,22.74,50.15,10.38,2.33,0.01,23.67,96.32
5/12/2003,22.28,58.44,11.93,2.81,0.47,28.32,96.4
5/13/2003,23.42,53.15,11.6,2.72,0.01,28.59,96.32
5/14/2003,25.71,49.21,10.74,2.17,3.97,23.84,96.17
5/15/2003,25.14,51.22,11.57,2.06,2.27,26.72,96.17
5/16/2003,20.96,62.89,12.26,3.42,0.03,28.96,96.35
5/17/2003,20.43,58.7,9.75,3.8,0,30.52,96.47
5/18/2003,24.2,49.29,9.74,2.66,0,27.58,96.52
5/19/2003,26.21,40.12,9.64,2.38,0,26.35,96.74
5/20/2003,27.15,39.27,9.72,2.62,0,27.32,96.75
5/21/2003,29.94,37.68,11.78,2.26,0,25.3,96.79
5/22/2003,29.29,38.03,11.54,2.28,0,30.51,96.82
5/23/2003,26.33,42.45,9.87,2.49,0,31.08,96.54
5/24/2003,22.08,54.77,10.32,3.36,0,29.81,96.37
5/25/2003,19.6,54.31,8.4,4.52,0,31.09,96.21
5/26/2003,21.82,47.36,6.59,3.33,0,31.73,96.03
5/27/2003,25.81,35.39,6.83,2.08,0,30.13,95.82
5/28/2003,28.56,34.63,8.93,2.13,0,28.09,95.66
5/29/2003,23.28,53.77,12.27,3.41,0,27.86,95.84
5/30/2003,20.62,61.59,11.65,2.6,0,29.87,96.2
5/31/2003,21.08,62.87,12.55,2.65,0,30.26,96.29
6/1/2003,21.2,62.54,12.58,2.88,0,24.87,96.37
6/2/2003,21.4,58.35,11.49,3.68,0,30.23,96.3
6/3/2003,22.38,60.83,13.16,3.71,0,30.12,96.16
6/4/2003,22.06,63.43,13.74,4.5,0.1,30.56,96.25
6/5/2003,21.97,64.79,14.06,4.87,1.21,28.71,96.34
6/6/2003,24.89,57.62,14.08,3.61,0,28.84,96.24
6/7/2003,26.93,49.81,13.08,2.57,0.14,29.82,96.17
6/8/2003,27.34,49.04,13.58,2.86,0.01,29.31,96.25
6/9/2003,26.97,55.62,15.87,2.58,1.94,27.58,96.4
6/10/2003,29.67,44.29,14.32,3.81,0.89,27.5,96.27
6/11/2003,30.54,37.24,12.63,3.29,0.22,21.53,95.99
6/12/2003,31.8,29.79,8.48,3.85,0.02,25.23,95.78
6/13/2003,30.2,36.95,12.73,2.38,0.01,14.97,96.51
6/14/2003,29.18,40.18,13.23,2.06,0.07,25.03,96.82
6/15/2003,26.79,50.23,14.57,2.91,0,28.27,96.73
6/16/2003,24.14,53.67,12.54,4.02,0,30.91,96.57
6/17/2003,23.18,55.11,11.76,4.87,0,31.34,96.29
6/18/2003,25.73,52.01,13.05,3.72,0,30.61,96.04
6/19/2003,26.65,48.85,13.23,3.11,0,29.94,96.24
6/20/2003,25.19,57.27,14.55,2.89,0,30.81,96.33
6/21/2003,25,56,14.25,2.97,0,31.47,96.18
6/22/2003,23.97,58.05,14.1,2.87,0,31.02,96.11
6/23/2003,23.74,60,14.6,3.21,0,23.05,96.23
6/24/2003,24.99,53.89,13.49,2.94,0,30.84,96.58
6/25/2003,25.51,53.07,13.24,3.03,0,30.56,96.62
6/26/2003,25.08,54.77,13.35,2.96,0,30.6,96.66
6/27/2003,24.91,54.53,12.95,3.41,0,27.86,96.46
6/28/2003,24.76,52.78,12.51,3.23,0,29.41,96.3
6/29/2003,24.42,52.52,12.55,3.02,0,29.77,96.3
6/30/2003,25.25,49.28,11.61,3.35,0,29.87,96.46
7/1/2003,26.21,48.23,12.66,3.92,0,29.36,96.47
7/2/2003,25.37,52.3,13.12,4.73,0,29.2,96.51
7/3/2003,24.24,50.12,11.45,5.08,0,31.33,96.58
7/4/2003,23.89,50.85,11.4,4.4,0,31.2,96.5
7/5/2003,23.99,53.85,12.22,4.07,0,30.8,96.31
7/6/2003,25.09,51.23,12.18,3.59,0,30.46,96.32
7/7/2003,26.63,52.19,14.28,3.03,0,28.66,96.53
7/8/2003,28.77,46.68,14.61,2.49,0,27.59,96.48
7/9/2003,31.17,39.81,13.3,1.86,0,25.12,96.29
7/10/2003,32.33,37.83,14.3,2.66,0.1,22.21,96.19
7/11/2003,30.04,46.14,16.28,2.63,0,23.02,96.49
7/12/2003,28.97,48.97,15.71,3.39,0,24.2,96.52
7/13/2003,26.43,54.05,15.27,4.29,0,26.93,96.47
7/14/2003,24.61,52.73,12.54,3.89,0,29.79,96.23
7/15/2003,24.08,56.83,13.55,4.25,0.04,30.19,96.26
7/16/2003,25.24,49.45,12.22,4.32,0,26.43,96.46
7/17/2003,28.89,40.98,12.87,3.23,0,21.46,96.63
7/18/2003,34.3,29.89,12.34,2.42,0.07,25.06,96.67
7/19/2003,34.67,27.3,11.28,2.91,0,28.09,96.53
7/20/2003,28.86,41.45,13.44,3.38,0,28.77,96.46
7/21/2003,27.7,46.25,13.68,3.62,0,27.96,96.46
7/22/2003,27.35,46.34,13.16,3.7,0,24.47,96.75
7/23/2003,27.35,46.03,13.27,4.08,0,24.65,96.83
7/24/2003,27.72,43.86,12.46,3.76,0,27.51,96.62
7/25/2003,28,47.41,14.13,3.39,0,27.5,96.48
7/26/2003,29.11,46.09,13.88,2.99,0,29.19,96.42
7/27/2003,27.82,48.9,13.94,4.05,0,29.31,96.59
7/28/2003,28.99,45.28,13.62,4.03,0,27.35,96.6
7/29/2003,34.17,31.47,9.68,1.92,0,23.64,96.32
7/30/2003,35.53,24.63,9.32,2.2,0.02,21.11,96.19
7/31/2003,37.38,20.69,8.31,3.62,0.07,24.6,96.13
8/1/2003,37.27,21.65,9.06,2.69,0.05,24.03,96.15
8/2/2003,36.2,25.7,11.44,2.31,0,22.98,96.22
8/3/2003,34.96,30.41,12.42,2.86,0,22.38,96.24
8/4/2003,33.32,37.78,14.13,2.6,0,25.29,96.34
8/5/2003,32.36,41.91,14.98,2.62,0,25.12,96.37
8/6/2003,33.6,35.46,12.31,2.34,0,23.16,96.35
8/7/2003,33.72,30.29,11.96,2.68,0,25.87,96.31
8/8/2003,32.21,35.98,13.19,2.7,0,26.81,96.23
8/9/2003,33.66,30.39,12.29,3.42,0.2,23.37,96.21
8/10/2003,33.56,29.52,12.35,2.89,1.71,24.38,96.17
8/11/2003,32.94,32.01,12.85,3.11,0.06,25.1,96.29
8/12/2003,33.7,33.37,13.85,2.5,0.13,25.46,96.56
8/13/2003,33.07,38.9,15.09,2.55,0.01,26.01,96.8
8/14/2003,33.42,32.08,12.8,2.31,0.05,24.88,96.65
8/15/2003,31.07,31.96,10.42,2.99,0,27.15,96.49
8/16/2003,27.53,48.68,14.23,4.68,0,25.24,96.41
8/17/2003,25.73,50.89,13.25,4.08,0,27.92,96.44
8/18/2003,26.82,49.56,13.59,3.55,0,27.37,96.63
8/19/2003,27.89,48.14,14.17,3.05,0,27.02,96.68
8/20/2003,26.07,52.15,14.16,3.28,0.13,27.09,96.54
8/21/2003,26.35,53.8,14.68,4.11,0.67,26.67,96.31
8/22/2003,25.6,55.03,14.36,3.79,0.02,27.1,96.35
8/23/2003,25.4,56.88,14.85,3.45,0,26.86,96.51
8/24/2003,25.09,55.96,13.83,3.32,0,27.26,96.68
8/25/2003,24.58,54.44,12.92,4.1,0,27.47,96.59
8/26/2003,24.65,56.2,13.71,4.24,0,27.15,96.43
8/27/2003,24.13,56.51,13.48,3.97,0,26.55,96.4
8/28/2003,24.02,58.04,13.6,3.54,0,26.33,96.22
8/29/2003,25.19,53.93,13.24,3.61,0.36,26.52,96.35
8/30/2003,27.03,49.16,12.89,2.78,0,25.24,96.63
8/31/2003,29.06,42.26,13.34,2.47,0.02,21.45,96.63
9/1/2003,27.57,50.72,14.18,2.68,0,24.66,96.61
9/2/2003,25.69,55.06,14.28,3.04,0.01,25.2,96.63
9/3/2003,26.02,53.8,13.63,3.54,0.11,23.44,96.59
9/4/2003,23.29,58.48,13.72,4.07,0,22.55,96.78
9/5/2003,23.38,55.85,12.61,4.21,0,25.45,96.66
9/6/2003,23.42,58.56,13.37,3.8,0,25.42,96.61
9/7/2003,24.98,52.01,12.63,3.05,0,25.06,96.63
9/8/2003,25.22,51.08,12.13,3.19,0,24.5,96.61
9/9/2003,23.89,56.47,12.54,4.33,0,25.85,96.61
9/10/2003,24,54.38,12.02,3.34,0,25.63,96.46
9/11/2003,26.96,40.17,9.23,2.02,0,24.58,96.39
9/12/2003,31.5,25.44,7.13,2.25,0.35,18.47,96.37
9/13/2003,32.93,21.71,6.79,2.08,0.03,16.18,96.39
9/14/2003,31.61,22.55,6.6,2.97,0,20.6,96.33
9/15/2003,30.19,26.89,6.81,2.3,0,21.11,96.28
9/16/2003,29.37,27.94,6.79,2.31,0,22.67,96.39
9/17/2003,27.01,33.62,7.35,2.38,0,22.91,96.35
9/18/2003,27.72,36.31,9.62,2.43,0.05,21.73,96.42
9/19/2003,29.01,40.69,13.36,2.97,0.35,17.55,96.52
9/20/2003,28.99,41.92,13.37,2.74,0,20.61,96.89
9/21/2003,29.03,43.93,13.41,3.06,0.15,20.86,96.92
9/22/2003,25.61,51.33,13.8,3.97,0.02,22.36,96.74
9/23/2003,22.45,59.68,12.99,3.88,0,23.23,96.48
9/24/2003,23.08,59.21,13.09,2.73,0,22.64,96.47
9/25/2003,24.85,53.57,12.47,2.59,0,23.29,96.61
9/26/2003,25.68,50.91,13.2,1.97,0,22.52,96.7
9/27/2003,26.04,48.61,12.47,1.78,0,22.43,96.56
9/28/2003,24.9,55.23,13.57,2.34,0,22.5,96.61
9/29/2003,25.47,50.89,12.51,2.2,0,22.39,96.47
9/30/2003,24.8,52.38,12.81,3.89,0,21.41,96.09
10/1/2003,22.85,60.22,13.96,3.68,0,17.01,96.14
10/2/2003,22.55,64.8,14.51,3.24,0,19.52,96.72
10/3/2003,24.56,53.69,12.54,1.89,0,19.14,96.7
10/4/2003,20.4,68.91,14.17,2.95,3.18,8.97,96.53
10/5/2003,19.27,66.54,12.18,1.48,2.68,13.61,96.18
10/6/2003,18.02,70.96,12.11,1.87,0.21,16.66,96.2
10/7/2003,20.53,61.47,11.78,2.18,0,21.28,96.53
10/8/2003,21.81,54.31,9.53,1.55,0,20.61,96.65
10/9/2003,22.77,50.1,9.82,1.37,0,20.3,96.68
10/10/2003,24.35,46.28,10.25,1.68,0,18.29,96.62
10/11/2003,24.59,52.17,12.76,2.7,0,14.49,96.59
10/12/2003,23.5,62,14.5,2.14,0,17.45,96.56
10/13/2003,19.63,72.47,14.39,1.63,0.51,9.56,96.43
10/14/2003,20,63.86,11.23,2.71,0.05,19.02,96.33
10/15/2003,19.66,62.65,11.03,3.29,0,19.5,96.36
10/16/2003,18.81,65,11.29,2.63,0.18,18.33,96.31
10/17/2003,18.63,62.31,10.31,2.04,0.06,19.42,96.25
10/18/2003,19.81,64.47,11.84,2.82,0.13,18.84,96.23
10/19/2003,20.96,72.61,15.07,4.08,1.17,18.31,96.28
10/20/2003,21.11,71.63,15.07,3.46,1.04,17.95,96.13
10/21/2003,21.32,60.7,12.54,2.41,0.14,14.07,95.91
10/22/2003,18.69,77.01,14.42,1.7,2.13,8.06,96.19
10/23/2003,17.32,79.19,13.36,2.85,12.73,4.42,96.15
10/24/2003,14.67,73.5,9.73,2.03,0.4,11.94,96.15
10/25/2003,16.66,62.61,8.63,4.55,6.08,13.26,95.94
10/26/2003,18.25,62.46,10.08,3.6,3.22,15.33,96.12
10/27/2003,17.71,70.23,11.68,3.8,1.63,14.9,96.34
10/28/2003,17.63,70.43,11.24,2.68,0,16.16,96.72
10/29/2003,17.33,74.42,11.89,2.31,0.51,16.17,97
10/30/2003,16.15,71.73,10.08,2.83,0.16,18.33,96.68
10/31/2003,15.55,78.92,11.49,5,17.36,15.3,95.82
11/1/2003,14.63,70.64,8.76,2.46,1.2,16.53,96.11
11/2/2003,15.9,58.92,6,2.29,0,18.06,96.5
11/3/2003,17.84,48.12,5.31,1.68,0,15.65,96.81
11/4/2003,20.33,39.99,5.03,1.88,0,16.76,96.85
11/5/2003,20.75,44.89,7.31,1.79,0,16.73,96.76
11/6/2003,21.49,43.73,7.6,1.33,0,16.8,96.53
11/7/2003,19.14,43.88,5.78,2.24,0,16.26,96.43
11/8/2003,19.56,56.77,9.52,1.89,0.01,14.02,96.63
11/9/2003,18.27,71.89,12.23,1.67,0,13.35,96.77
11/10/2003,17.03,72.59,10.99,1.76,0,15.35,96.75
11/11/2003,15.72,70.17,9.47,2.8,0,15.03,96.85
11/12/2003,16.02,57.16,5.95,1.89,0,16.45,97.08
11/13/2003,17.85,44.82,4.43,1.54,0,16.05,97.32
11/14/2003,17.62,49.58,5.57,1.73,0,15.73,97.28
11/15/2003,16.01,64.6,8.3,4.18,4.45,15.78,96.85
11/16/2003,13.09,84.68,10.4,4.67,23.32,9.34,96.24
11/17/2003,12.78,79.7,8.93,1.73,0.79,12.13,96.28
11/18/2003,13.98,76.32,9.36,2.39,0.02,15.08,96.34
11/19/2003,14.12,68.02,7.45,1.71,0,14.71,96.37
11/20/2003,14.67,52.98,4.22,1.42,0,15.26,96.47
11/21/2003,15.82,59.47,6.97,2.6,0,14.79,96.06
11/22/2003,14.48,74.21,9.75,4.47,9.12,7.22,95.47
11/23/2003,12.57,73.21,7.7,4.5,4.89,13.01,95.81
11/24/2003,12.48,79.58,8.9,7.01,17.64,8.88,95.63
11/25/2003,13.12,83.06,10.08,3.31,6.72,9.69,96.52
11/26/2003,11.48,78.21,7.23,1.82,0.01,13.65,96.91
11/27/2003,12.61,78.43,8.3,1.87,0.11,14.47,96.92
11/28/2003,13.41,79.34,9.57,2.17,0.07,13.58,96.76
11/29/2003,12.89,75.15,8.05,1.56,0,14.32,96.84
11/30/2003,12.57,79.08,8.59,1.24,0,13.26,96.81
12/1/2003,11.26,89.28,9.57,2.88,10.09,7.43,96.49
12/2/2003,9.05,86.39,6.78,2.26,2.81,9.86,96.44
12/3/2003,9.17,72.34,3.71,2.66,4.78,14.4,96.52
12/4/2003,11.16,82.9,8.15,3.88,12.43,8.85,95.89
12/5/2003,11.78,76.93,7.55,4.51,5.5,10.67,96.07
12/6/2003,12.1,74.94,7.3,3.46,1.02,12.6,96.49
12/7/2003,12.52,77.73,8.33,1.82,0.03,13.35,96.87
12/8/2003,12.85,73.42,7.77,2.31,0.03,7.02,96.85
12/9/2003,12.72,88.91,10.83,3.76,0.67,10.23,96.76
12/10/2003,11.89,87.15,9.77,2.9,0.61,9.69,96.6
12/11/2003,10.49,75.82,5.82,2.02,0,13.9,97.08
12/12/2003,11.99,52.69,1.67,1.2,0,13.01,97.22
12/13/2003,13.32,47.77,1.88,1.44,0,13.8,97.28
12/14/2003,14.24,52.69,4,1.2,0,13.57,97.33
12/15/2003,13.81,62.92,6.36,1.21,0,12.11,97.07
12/16/2003,14.49,67.3,7.7,1.11,0,12.56,96.64
12/17/2003,14.44,66.5,6.97,2.49,0,10.46,96.55
12/18/2003,12.96,71.75,7.53,1.98,0.01,13.25,97.11
12/19/2003,15.02,51.16,4.13,1.56,0,13.13,97.17
12/20/2003,15.31,51.24,4.74,1.51,0,10.31,97.06
12/21/2003,15.24,49.5,4.45,1.28,0,11.06,97.07
12/22/2003,15.11,54.98,5.19,1.79,0,10.94,97.23
12/23/2003,13.32,54.47,2.6,1.89,0,13.82,97.05
12/24/2003,13.4,52.48,2.97,1.14,0,12.15,96.95
12/25/2003,14.05,55.96,4.8,2.24,0,10.53,97.03
12/26/2003,16.06,62.43,8.4,1.73,0.01,9.11,97.1
12/27/2003,14.29,63.49,7.05,2.45,2.1,6.11,96.95
12/28/2003,12.99,85.43,10.39,2.38,3.27,6,96.93
12/29/2003,10.95,78.56,6.72,2.93,0.13,10.95,97.1
12/30/2003,9.31,75.98,4.53,3.27,0,13.7,97.37
12/31/2003,10.09,79.63,6.07,3.16,0,13.71,97.38
1/1/2004,11,86.93,9.03,2.32,0,13.11,97.05
1/2/2004,12.05,86.07,9.66,1.67,0.01,10.77,96.72
1/3/2004,12.02,81.86,8.44,2.65,0,12.63,96.57
1/4/2004,11.34,69.42,5.18,1.75,0,13.79,96.47
1/5/2004,12.84,59.78,4.58,1.81,0,13.76,96.65
1/6/2004,13.35,59.28,4.75,1.75,0,12.96,96.9
1/7/2004,12.71,59.76,4.73,1.02,0,8.88,97.02
1/8/2004,12.64,61.12,4.58,1.93,0,13.11,97.27
1/9/2004,13.1,61.4,4.75,1.75,0,14.07,97.52
1/10/2004,13.57,71.73,7.78,2.29,0.02,13.58,97.32
1/11/2004,13.34,75.61,8.79,0.71,0,8.9,97.14
1/12/2004,14.32,67.34,7.74,0.96,0,13.17,97.16
1/13/2004,13.36,68.44,6.57,1.77,0,14.01,97.1
1/14/2004,12.44,76.59,8.03,1.45,0,13.97,96.92
1/15/2004,11.34,85.4,8.84,1.84,0,14.07,96.67
1/16/2004,11.89,80.49,8.08,2.24,0,13.26,96.64
1/17/2004,12.4,74.84,7.26,1.91,0,14.66,96.72
1/18/2004,10.73,77.95,6.41,2.57,0,14.35,96.78
1/19/2004,7.4,69.33,0.75,2.68,0,14.84,96.63
1/20/2004,7.28,54.97,-2.33,1.93,0,15.44,96.81
1/21/2004,9.29,54.55,-0.71,1.65,0,15.84,97.04
1/22/2004,9.4,66.5,2.71,1.71,0,10.59,96.99
1/23/2004,10.08,69.29,3.51,2.12,0,15.63,97.02
1/24/2004,11.43,65.71,4.08,1.65,0,15.59,96.98
1/25/2004,11.84,78.67,7.74,1.44,0,15.58,96.82
1/26/2004,12.95,76.43,8.27,1.42,0,15.25,96.67
1/27/2004,12.54,83.13,9.35,0.92,0.01,15.25,96.83
1/28/2004,13.05,80.83,9.23,1.4,0.06,14.05,96.73
1/29/2004,12.97,79.53,9.05,1.77,0.34,10.35,96.57
1/30/2004,12.45,81.14,8.93,1.84,1.04,13.98,96.79
1/31/2004,14.21,71.38,8.37,1.64,0,15.28,97.29
2/1/2004,16.04,60.77,7.87,1.19,0,15.57,97.47
2/2/2004,15.74,52.46,4.62,1.79,0,16.45,97.48
2/3/2004,15.85,46.57,2.91,1.69,0,16.52,97.54
2/4/2004,15.99,46.72,2.8,1.88,0,16.77,97.65
2/5/2004,16.22,47.77,3.52,1.82,0,16.72,97.67
2/6/2004,15.7,51.72,4.11,1.71,0,17.42,97.56
2/7/2004,14.74,58.82,5.54,1.33,0,16.6,97.41
2/8/2004,14.34,54.26,4.23,1.32,0,15.56,97.2
2/9/2004,15.27,53.86,4.98,1.23,0,14.61,96.77
2/10/2004,14.39,53.53,4.42,1.64,0.2,11.51,96.59
2/11/2004,14.54,57.82,5.03,1.99,0.01,17.28,96.9
2/12/2004,14.97,55.33,4.59,1.56,0.02,17.69,97.15
2/13/2004,15.43,55.37,4.5,1.66,0,17.85,97.18
2/14/2004,12.44,67.46,5.7,1.91,0.03,17.83,97.19
2/15/2004,11.73,69.86,5.29,2.59,0.07,18.67,97.14
2/16/2004,13.5,49.15,0.36,1.66,0,18.23,96.99
2/17/2004,14.17,41.84,0.16,1.75,0,16.24,96.85
2/18/2004,15.98,35.96,0.03,2.12,0,8.44,96.02
2/19/2004,15.87,51.97,4.93,2.49,1.31,12.32,95.02
2/20/2004,15.7,62.14,7.85,4.39,5.53,10.38,94.39
2/21/2004,12.28,80.49,8.9,4.85,6.58,6.52,95.49
2/22/2004,11.31,75.23,6.38,2.7,0.51,17.46,96.31
2/23/2004,13.15,61,4,2.36,0,19.93,96.05
2/24/2004,14.64,59.67,5.73,3.78,1.11,17.57,95.81
2/25/2004,12.58,79.16,8.69,4.08,3.68,13.04,95.97
2/26/2004,10.34,80.86,7.06,3.79,3.22,13.49,96.32
2/27/2004,11.02,73.19,5.69,1.55,0.19,17.72,96.51
2/28/2004,10.63,72.8,5.23,2.92,0.05,19.39,96.68
2/29/2004,9.11,66.37,1.41,2.62,0,20.89,96.96
3/1/2004,10.44,65.15,3.1,1.73,0.04,20.52,97.05
3/2/2004,11.79,65.16,4.94,3.12,2.97,16.75,96.89
3/3/2004,12,38.92,-4.74,2.49,0,22.79,97.35
3/4/2004,13.57,47.97,1.4,2.1,0,22.16,97.68
3/5/2004,15.08,44.49,1.4,2.13,0,22.04,97.62
3/6/2004,16.04,41.47,0.3,1.51,0,22.55,97.33
3/7/2004,17.27,45.05,3.31,1.58,0,21.52,97.14
3/8/2004,18.45,41.39,3.13,1.63,0,17.83,97.11
3/9/2004,18.29,41.51,2.32,1.63,0,20.88,96.99
3/10/2004,14.69,60.05,5.43,2.19,0,22.82,97.14
3/11/2004,15.98,55.92,4.97,2.11,0,23.14,96.81
3/12/2004,15.69,68.57,9.18,2.65,3.69,19.44,96.57
3/13/2004,11.68,73.61,6.62,3.32,5.43,17.28,96.95
3/14/2004,11.73,66.64,4.73,3.18,0.19,22.34,97.24
3/15/2004,13.9,68.74,6.97,3.28,0,23.47,97.08
3/16/2004,16.59,57.32,6.14,1.48,0.01,23.04,97.04
3/17/2004,17.95,44.38,3.47,1.63,0,23.86,96.98
3/18/2004,17.32,52.21,5.77,2.43,0,24.32,97.27
3/19/2004,16.17,64.16,7.68,4.08,0,23.86,97.35
3/20/2004,18.05,54.78,5.71,1.88,0,23.93,96.94
3/21/2004,19.52,44.42,4.84,2.32,0,23.78,96.8
3/22/2004,18.49,52.74,7.02,2.48,0,24.06,96.89
3/23/2004,16.72,51.55,4.01,2.78,0,23.67,96.59
3/24/2004,18.08,48.95,5.86,1.63,0,9.08,95.75
3/25/2004,19.32,51.41,7.7,4.16,0,16.6,95.45
3/26/2004,14.64,70.05,8.37,3.81,0.11,23.9,95.66
3/27/2004,13.71,72.99,8.21,3.54,6.9,15.77,95.21
3/28/2004,10.56,80.27,7.19,2.87,16.72,9.68,95.24
3/29/2004,11.97,72.29,6.35,3.84,2.83,16.62,95.83
3/30/2004,11.38,72.8,5.97,1.88,2.09,20.79,96.34
3/31/2004,12.79,66.38,5.44,1.94,0,23.31,96.5
4/1/2004,14.25,66.56,6.41,3.1,1.72,25.94,96.41
4/2/2004,14.35,68.86,7.71,2.72,1.39,16.82,96.86
4/3/2004,16.65,56.26,5.18,2.61,0,26.92,96.9
4/4/2004,21.36,34.75,2.07,2.22,0,24.21,96.92
4/5/2004,22,40.96,5.8,2.05,2.07,17.4,96.89
4/6/2004,22.88,49.67,10.45,1.97,0.11,21.63,96.58
4/7/2004,22.75,47.32,9.8,1.81,0.41,16,96.29
4/8/2004,21.79,48.94,9.33,4.61,0.48,24.68,95.81
4/9/2004,15.19,70.68,9.41,3.27,0.72,10.4,95.93
4/10/2004,14.26,66.01,7.12,2.76,0.42,18.1,95.89
4/11/2004,14.51,54.8,3.33,3.2,0.19,23.8,96.25
4/12/2004,13.74,50.61,1.72,3.29,0.01,27.52,96.42
4/13/2004,15.7,60.8,6.08,2.54,0.6,25.39,96.07
4/14/2004,15.07,65.9,7.48,2.23,1.32,21.69,95.75
4/15/2004,12.09,80.39,8.48,2.73,2.77,21.24,95.65
4/16/2004,15.06,68.35,8.26,1.97,0.53,24.51,96.37
4/17/2004,14.05,69.45,7.74,1.86,0.23,16.63,96.54
4/18/2004,15,67.18,7.67,2.76,0.15,21.28,96.47
4/19/2004,15.83,65.17,8.07,2.64,0.01,28.85,96.62
4/20/2004,18.63,56.58,7.02,2.6,0,28.17,96.3
4/21/2004,17.14,68.34,10.23,2.76,0,22.79,96.62
4/22/2004,17.34,60.75,8.39,3.87,0,28.04,96.64
4/23/2004,17.99,55.93,6.92,2.17,0,29.3,96.1
4/24/2004,18.98,56.46,8.5,1.85,0,28.16,96.05
4/25/2004,21.05,53.86,9.51,1.76,0,28.3,96.07
4/26/2004,21,57.97,10.35,2.12,0,28.91,95.9
4/27/2004,16.96,66.42,9.73,3.61,0.01,15.62,95.79
4/28/2004,15.36,69.06,8.98,4.51,0.99,15.52,95.77
4/29/2004,15.29,74.81,10.37,3.33,2.11,15.53,95.96
4/30/2004,14.86,62.51,6.57,2.49,0.2,24.29,96.25
5/1/2004,15.39,62.17,7.09,2.35,0.15,27.6,96.04
5/2/2004,14.4,70.64,8.59,5.63,11.82,19.55,95.61
5/3/2004,12.5,77.29,8.29,4.91,10.44,15.92,96.01
5/4/2004,14.35,67.34,7.55,2.67,1.19,19.04,96.38
5/5/2004,15.38,64.6,7.56,2.15,0.29,25.84,96.59
5/6/2004,15.55,65.81,8,2.69,0.2,27.73,96.52
5/7/2004,15.87,69.07,9.33,2.78,0.42,19.99,96.44
5/8/2004,15.61,67.01,8.22,3.44,0.08,22.27,96.5
5/9/2004,15.52,65.67,8.04,3.25,0,24.28,96.46
5/10/2004,13.85,68.43,7.6,3.27,0.83,17.95,96.31
5/11/2004,13.92,67.96,7.23,2.83,0.39,26.04,96.49
5/12/2004,15.31,67.57,8.54,2.44,0.49,25.1,96.55
5/13/2004,16.27,66.65,8.91,3.47,0.08,20.34,96.37
5/14/2004,18.37,62.77,9.61,3.8,0.04,25.7,96.14
5/15/2004,20.03,59.63,9.6,2.82,0.13,29.69,96.01
5/16/2004,19.97,65.49,12.05,2.93,0.88,21.34,96
5/17/2004,20.77,62.87,11.93,2.08,0.39,25.4,96.11
5/18/2004,22.5,51.88,9.95,2.23,0,30.37,96.31
5/19/2004,23.98,46.82,9.53,2.86,0,28.65,96.45
5/20/2004,19.06,64.68,11.19,3.61,0.08,27.65,96.51
5/21/2004,18.85,63.89,10.55,2.52,0.1,25.05,96.27
5/22/2004,19.47,63.56,10.97,2.94,0.06,23.17,96.16
5/23/2004,19,64.42,11.15,2.82,0.28,15.11,96.23
5/24/2004,19.1,62.87,10.74,2.45,0.32,24.39,96.46
5/25/2004,19.07,62.98,10.71,3.26,0.05,20.47,96.5
5/26/2004,18.71,60.19,9.41,3.9,0,19.75,96.61
5/27/2004,19.91,58.07,9.41,3.05,0,31.35,96.78
5/28/2004,22.15,53.87,10.12,2.49,0,30.46,96.93
5/29/2004,24.32,44.59,9.59,2.47,0,28.57,96.93
5/30/2004,24.41,45.06,9.63,2.85,0,30.73,96.88
5/31/2004,24.27,50.35,11.41,3.26,0,27.31,96.66
6/1/2004,27.5,42.92,10.47,2.48,0,29.55,96.52
6/2/2004,29.88,35.11,10.09,2.74,0,29.17,96.69
6/3/2004,29.75,35.47,10.53,3.13,0,29.14,96.78
6/4/2004,25.29,43.41,9.76,2.69,0,30.67,96.75
6/5/2004,23.61,46.81,8.58,1.98,0,30.09,96.55
6/6/2004,20.67,58.94,11.14,3.12,0,23.87,96.35
6/7/2004,20.11,57.05,9.92,2.9,0.08,21.82,96.43
6/8/2004,21.78,60.49,12.81,3.84,0.02,30.68,96.51
6/9/2004,24.83,56.17,13.32,3,0.01,30.48,96.53
6/10/2004,26.26,52.15,13.37,2.61,0.23,29.57,96.52
6/11/2004,28.46,41.19,12.29,2.57,0.01,27.18,96.46
6/12/2004,28.87,40.07,13.01,1.47,0.69,24.55,96.41
6/13/2004,29.84,34.81,10.66,3.15,1.33,24.8,96.45
6/14/2004,30.02,32.22,9.65,2.73,0.11,25.62,96.33
6/15/2004,27.52,40.33,10.79,2.62,0,30.37,96.27
6/16/2004,26.1,38.95,7.96,2.07,0,31.43,96.27
6/17/2004,26.85,37.51,8.68,2.77,0,30.94,96.35
6/18/2004,24.97,44.18,10.61,3.41,0,30.96,96.59
6/19/2004,23.66,46.35,9.41,4.47,0,31.66,96.54
6/20/2004,22.71,52.17,10.33,5.16,0,31.54,96.35
6/21/2004,24.01,50.84,10.9,4.28,0,31.35,96.29
6/22/2004,25.07,51.67,12.66,4.28,0,31.47,96.56
6/23/2004,25.72,51.86,13.26,4.43,0,31.08,96.75
6/24/2004,25.89,55.63,14.9,4.84,0.01,31.07,96.6
6/25/2004,27.31,52.63,14.65,4.54,0.01,31.18,96.22
6/26/2004,28.73,48.73,14.45,2.92,0,31.02,96.24
6/27/2004,31.78,35.97,11.11,2.37,0,28.81,96.37
6/28/2004,35.94,20.9,6.48,2.16,0.18,24.87,96.43
6/29/2004,35.92,20.28,5.61,1.8,0.19,22.9,96.44
6/30/2004,33.9,20.64,5.94,1.93,0,29.23,96.46
7/1/2004,32.15,24.76,7.27,2.69,0,27.42,96.5
7/2/2004,28.62,32.91,7.65,2.91,0,29.9,96.56
7/3/2004,27.68,41.26,10.36,3.45,0,30.71,96.31
7/4/2004,29.77,44.77,13.58,2.98,0.01,28.04,96.16
7/5/2004,30.12,47.03,13.91,2.89,0,24.87,96.15
7/6/2004,25.3,54.81,14.24,4.37,0,26.75,96.45
7/7/2004,22.62,47.67,9.59,5.84,0,30.63,96.58
7/8/2004,22.23,45.32,7.85,5.91,0,31.81,96.66
7/9/2004,23.65,43.57,7.69,4.81,0,32.13,96.46
7/10/2004,24.31,47.24,9.98,3.87,0,31.6,96.42
7/11/2004,25.81,45.64,10.77,4.43,0,30.66,96.27
7/12/2004,28.15,38.71,9.9,3.23,0,28.65,96
7/13/2004,28.93,34.81,9.76,2.57,0,26.85,96.09
7/14/2004,27.34,42.13,10.8,2.38,0,30.15,96.31
7/15/2004,27.13,44.46,11.04,2.88,0,30.82,96.25
7/16/2004,25.18,53.91,12.96,3.23,0.07,29.47,96.3
7/17/2004,25.03,50.82,11.99,2.9,0.03,28.74,96.4
7/18/2004,26.28,47.41,11.42,2.94,0,31.12,96.42
7/19/2004,27.86,42.48,11.17,3.14,0,28.47,96.42
7/20/2004,28.06,42.84,12.02,3.19,0.01,28.3,96.25
7/21/2004,30.72,36.43,10.22,2.29,0.02,26.93,96.08
7/22/2004,34.17,24.63,9.63,2.95,0.27,12.44,96.29
7/23/2004,34.33,24.25,9.76,2.28,0.03,26.52,96.56
7/24/2004,36.87,19.78,7.92,2.54,0.66,24.48,96.56
7/25/2004,35.01,22.92,9.28,3.8,0,28.36,96.59
7/26/2004,34.41,17,3.97,4.25,0,29.08,96.38
7/27/2004,33.59,16.91,3.59,4.12,0,29.63,96.35
7/28/2004,32.6,22.99,6.18,3.93,0,29.48,96.35
7/29/2004,29.05,35.54,10.2,3.4,0,29.26,96.48
7/30/2004,27.67,42.45,11.25,3.34,0,28.16,96.47
7/31/2004,27.79,44.75,12.47,2.85,0,26.94,96.5
8/1/2004,28.12,46.79,13.47,2.99,0.06,25.31,96.4
8/2/2004,27.69,49.37,13.96,3.36,0,28.32,96.57
8/3/2004,26.41,52.63,14.32,3.44,0,29.47,96.57
8/4/2004,25.81,52.74,13.79,4.98,0,29.21,96.41
8/5/2004,25.79,50.7,12.92,5.23,0,29.04,96.08
8/6/2004,26.84,51.88,13.83,4.6,0,29.25,95.96
8/7/2004,25.99,54.52,14.72,3.65,0.02,27.69,96.09
8/8/2004,25.45,57.06,15.04,3.07,0.06,28.5,96.26
8/9/2004,25.53,57.73,15.54,3.28,0.02,24.41,96.37
8/10/2004,25.97,59.46,16.32,3.14,0.24,27.67,96.56
8/11/2004,25.85,60.12,16.68,3.98,0.07,17.98,96.58
8/12/2004,26.53,52.59,14.39,4.71,0,28.76,96.55
8/13/2004,27.37,50.55,13.89,3.92,0,28.36,96.49
8/14/2004,28.51,45.07,13.44,2.95,0,27.55,96.62
8/15/2004,30.56,33.46,10.4,2.6,0,26.9,96.7
8/16/2004,27.88,39.73,10.76,2.91,0,28.66,96.55
8/17/2004,26.97,44.57,11.25,2.64,0,25.74,96.34
8/18/2004,27.1,51.64,14.45,3.14,0,28.32,96.42
8/19/2004,27.7,50.81,14.54,3.14,0,26.61,96.68
8/20/2004,26.62,54.47,15.08,4.73,0,22.88,96.64
8/21/2004,29.49,39.48,9.54,3.16,0,27.08,96.2
8/22/2004,31.46,34.03,10.08,2.3,0.01,22.86,96.17
8/23/2004,34.1,27.13,5.66,2.95,0,24.78,96.19
8/24/2004,34.61,23.59,6.2,2.36,1.35,17.74,96.29
8/25/2004,33.61,28.63,12.43,3.94,0.06,13.67,96.69
8/26/2004,29.28,34.89,11.67,2.97,0.04,12.41,96.84
8/27/2004,31.48,29.8,11.23,2.24,0.08,16.26,96.42
8/28/2004,31.86,30.09,10.87,2.67,0,22.9,96.36
8/29/2004,32.16,27.39,9.24,2.41,0,23.98,96.38
8/30/2004,32.08,23.43,6.45,2.15,0,26.16,96.49
8/31/2004,30.06,31.64,9.14,2.29,0,26.04,96.43
9/1/2004,25.63,54.01,13.78,3.42,0,24.97,96.45
9/2/2004,22.96,55.59,12.63,3.67,0,22.41,96.37
9/3/2004,23.28,52.5,11.6,3.14,0,22.48,96.36
9/4/2004,24.34,53.86,12.02,3.36,0,26.56,96.57
9/5/2004,25.44,54.32,13.27,3.44,0,23.8,96.74
9/6/2004,24.73,54.38,13.17,3.65,0,24.78,96.47
9/7/2004,25.13,56.11,14.2,3.51,0,22.88,96.32
9/8/2004,26.48,53.87,14.38,3.53,0,23.88,96.39
9/9/2004,29.47,32.91,8.64,1.94,0.07,13.82,96.56
9/10/2004,31.15,23.74,6.98,2.53,0.01,8.32,96.66
9/11/2004,29.65,38.1,12.04,2.59,0.02,19.12,96.82
9/12/2004,29.51,43.2,14.03,2.62,0.1,10.66,96.81
9/13/2004,25.33,55.8,14.97,3.03,0,20.3,96.75
9/14/2004,22.71,56.51,11.93,3.74,0,23.67,96.66
9/15/2004,23.1,55.79,11.89,4.02,0,24.3,96.56
9/16/2004,25.67,44.37,9.63,2.39,0,24.09,96.48
9/17/2004,28.83,27.69,6.23,2.23,0,23.14,96.61
9/18/2004,28.14,29.7,6.74,2.6,0,20.77,96.65
9/19/2004,26.15,42.08,9.91,2.23,0,12.48,96.51
9/20/2004,28.31,33.45,8.92,2.17,0,19.4,96.52
9/21/2004,31.29,27.32,7.91,2.94,0.15,18.7,96.6
9/22/2004,30.97,28.77,7.46,2.81,0,20.73,96.73
9/23/2004,28.02,37.16,11.41,1.33,0,18.56,96.74
9/24/2004,27.45,44.37,11.06,2.22,0,22.01,96.65
9/25/2004,25.22,47,10.61,2.82,0,20.66,96.74
9/26/2004,24.53,50.93,11.03,3.06,0,21.82,96.63
9/27/2004,24.73,54.4,12.64,2.69,0,21.38,96.52
9/28/2004,28.06,35.12,8.59,2.32,0,19.28,96.38
9/29/2004,27.98,28.16,6.11,2.36,0.5,12.03,96.48
9/30/2004,26.67,39.85,10.71,2.14,1.73,19.57,96.6
10/1/2004,26.26,33.84,6.92,1.99,0,21.82,96.67
10/2/2004,26.56,35.96,7.59,1.76,0,21.52,96.62
10/3/2004,27.47,34.87,8.41,1.8,0,22.1,96.58
10/4/2004,27.03,28.94,5.27,1.77,0,19.58,96.54
10/5/2004,26.98,24.7,4.62,2.16,0.01,10.14,96.47
10/6/2004,27.86,30.63,7.39,2.9,0.37,16.08,96.25
10/7/2004,25.72,44.12,10.15,3.28,0,20.67,96.26
10/8/2004,23.2,54.15,10.62,3.22,0.03,20.43,96.48
10/9/2004,19.44,73.89,14.4,2.02,2.82,6.9,96.86
10/10/2004,19.63,65.23,12.44,2.7,0.07,12.36,96.83
10/11/2004,20.18,56.08,9.78,2.23,0,18.6,96.69
10/12/2004,19.97,55.12,9.44,1.98,0,15.62,96.66
10/13/2004,18.8,70.85,13.1,2.12,0,15.42,96.67
10/14/2004,19.31,65.32,11.29,3.36,0,19.45,96.68
10/15/2004,18.23,61,9.09,4.13,0,20.35,96.61
10/16/2004,18.32,61.58,8.86,3.54,0,20.05,96.35
10/17/2004,20.35,55.02,8.7,2.87,0,19.63,96.08
10/18/2004,20.63,67.33,13.45,2.72,0,13.84,96.33
10/19/2004,24.77,43.59,10.27,3.08,0,16.2,96.44
10/20/2004,24.88,45.37,10.93,2.74,0,18.18,96.57
10/21/2004,23.83,54.79,13.38,1.84,0.04,12.64,96.57
10/22/2004,23.05,45.3,10.32,2.38,0.07,8.83,96.68
10/23/2004,26.74,30.93,6.84,2.32,0.02,16.35,96.55
10/24/2004,25.49,24.75,2.39,1.43,0.4,12.44,96.66
10/25/2004,20.7,56.34,10.42,2.22,0.02,10.98,96.76
10/26/2004,20.32,65.57,12.72,1.78,0.02,16.33,96.54
10/27/2004,20.15,58.65,10.54,3.98,1.44,16.03,96.05
10/28/2004,19.74,77.47,15.51,4.82,17.21,10.79,95.91
10/29/2004,17.34,83.64,14.36,3.83,30.2,8.74,95.94
10/30/2004,15.09,75.01,10.18,2.5,1.71,13.44,96.18
10/31/2004,14.89,72.02,9.37,1.53,0.35,16.92,96.46
11/1/2004,14.93,71.58,9.03,1.87,0.01,17.88,96.56
11/2/2004,16.2,62.31,7.97,1.52,0,17.67,96.53
11/3/2004,17.63,63.64,9.71,1.14,0,15.46,96.65
11/4/2004,18.53,70.23,12.51,1.66,1.05,15.9,96.52
11/5/2004,16.25,84.38,13.46,1.94,3.67,7.64,96.17
11/6/2004,18.46,66.29,11.34,1.9,4.05,14.12,96.12
11/7/2004,18.52,45.36,5.54,2.27,0.13,11.36,96.26
11/8/2004,20.76,45.26,7.12,2.34,0.73,14.21,96.19
11/9/2004,18.37,70.68,12.56,2.68,5.79,13.12,96.39
11/10/2004,16.54,79.91,12.63,1.93,2.58,13.46,96.43
11/11/2004,13.72,72.23,8.17,2.73,3.11,11.36,96.12
11/12/2004,9.87,81.57,6.52,1.95,8.24,11.69,95.98
11/13/2004,10.92,73.18,5.51,2.7,0,16.08,96.68
11/14/2004,12.26,64.03,4.8,1.39,0,16.31,96.9
11/15/2004,13.17,57.63,4.13,1.14,0,16.45,96.95
11/16/2004,12.33,54.79,2.48,2.07,0,16.46,97.11
11/17/2004,12.3,52.14,1.71,1.12,0,16.25,97.21
11/18/2004,13.76,43.4,0.21,1.56,0,15.47,97.25
11/19/2004,13.94,47.72,2.22,1.38,0,13.11,97.22
11/20/2004,14.48,48.25,2.97,1.05,0,11.18,97.03
11/21/2004,14.71,48.69,2.83,1.38,0,13.65,97.03
11/22/2004,15.47,52.89,5.27,1.3,0.02,8.74,96.99
11/23/2004,15.74,50.67,4.67,1.85,0,14.01,96.97
11/24/2004,15.41,54.03,5.06,1.51,0,14.64,96.9
11/25/2004,15.97,48.42,4.16,1.29,0,14.47,96.95
11/26/2004,15.83,52.56,5.32,1.89,0,13.06,97.15
11/27/2004,15.95,54.58,6.26,1.74,0,11.94,96.94
11/28/2004,16.63,48.61,4.81,1.62,0,13.73,96.53
11/29/2004,15.27,56.06,6.4,2.8,1.28,3.25,96.23
11/30/2004,15.37,60.24,7.41,4.9,5.29,8.66,95.53
12/1/2004,13.74,82.04,10.47,4.36,9.11,10.27,95.89
12/2/2004,12.05,83.4,9.14,3.34,10.22,10.43,96.07
12/3/2004,12.08,80.87,8.68,4.37,6.39,10.33,96.29
12/4/2004,12.05,80.89,8.44,1.19,0.35,11.9,96.75
12/5/2004,11.31,76.53,7.03,1.41,0.15,11.76,96.69
12/6/2004,10.41,66.15,3.64,1.25,0,13.22,96.67
12/7/2004,9.67,69.26,3.53,1.5,0,13.31,96.91
12/8/2004,9.99,70.1,4.03,1.51,0.03,14.2,96.99
12/9/2004,10.61,66.21,3.87,1.22,0,13.82,96.71
12/10/2004,11.03,65.38,4.03,1.24,0,13.62,96.53
12/11/2004,11.57,65.54,5.16,1.32,0.06,6.8,96.35
12/12/2004,14.58,48.76,3.25,2.89,0.01,9.82,96.17
12/13/2004,14.07,43.93,1.59,2.39,0.27,4.37,96.28
12/14/2004,13.68,52.01,3.43,2.02,0.28,8.67,96.38
12/15/2004,13.36,63.13,5.7,1.74,0,12.52,96.41
12/16/2004,12.5,79.27,8.29,1.68,0.04,11.98,96.81
12/17/2004,12.1,72.55,6.51,2.15,0,13.65,97.26
12/18/2004,11.85,72.22,6.24,2.4,0,13.81,97.24
12/19/2004,12.26,71.89,6.42,2.19,0,13.96,97.18
12/20/2004,11.31,79.55,7.2,2.84,0,13.7,96.93
12/21/2004,10.38,69.63,4.1,2.35,0,13.69,96.5
12/22/2004,9.25,82.6,6.26,1.39,4.56,7.47,96.35
12/23/2004,11.32,66.67,4.48,1.95,7.55,7.7,96.29
12/24/2004,9.92,69.68,4.34,2.38,0.96,8.32,96.39
12/25/2004,11.4,83.02,8.31,2.57,5.55,7,96.58
12/26/2004,8.64,85.42,6.28,1.66,1.47,11.03,96.85
12/27/2004,7.87,73.75,2.7,2.57,0.08,12.72,97.04
12/28/2004,6.11,62.54,-2.47,2.63,0,14.37,97.81
12/29/2004,9.23,72.07,3.92,2.52,0.04,13.54,97.67
12/30/2004,11.11,78.38,6.9,2.3,0.03,13.75,97.11
12/31/2004,9.94,64.32,2.68,2.09,0,14.03,97.35
1/1/2005,10.86,59.03,2.41,1.27,0,14.07,97.83
1/2/2005,10.93,61.91,2.96,1.62,0,14.26,97.9
1/3/2005,10.7,62.62,2.98,1.07,0,14.23,97.68
1/4/2005,10.91,64.69,3.48,1.1,0,14.15,97.74
1/5/2005,10.47,69.82,4.23,1.87,0,13.81,97.97
1/6/2005,10.13,62.2,1.88,1.61,0,14.46,97.92
1/7/2005,9.14,51.66,-2.26,1.62,0,13.78,97.8
1/8/2005,10.13,53.45,-0.66,1.22,0,13.74,97.71
1/9/2005,10.69,52.87,-0.27,1.39,0,12.79,97.44
1/10/2005,9.6,59.48,0.76,1.45,0,14.54,97.6
1/11/2005,10.6,60.73,2.25,1.26,0,14.2,97.63
1/12/2005,10.2,59.58,1.3,1.35,0,14.31,97.67
1/13/2005,10.81,53.01,0.42,1.1,0,14.62,97.56
1/14/2005,11.6,46.38,-0.67,1.56,0,14.85,97.29
1/15/2005,11.99,41.22,-1.72,1.6,0,13.57,96.91
1/16/2005,11.77,45.58,-0.52,1.43,0,7.88,96.62
1/17/2005,11.83,44.97,-0.63,1.76,0,13.16,96.91
1/18/2005,13.5,50.29,1.71,1.62,0,15.01,97.39
1/19/2005,11.33,67.11,4.65,2.37,0,14.03,97.28
1/20/2005,13.07,51.04,1.79,1.72,0,15.63,97.02
1/21/2005,13.72,46.67,1.2,2.19,0,15.03,97.14
1/22/2005,14.14,42.81,0.84,1.48,0,14.67,96.96
1/23/2005,13.74,44.63,0.17,1.36,0,13.75,96.69
1/24/2005,13.24,54.6,2.59,1.14,0,15.51,96.5
1/25/2005,12.18,77.12,7.88,2.08,0.05,12.43,96.55
1/26/2005,9.38,73.16,4.08,2.13,0.73,12.35,96.36
1/27/2005,4.87,71.07,-0.44,2.49,1.3,9.04,96.01
1/28/2005,2.04,58.87,-6.29,2.18,0,16.36,96.52
1/29/2005,5.02,45.9,-7.33,1.32,0,16.79,96.78
1/30/2005,6.2,50.56,-4.53,1.73,0,16.92,96.75
1/31/2005,7.31,52.6,-3.79,1.34,0,16.89,96.88
2/1/2005,7.32,44.58,-5.7,1.65,0,16.94,97.22
2/2/2005,8.01,55.2,-1.83,2.01,0,17.37,97.3
2/3/2005,9.05,56.85,-0.48,1.33,0,17.45,97.23
2/4/2005,9.41,62.72,1.35,1.19,0,17.54,97.06
2/5/2005,8.8,76.9,4.32,1.41,1.37,12.77,96.85
2/6/2005,8.6,78.13,4.33,1.63,2.56,13.29,96.5
2/7/2005,7.11,83.45,4.24,1.99,5.08,13.73,96.25
2/8/2005,6.91,76.32,2.73,1.93,5.07,14.21,96.36
2/9/2005,8.53,57.28,-0.76,2.45,0,17.81,96.81
2/10/2005,10.52,50.46,-0.38,2.01,0,17.53,97.3
2/11/2005,11.52,48.04,-0.7,1.87,0,18,97.65
2/12/2005,11.47,42.91,-2.32,2.32,0,17.58,97.58
2/13/2005,12.91,45.99,0.66,1.1,0,12.44,97.1
2/14/2005,12.45,56.53,3.3,1.03,0.01,11.88,96.5
2/15/2005,14.26,46.77,1.77,1.42,0,15.51,96.09
2/16/2005,11.81,51.77,0.43,1.44,0,17.71,95.9
2/17/2005,8.91,58.26,-0.44,1.51,0,19.7,96.08
2/18/2005,8.75,59.89,0.05,1.53,0,19.34,96.19
2/19/2005,10.15,56.17,0.71,1.46,0,18.94,96.55
2/20/2005,10.77,59.92,1.6,1.71,0,19.66,96.58
2/21/2005,9.55,70.46,3.44,1.69,0.07,18.82,96.2
2/22/2005,9.86,72.45,4.09,2.16,0.02,20.72,96.16
2/23/2005,10.8,67.13,4.04,1.67,0.41,16.39,96.1
2/24/2005,9.64,79.82,6.13,1.31,9.26,10.12,95.74
2/25/2005,11.62,84.34,8.8,3.21,12.04,11.03,95.76
2/26/2005,12.44,75.11,7.27,1.44,0.07,17.91,96.12
2/27/2005,14.26,70.18,8.56,4.63,2.81,15.91,95.6
2/28/2005,12.45,79.41,8.76,6.05,11.95,13.76,94.9
3/1/2005,9.05,75.52,4.54,4.12,2.67,13.64,95.49
3/2/2005,10.6,66.87,4.06,2.2,0.54,19.31,95.93
3/3/2005,14.22,63.47,6.86,2.74,1.53,6.48,95.52
3/4/2005,10.69,85.43,8.27,2.98,10.23,8.98,95.69
3/5/2005,7.93,70.53,1.66,2.87,0.1,14.99,96.55
3/6/2005,9.41,73.1,3.73,2.62,0.05,21.92,96.78
3/7/2005,9.94,66.53,2.49,2.46,0,20.93,96.75
3/8/2005,13.06,49.75,1.64,1.08,0,20.55,96.69
3/9/2005,16.68,47.65,3.98,2.42,0,11.56,96.92
3/10/2005,18.28,43.05,3.66,2.5,0,19.66,96.94
3/11/2005,18.33,43.83,4.18,2.16,0,18.02,96.65
3/12/2005,17.57,52.63,6.29,2.6,0.1,18.76,96.11
3/13/2005,13.55,76.73,9.02,1.43,0.02,20.92,96
3/14/2005,14.98,72.77,9.31,1.59,0.01,14.87,96.11
3/15/2005,15.93,68.81,9.01,2.38,0,20.65,96.52
3/16/2005,16.94,65.98,9.12,1.82,0,22.4,96.77
3/17/2005,19.8,49.93,7.18,1.73,0,22.52,96.67
3/18/2005,21.74,44.81,7.75,2.2,0,20.05,96.68
3/19/2005,21.32,47.99,8.83,1.66,0,11.18,96.7
3/20/2005,21.93,44.56,7.4,2.35,0,17.44,96.53
3/21/2005,19.79,50.62,7.79,2.78,0,21.85,96.45
3/22/2005,19.22,59.49,9.34,1.98,0,22.55,96.43
3/23/2005,17.76,68.06,10.81,2.66,0,17.97,96.56
3/24/2005,17.77,62.18,8,2.07,0,25.39,96.4
3/25/2005,17,63.09,7.51,2.42,0,25.5,96.45
3/26/2005,16.65,72.62,10.76,2.34,0,21.21,96.7
3/27/2005,16.68,67.73,9.55,2.56,0,24.04,96.69
3/28/2005,17.17,55.4,6.03,3.29,0,26.36,96.94
3/29/2005,18.4,49.01,4.9,2.9,0,25.95,96.91
3/30/2005,22.3,31.3,0.79,1.85,0,23.06,96.7
3/31/2005,24.79,30.46,3.36,2.45,0,22.94,96.25
4/1/2005,17.89,61.87,9.83,3.22,0,20.53,96.33
4/2/2005,16.89,62.68,8.14,2.21,0,26.8,96.48
4/3/2005,16.56,64.24,8.26,2.47,0,26.65,96.66
4/4/2005,17.55,59.41,7.53,2.49,0,24.66,96.8
4/5/2005,20.12,45.31,5.16,2.11,0,27.14,96.67
4/6/2005,25.1,31.24,4.14,2.46,0,24.96,96.33
4/7/2005,23.57,40.7,6.37,3.8,0,21.83,96.06
4/8/2005,17.23,66.97,10.18,3.36,0,18.64,96.26
4/9/2005,16.18,59.75,6.83,3.84,0,24.56,96.51
4/10/2005,16.01,50.41,2.35,3.2,0,28.67,96.81
4/11/2005,17.47,37.35,-0.59,2.43,0,28.31,96.7
4/12/2005,18.66,37.69,0.29,1.63,0,28.18,96.4
4/13/2005,17.55,53.12,6.27,1.4,0,23.46,96.25
4/14/2005,16.41,63.04,8.17,3.62,0,20.53,96.12
4/15/2005,15.13,63.39,7.28,3.76,0,23.86,96.41
4/16/2005,14.34,59.09,4.69,4.87,0,27.64,96.52
4/17/2005,15.87,57.68,4.74,3.92,0,28.38,96.42
4/18/2005,17.07,66.37,9.42,3.16,0,27.76,96.42
4/19/2005,17.21,64.29,9.37,3.62,0,26.46,96.54
4/20/2005,17.36,55.69,5.68,3.66,0,28.38,96.62
4/21/2005,19.64,51.25,5.66,2.79,0,25.76,96.42
4/22/2005,17.27,67.65,10.42,3.22,0,23.45,96.32
4/23/2005,18.28,62.38,9.45,3.42,0,28.04,96.14
4/24/2005,17.74,61.15,8.6,4.11,0,26.25,96.26
4/25/2005,17.85,56.07,7.4,3.7,0,28.47,96.29
4/26/2005,17.61,60.82,8.75,2.58,0,26.27,96.27
4/27/2005,18.97,60.49,9.53,1.99,0,27.22,96.41
4/28/2005,20.64,52.93,8.32,1.73,0,28.94,96.5
4/29/2005,21.02,56.15,10.47,2.3,0,28.86,96.35
4/30/2005,19.78,62.64,11.23,2.59,0,28.92,96.33
5/1/2005,19.92,58.39,10.02,3.21,0,26.57,96.3
5/2/2005,19.95,60.98,10.74,3.42,0,28.37,96.57
5/3/2005,21.95,53.73,9.67,3.63,0,28.91,96.63
5/4/2005,21.46,54.38,10.23,2.68,0,23.81,96.53
5/5/2005,22.06,48.83,8.54,2.47,0,28.18,96.41
5/6/2005,22.21,44.22,6.64,1.96,0,29.75,96.5
5/7/2005,24.93,31.4,4.62,2.07,0,29.21,96.47
5/8/2005,26.89,28.16,5.23,1.9,0.01,22.63,96.25
5/9/2005,24.76,37.4,7.34,3.35,0,28.65,96.24
5/10/2005,22.43,46.21,8.38,2.97,0,24.92,96.31
5/11/2005,20.83,50.94,8.41,3.72,0,29.25,96.28
5/12/2005,19.66,58.96,9.77,3.08,0,29.04,96.47
5/13/2005,18.27,61.63,9.74,2.62,0,22,96.64
5/14/2005,19.98,51.31,7.04,3.98,0,29.68,96.65
5/15/2005,18.83,53.97,8.15,3.9,0,27.65,96.69
5/16/2005,18.58,57.37,8.16,4.39,0,27.48,96.59
5/17/2005,19.03,47.08,4.95,5.28,0,29.39,96.53
5/18/2005,20.88,42.66,3.53,3.84,0,30.82,96.43
5/19/2005,23.68,42.46,8.9,2.43,0.03,15.05,96.54
5/20/2005,27.15,34.78,8.81,2.5,0,29.52,96.61
5/21/2005,26.48,34.58,8.21,3.02,0,27.27,96.39
5/22/2005,21.26,49.47,9.19,4.98,0,27.8,96.46
5/23/2005,22.35,40.26,6.07,4,0,30.12,96.3
5/24/2005,24.54,43.58,8.94,2.72,0,30.53,96.38
5/25/2005,25.18,50.41,11.54,2.38,0,29.5,96.59
5/26/2005,25.54,46.04,9.63,2.55,0.01,29.72,96.56
5/27/2005,24.58,44.77,9.32,3.4,0,29.69,96.32
5/28/2005,22.1,61.05,13.22,4.22,0.01,25.37,96.18
5/29/2005,21.17,67.99,14.46,4.54,0.25,7.98,96.21
5/30/2005,22.43,60.06,13.11,4.2,0.03,24.79,96.4
5/31/2005,23.77,52.45,11.6,2.99,0.01,30.49,96.21
6/1/2005,24.88,47.64,11.08,2.86,0,30.15,96
6/2/2005,24,50.21,11.11,3.02,0,29.92,95.94
6/3/2005,24.92,50.61,11.87,3.64,0,30.22,96.08
6/4/2005,27.5,42.05,10.88,3.29,0,30.25,96.2
6/5/2005,29.49,33.8,9.6,2.22,0.04,28.49,96.39
6/6/2005,32.06,23.34,7.13,2.49,0,26.28,96.38
6/7/2005,32.04,26.97,8.49,2.49,1.01,24.37,96.32
6/8/2005,28.22,37.22,11.24,3.35,0,22.36,96.48
6/9/2005,30.08,30,8.89,2.94,0.01,27.23,96.31
6/10/2005,30.21,36.88,12.34,1.65,3.26,21.87,96.03
6/11/2005,26.6,55.31,16.02,3.4,6.97,16.75,95.94
6/12/2005,21.89,63.49,13.97,3.53,1.73,15.17,96.22
6/13/2005,21.44,56.94,11.46,3.09,0.39,25.84,96.36
6/14/2005,22.49,53.74,10.51,3.75,0,31.76,96.58
6/15/2005,24.24,50.74,10.98,3.99,0,31.29,96.66
6/16/2005,28.6,38.52,9.69,2.8,0,30.86,96.49
6/17/2005,31.94,22.64,5.78,2.29,0,29.66,96.42
6/18/2005,32.33,18.84,3.67,2.33,0,25.37,96.24
6/19/2005,32.79,19.02,4.7,2.26,0,26.9,96.07
6/20/2005,33.63,20.57,6.18,1.98,0,26.61,96.14
6/21/2005,34.71,20.91,7.25,2.1,0.05,24.29,96.32
6/22/2005,34.48,25.76,10.48,2.9,0.01,21.39,96.49
6/23/2005,29.97,38.86,12.59,2.77,0,29.35,96.71
6/24/2005,27.79,41.83,11.04,3.24,0,30.82,96.61
6/25/2005,25.29,47.9,11.11,3.71,0,31.07,96.56
6/26/2005,26.25,46.32,11.41,3.45,0,26.05,96.56
6/27/2005,24.74,52.81,13.14,4.17,0,23.45,96.59
6/28/2005,24.54,49.53,11.42,4.11,0,30.88,96.57
6/29/2005,24.33,49,10.87,4.54,0,31.63,96.48
6/30/2005,24.08,48.6,10.56,4.42,0,31.6,96.46
7/1/2005,25.81,46.42,11.28,4.17,0.01,31.53,96.48
7/2/2005,27.55,40.09,10.44,3.26,0,31.22,96.42
7/3/2005,27.17,47.58,13.17,3.43,0,30.01,96.39
7/4/2005,26.29,49.73,12.99,4.03,0.03,30.34,96.37
7/5/2005,26.31,44.11,10.4,3.29,0,31.06,96.28
7/6/2005,26.72,38.44,8.36,2.95,0,31.61,96.22
7/7/2005,27.11,45.57,12.09,3.58,0,30.94,96.07
7/8/2005,26.52,47.03,12.18,3.68,0.01,30.97,96.06
7/9/2005,26.46,44.75,11.15,3.18,0,30.63,96.2
7/10/2005,25.46,52.05,13.26,3.58,0,30.65,96.37
7/11/2005,26.49,52.94,14.19,3,0,31.46,96.64
7/12/2005,27.63,50.34,14.1,2.92,0,31.52,96.66
7/13/2005,27.34,50.24,13.98,3.34,0,31.27,96.53
7/14/2005,28.28,43.44,11.54,2.81,0,29.17,96.48
7/15/2005,29.14,40.62,12.23,3.13,0,28.76,96.6
7/16/2005,29.16,39.01,12.39,3.16,0,26.13,96.67
7/17/2005,28.15,40.45,11.38,3.6,0,24.81,96.68
7/18/2005,30.35,36.76,12.76,3.74,0.04,23.91,96.5
7/19/2005,34.44,27.35,10.78,2.38,0.2,24.28,96.57
7/20/2005,37.16,22.26,10.12,3.53,0.49,25.41,96.64
7/21/2005,34.86,23.96,8.95,3.1,0.02,24.55,96.68
7/22/2005,30.2,36.42,11.16,3.63,0,28.25,96.55
7/23/2005,26.96,47.38,12.72,3.59,0,29.94,96.26
7/24/2005,25.59,52.36,13.52,3.87,0,30.55,96.37
7/25/2005,25.32,51.1,12.74,3.29,0,30.06,96.47
7/26/2005,25.44,53.12,13.71,3.12,0,29.8,96.34
7/27/2005,25.34,54.85,13.77,2.61,0,29.59,96.4
7/28/2005,25,56.91,15.03,3.24,0,23.74,96.61
7/29/2005,24.57,55.71,13.77,4.26,0,28.9,96.68
7/30/2005,24.05,50.99,12.01,4.66,0,29.88,96.47
7/31/2005,23.54,51.43,11.5,3.68,0,29.98,96.37
8/1/2005,24.05,53.02,12.37,3.71,0,29.38,96.42
8/2/2005,24.87,46.27,10.17,3.42,0,29.96,96.33
8/3/2005,28.86,38.76,9.2,2.56,0,29.81,96.15
8/4/2005,33.53,29.77,9.17,2.43,0,23.16,96.22
8/5/2005,33.15,37.66,14.67,2.43,0,26.07,96.41
8/6/2005,34.91,33.07,12.94,2.59,0,24.71,96.34
8/7/2005,35.47,26.38,9.53,1.8,0,22.08,96.23
8/8/2005,33.66,31.34,11.99,3.12,0,22.94,96.16
8/9/2005,28.45,46.81,14.39,3.96,0,24.67,96.25
8/10/2005,26.13,53.41,14.28,3.52,0,28.28,96.4
8/11/2005,26.17,49.65,12.59,3.29,0,29.17,96.33
8/12/2005,27.56,43.25,10.94,2.69,0,28.81,96.2
8/13/2005,27.15,50.77,13.91,2.54,0,28.82,96.32
8/14/2005,27.96,47.28,13.1,3.06,0.02,28.53,96.38
8/15/2005,31.02,35.99,9.62,2.26,0,27.53,96.16
8/16/2005,31.95,34.19,10.98,2.55,0.83,24.55,95.97
8/17/2005,31.55,41.89,14.78,3.02,0.35,22.51,96.12
8/18/2005,30.22,45.53,16.04,2.81,0,24.18,96.44
8/19/2005,29.34,44.06,15.06,3.22,0.25,21.21,96.62
8/20/2005,26.25,49.28,13.48,3,0,24.04,96.7
8/21/2005,25.24,50.26,12.33,2.71,0,27.92,96.63
8/22/2005,26.9,43.73,11.52,2.71,0,26.88,96.48
8/23/2005,26.34,48.88,12.96,2.98,0,27.13,96.38
8/24/2005,27.31,44.47,12.07,2.25,0,27.19,96.39
8/25/2005,26.96,47.59,12.69,2.57,0,27.22,96.49
8/26/2005,26.81,44.12,10.5,2.88,0,26.92,96.65
8/27/2005,28.01,41.55,10.52,2.93,0,26.71,96.6
8/28/2005,30.23,30.03,7.65,2.35,0,27.05,96.39
8/29/2005,31.74,24.71,6.46,2.09,0,26.38,96.38
8/30/2005,33.47,26.41,7.6,2.42,0,22.06,96.38
8/31/2005,28.53,53.95,16.75,3.39,0.07,23.65,96.42
9/1/2005,27.84,51.16,15.09,2.93,0.05,23.71,96.33
9/2/2005,32.05,31.51,10.15,2.9,0.07,22.84,96.47
9/3/2005,34.52,22.82,8.67,3.3,0.35,21.98,96.73
9/4/2005,33.68,22.88,8.15,2.89,0,24.34,96.95
9/5/2005,31.3,22.88,5.32,3.72,0,24.99,96.8
9/6/2005,27.55,39.63,10.52,3.49,0,24.47,96.64
9/7/2005,24.32,57.04,13.9,3.28,0.12,25.21,96.41
9/8/2005,24.61,56.08,13.72,3.23,0,23.81,96.39
9/9/2005,24.26,54.44,12.37,2.89,0,25.72,96.71
9/10/2005,24.3,55.51,12.98,3.75,0,25.36,96.74
9/11/2005,22.38,54.15,10.88,4.72,0,21.54,96.57
9/12/2005,21.05,55.3,10.24,4.46,0,23.18,96.36
9/13/2005,23.34,51.74,10.84,3.92,0,24.52,96.28
9/14/2005,25.18,48.39,11.09,2.37,0,19.44,96.48
9/15/2005,24.88,54.51,13.15,3.34,0.05,23.71,96.87
9/16/2005,22.58,59.16,12.43,2.89,0.01,24.44,96.77
9/17/2005,23,56.98,12.25,2.94,0.01,24.28,96.45
9/18/2005,22.88,54.45,11.44,2.68,0,24.62,96.52
9/19/2005,23.27,51.53,10.75,2.24,0,24.11,96.79
9/20/2005,23,54.46,11.22,2.26,0,24.52,96.68
9/21/2005,23.16,56.69,12.11,2.51,0,23.8,96.43
9/22/2005,22.58,61.82,13.26,2.43,0,23.21,96.53
9/23/2005,21.52,61.51,12.56,2.95,0.1,21.55,96.74
9/24/2005,21.41,58.22,10.29,3.33,0,23.78,96.61
9/25/2005,22.01,59.87,12.18,4.33,0.03,22.85,96.47
9/26/2005,23.67,49.31,9.82,3.66,0,22.44,96.28
9/27/2005,24.02,46.38,8.77,2.75,0,22.09,96.26
9/28/2005,24.06,42.49,7.74,1.89,0,21.49,96.54
9/29/2005,25.81,31.12,5.63,1.87,0,21.6,96.69
9/30/2005,27.02,29.2,5.84,1.7,0,21.09,96.75
10/1/2005,25.53,38.29,8.28,1.96,0,21.55,96.74
10/2/2005,24.09,44.63,8.93,2.18,0,20.14,96.51
10/3/2005,25.22,48.59,12.39,1.54,0.08,13.59,96.46
10/4/2005,26.62,41.1,11.57,2.13,0.07,14.74,96.5
10/5/2005,29.69,26.25,7.07,1.95,0.05,17.58,96.36
10/6/2005,26.96,44.07,13.09,1.93,0,15.97,96.38
10/7/2005,23.86,52.75,12.33,2.11,0.02,13.74,96.34
10/8/2005,26.04,52.38,14.64,2.23,5.65,13.73,96.43
10/9/2005,24.94,56.28,15.06,2.44,3.11,13.41,96.63
10/10/2005,24.87,55.43,14.4,3.62,2.21,13.62,96.58
10/11/2005,21.95,63.87,13.74,2.9,0.02,19.66,96.67
10/12/2005,20.87,68.35,14.05,2.27,0.46,18.84,96.8
10/13/2005,19.28,69.44,13.06,2.78,2.4,15.23,96.74
10/14/2005,17.55,59.64,8.19,3.27,0,20.07,96.51
10/15/2005,17.54,63.52,9.06,2.4,0,20.7,96.52
10/16/2005,19.98,65.92,12.24,2.38,0,18.56,96.59
10/17/2005,18.21,84.15,15.34,2.41,16.01,5.53,96.57
10/18/2005,18.35,70.25,12.12,1.97,0.07,14.64,96.55
10/19/2005,18.74,67.23,11.56,1.77,0,17.4,96.63
10/20/2005,19.27,67.36,11.94,1.77,0.13,19.21,96.65
10/21/2005,20.48,67.05,13.37,1.85,0.06,18.33,96.49
10/22/2005,19.72,70.06,13.56,2.2,0.02,17.1,96.56
10/23/2005,19.93,68.04,12.88,2.52,0,18.19,96.78
10/24/2005,20.24,62.77,11.24,2.27,0,18.9,96.77
10/25/2005,20.52,54.79,9.62,1.57,0,18.83,96.57
10/26/2005,22.23,38.61,4.86,2.76,0,19,96.28
10/27/2005,22.65,40.46,8.05,2.75,0.01,7.36,96.48
10/28/2005,23.43,47.45,10.34,3.16,0.22,11.29,96.54
10/29/2005,23.07,43.32,7.89,3.14,0,16.38,96.55
10/30/2005,21.67,56.39,11.32,3.48,2.71,14.47,96.58
10/31/2005,18.58,71.17,12.65,2.5,1.99,13.82,96.82
11/1/2005,18.15,62.65,9.47,2.26,0,17.46,96.82
11/2/2005,20.08,46.46,6.08,2.12,0,17.49,96.81
11/3/2005,20.91,51.4,8.62,2.42,0,17.25,96.86
11/4/2005,17.55,73.28,12.38,4.07,0.71,7.1,97
11/5/2005,16.27,58.95,7.57,3.73,0,16.09,97.06
11/6/2005,18.99,46.58,6.03,1.69,0,14.75,96.9
11/7/2005,21.23,42.39,6.53,1.77,0,15.2,96.98
11/8/2005,20.91,44.94,6.54,2.17,0,15.18,97.19
11/9/2005,16.07,65.83,8.8,3.67,0,16.04,97.59
11/10/2005,13.07,53.52,1.9,3.57,0,17.16,97.34
11/11/2005,11.98,52.89,1.3,2.61,0,16.96,96.93
11/12/2005,12.45,61.04,4.09,2.16,0,16.58,96.77
11/13/2005,11.18,80.73,7.81,2.63,5.27,9.24,96.18
11/14/2005,11.83,77.24,7.49,4.43,7.79,14.1,96.08
11/15/2005,13.36,78.13,9.47,2.61,4.34,11.09,96.29
11/16/2005,13.33,69.95,7.16,1.12,0.25,14.78,96.5
11/17/2005,14.57,58.97,5.52,1.22,0.07,13.77,96.44
11/18/2005,14.39,63.38,6.84,2,0.13,14.85,96.41
11/19/2005,16.84,54.63,6.87,2.53,0.01,12.86,96.18
11/20/2005,18.87,50.1,7.39,2.79,0,11.79,95.94
11/21/2005,17.25,62.24,8.95,2.27,5.2,13.86,96.17
11/22/2005,17.12,71.55,11.27,1.39,0.04,9.14,96.24
11/23/2005,16.39,71.87,10.7,1.78,0.26,11.38,96.24
11/24/2005,14.62,77.36,10.22,1.89,0.2,13.62,96.49
11/25/2005,13.44,67.89,6.35,1.56,0,15.3,96.46
11/26/2005,12.83,74.93,8.15,3.17,1.22,12.23,96.2
11/27/2005,11.89,74.53,6.97,1.56,0.46,11.09,96.19
11/28/2005,10.45,71.41,5.01,1.83,4.77,10.07,95.95
11/29/2005,10.38,84.72,7.88,3.04,24.76,6.52,95.22
11/30/2005,10.55,80.48,7.09,1.99,0.17,12.38,96.3
12/1/2005,10.14,74.79,5.22,1.25,0,9.7,96.62
12/2/2005,11.76,71.07,6.14,1.85,0,14.42,96.84
12/3/2005,12.05,70.57,5.9,1.59,0,14.49,97
12/4/2005,13.86,60.76,5.19,1.17,0,13.63,96.89
12/5/2005,13.54,52.5,3.6,1.13,0,12.26,96.46
12/6/2005,14.26,54.51,4.07,1.58,0,11.37,96.24
12/7/2005,13.27,74.26,8.14,1.88,0,13.39,96.58
12/8/2005,14.18,53.49,3.31,1.5,0,13.7,96.92
12/9/2005,14.81,52.11,3.57,1.36,0,13.96,96.86
12/10/2005,14.8,44.15,1.71,1.51,0,13.82,96.48
12/11/2005,12.62,49.87,1.78,2.76,0,13.85,96.62
12/12/2005,10.8,53.86,0.58,1.63,0,14.24,96.82
12/13/2005,9.54,52.26,-0.96,1.55,0,14.25,96.63
12/14/2005,9.07,62.26,1.33,1.46,0,13.42,96.38
12/15/2005,9.4,71.38,3.98,1.24,0,13.71,96.46
12/16/2005,10,59.19,1.25,1.33,0,13.22,96.63
12/17/2005,10.12,55.37,0.36,1.64,0,13.82,96.78
12/18/2005,10.14,49.3,-1.28,1.24,0,13.24,96.6
12/19/2005,13.41,51.02,2.62,1.7,0.01,11.74,96.54
12/20/2005,13.62,65.92,7.07,0.87,7.13,4.77,96.48
12/21/2005,12.15,77.07,8.16,2.16,19.25,5.06,96.42
12/22/2005,12.51,74.5,7.82,2.03,16.35,8.14,96.66
12/23/2005,11.67,79.18,8.07,1.39,10.91,9.24,96.98
12/24/2005,13.5,71.43,8.25,1.41,3.25,9.89,96.77
12/25/2005,14.59,66.53,8.31,2.6,1.19,7.63,96.53
12/26/2005,13.07,82.34,9.98,2.63,10.93,4.33,96.48
12/27/2005,11.48,82.91,8.4,1.61,1.72,12.69,96.51
12/28/2005,9.2,78.48,5.37,1.86,2.87,8.62,96.18
12/29/2005,9.75,82.91,6.61,2.2,0.01,13.5,97.03
12/30/2005,10.75,74.09,5.61,2.6,0,13.7,97.35
12/31/2005,11.99,72.83,6.72,1.25,0,13.75,97.37
1/1/2006,10.48,81.71,7.19,2.69,0,11.56,97.29
1/2/2006,9.23,82,5.88,3.01,0,13.01,97.11
1/3/2006,9.17,73.19,3.85,2.35,0,14.07,96.95
1/4/2006,8.79,69.82,2.8,1.21,0,13.68,96.67
1/5/2006,8.86,73.19,3.81,1.34,0,14.38,96.6
1/6/2006,8.86,84.93,6.24,2.35,14.3,10.03,96.41
1/7/2006,7.95,90.42,6.46,2.91,10.52,8.1,96.18
1/8/2006,9.22,73.09,4.25,1.89,0.17,12.95,96.36
1/9/2006,9.26,61.35,1.25,1.64,0,13.91,96.82
1/10/2006,9.34,72.35,4.01,1.53,0,13.89,97.02
1/11/2006,9.43,68.08,3.02,2.03,0.01,9.57,96.97
1/12/2006,8.22,74.9,3.7,1.54,0.44,7.04,97.19
1/13/2006,9.78,72.93,4.35,1.24,0,12.67,97.27
1/14/2006,9.19,78.63,5.38,1.5,0.7,13.29,97.43
1/15/2006,9.85,83.47,6.87,1.57,11.28,12.88,97.14
1/16/2006,7.49,92.07,6.27,2.31,29.49,4.78,96.56
1/17/2006,7.19,85.89,4.77,2.45,1.58,11.1,96.57
1/18/2006,7.41,75.09,2.53,1.4,0,14.64,96.89
1/19/2006,8.5,65.46,1.51,1.32,0,14.96,96.67
1/20/2006,9.75,65.27,2.84,1.45,0,15.32,96.85
1/21/2006,10.07,67.7,3.47,1.73,0,13.83,97.06
1/22/2006,11.48,63.38,3.94,1.39,0,15.48,97.06
1/23/2006,11.42,60.11,3.36,1.21,0,11.23,96.87
1/24/2006,10.72,71.65,5.55,1.35,3.83,3.63,96.62
1/25/2006,10.72,79.38,7.1,4.27,6.39,5.46,96.14
1/26/2006,10.42,87.68,8.35,4.43,3.87,10.51,96.13
1/27/2006,11.31,81.76,8.25,5.01,20.07,5.46,95.54
1/28/2006,8.26,85.17,5.79,3.09,6.84,7.24,95.9
1/29/2006,7.07,83.46,4.32,3.18,5.7,14.01,96.41
1/30/2006,7.37,78.37,3.49,3.5,2.78,11.48,96.63
1/31/2006,7.34,72.52,2.18,2.33,0,16.44,96.87
2/1/2006,9.52,65.63,2.45,1.2,0,17,96.74
2/2/2006,10.9,70.98,5.05,2.07,0,16.81,96.63
2/3/2006,8.69,87.34,6.61,2.61,4.22,8.6,96.55
2/4/2006,10.42,82.97,7.24,1.27,1.08,16.46,96.66
2/5/2006,9.98,73.87,4.88,1.91,0,17.65,96.7
2/6/2006,11.09,65.06,3.85,1.6,0,17.79,96.67
2/7/2006,10.3,70.01,4.93,2.02,2.05,6.61,96.71
2/8/2006,12.46,62.71,4.69,1.9,0.01,14.08,96.37
2/9/2006,13.3,69.34,7.77,2.6,0.47,10.08,96.17
2/10/2006,14.11,74.48,9.02,1.51,2.5,9.04,96.22
2/11/2006,14.01,79.01,10.05,1.22,5.28,13.05,96.44
2/12/2006,13.1,84.14,10.12,1.59,3.03,13.01,96.61
2/13/2006,12.56,79.82,8.61,1.53,1.24,14.24,96.79
2/14/2006,11.3,78.72,7.26,1.85,0.89,13.01,96.79
2/15/2006,11.37,75.32,6.14,1.64,0.04,17.58,97.08
2/16/2006,11.59,76.34,7.09,1.48,0,11.89,97.02
2/17/2006,11.3,81.63,7.87,1.53,0.02,14.33,96.83
2/18/2006,11.3,80.41,7.42,1.68,0.06,16.12,96.86
2/19/2006,10.17,83.93,7.29,2.22,0.8,18.41,97.02
2/20/2006,8.8,81.1,5.29,1.8,0.16,15.97,96.96
2/21/2006,8.83,81.13,5.35,1.83,2.02,14.97,96.51
2/22/2006,8.23,81.24,4.84,2.71,1.88,15.89,96.74
2/23/2006,9.87,76.25,5.25,3.53,1.74,20.37,96.83
2/24/2006,10.45,83.19,7.45,2.73,2.52,16.56,96.67
2/25/2006,10.32,70.91,4.27,2.66,2.38,19.08,96.32
2/26/2006,12.26,84.59,9.52,3.99,4.66,17.44,96.18
2/27/2006,12.73,77.17,8.37,0.94,0.54,14.19,96.12
2/28/2006,12.78,76,8.32,2.02,3.94,7.85,95.57
3/1/2006,11.65,76.34,7.08,1.94,0.04,17.74,95.9
3/2/2006,11.62,80.31,7.74,1.61,0.09,17.16,96.72
3/3/2006,10.64,82.33,7.38,1.53,0.02,13.27,97.02
3/4/2006,11.34,77.76,7.04,2.54,0.19,20.7,96.9
3/5/2006,11,80.83,7.52,3.12,0.92,17.59,97.11
3/6/2006,9.12,65.14,1.65,3.26,0,22.76,97.61
3/7/2006,12.15,60.24,2.79,2.28,0,22.98,97.54
3/8/2006,15.35,62.55,6.9,1.36,0,22.91,97.29
3/9/2006,15.11,72.42,9.47,1.73,0,20.46,97.17
3/10/2006,14.33,72.32,8.33,3.29,0,21.58,97.41
3/11/2006,14.5,59.02,4.82,2.36,0,23.76,97.18
3/12/2006,17.58,44.55,3.11,1.47,0,23.69,96.64
3/13/2006,16.76,52.17,5.03,1.94,0,23.41,96.32
3/14/2006,16.6,55.07,5.96,1.51,0,23.51,96.15
3/15/2006,14.35,70.98,7.41,1.64,0,23.25,96.31
3/16/2006,15,69.85,8.18,1.45,0,23.67,96.21
3/17/2006,15.92,61.11,7.14,3.09,0.06,20.75,95.68
3/18/2006,14.33,75.04,9.4,4.68,1.3,22.37,95.69
3/19/2006,13.25,73.64,8.02,3.01,0.49,22.43,95.98
3/20/2006,12.48,74.41,7.46,4.06,2.6,21.05,96.02
3/21/2006,11.75,79.08,7.89,3.75,1.32,18.77,96.43
3/22/2006,13.45,71.79,7.29,1.44,0,24.64,96.75
3/23/2006,16.1,63.22,8.05,2.1,0,24.62,96.64
3/24/2006,17.11,64.51,8.43,1.57,0,23.8,96.76
3/25/2006,20.11,45.2,4.8,1.44,0,25.88,96.65
3/26/2006,21.74,43.33,6.37,2.14,0,25.17,96.64
3/27/2006,18.9,58.81,9.35,2.3,0,23.24,96.78
3/28/2006,16.87,74.27,11.36,2.69,0,24.91,96.79
3/29/2006,17.77,64.57,9.24,2.02,0,26.14,96.69
3/30/2006,21.71,48.09,8,2.31,0,25.67,96.67
3/31/2006,22.21,49.35,8.55,2.56,0,26.19,96.71
4/1/2006,23.23,45.46,7.59,1.53,0,24.62,96.65
4/2/2006,25.5,36.79,6.86,1.81,0,24.23,96.49
4/3/2006,24.91,38.2,7.03,2.32,0,22.36,96.28
4/4/2006,19.06,62.96,11.01,2.68,0,22.45,96.2
4/5/2006,15.94,69.98,9.7,2.88,0,23.93,96.23
4/6/2006,16.18,68.12,9.08,2.13,0.01,26.7,96.34
4/7/2006,17.14,67.77,9.86,2.19,0,26.87,96.26
4/8/2006,20.33,54.38,7.88,1.92,0,26.1,95.92
4/9/2006,17.88,66.39,10.31,2.54,0,18.14,95.79
4/10/2006,18.62,59.74,8.68,2.4,0,20.46,95.93
4/11/2006,17.79,63.45,9.05,2.2,0,23.37,96.42
4/12/2006,17.77,63.01,8.91,2.58,0,24.95,96.56
4/13/2006,19.67,58.97,10.24,1.71,0,20.3,96.16
4/14/2006,20.17,63.31,11.63,2.74,0.95,14.77,96.08
4/15/2006,17.99,71.05,11.94,3.02,0.02,15.31,96.51
4/16/2006,17.29,69.05,10.75,3.38,0,23.34,96.69
4/17/2006,15.44,65.34,7.93,4.04,0.01,26.18,96.59
4/18/2006,13.86,67.44,7.01,3.15,0,23.03,96.11
4/19/2006,15.9,67.97,8.72,3.23,0,26.37,96.41
4/20/2006,16.97,62.81,7.93,3.47,0,28.26,96.52
4/21/2006,16.82,66.4,9.11,3.12,0.06,28.32,96.32
4/22/2006,14.69,72.29,9.09,3.22,1.74,15.01,96.04
4/23/2006,12.69,78.19,8.7,3.11,8.34,14.85,95.59
4/24/2006,13.79,82.42,10.6,3.91,13.46,10,95.76
4/25/2006,16.62,70.54,10.17,1.95,0.2,26.47,96.36
4/26/2006,19.45,59.93,9.53,3.33,0,27.53,96.48
4/27/2006,21.5,52.73,9.18,1.75,0,28.14,96.52
4/28/2006,20.8,58.42,10.75,1.93,0,27.85,96.27
4/29/2006,20.31,55.11,9.12,1.63,0,28.73,95.97
4/30/2006,20.15,54.63,8.82,2.17,0,28.86,95.76
5/1/2006,18.81,64.35,10.22,1.98,0.06,23.88,95.76
5/2/2006,16.58,74.61,11.44,3.39,4.52,12.2,95.86
5/3/2006,15.16,71.42,9.34,2.93,1.17,23.22,96.3
5/4/2006,16.18,63.14,7.51,2.51,0.01,26.79,96.58
5/5/2006,17.15,64.71,8.91,3.71,0.01,29.08,96.64
5/6/2006,16.94,67.17,9.79,2.72,0,24.52,96.52
5/7/2006,19.67,62.92,10.69,2.86,0,29.32,96.42
5/8/2006,21.79,55.91,9.92,2.65,0,29.99,96.35
5/9/2006,25.44,41.57,8.82,2.62,0,25.66,96.1
5/10/2006,24.68,48.48,11.66,2.34,0,18.87,95.82
5/11/2006,20.28,66.18,12.7,3.03,0,26.37,96.03
5/12/2006,20.33,63.89,11.89,2.88,0,29.36,96.25
5/13/2006,21.81,64.35,13.54,2.71,0,29.61,96.36
5/14/2006,23.87,56.43,12.67,2.42,0,28.62,96.41
5/15/2006,25.16,55.48,12.98,2.09,0,25.31,96.23
5/16/2006,29.49,40.9,11.41,1.29,0,28.03,96.23
5/17/2006,29.27,37.44,9.33,2.77,0,28.14,96.54
5/18/2006,24.72,57.61,14.55,3.21,0,25.7,96.9
5/19/2006,23.37,60.43,14.07,3.87,0.01,26.98,96.8
5/20/2006,23.58,53.82,12.06,3.22,0,27.51,96.32
5/21/2006,24.2,47.9,11.39,3.08,0,26.84,96.07
5/22/2006,20.19,61.22,11.46,4.55,0.01,26.6,96.41
5/23/2006,18.59,59.79,9.47,4.65,0,22.36,96.7
5/24/2006,18.1,55.91,6.55,4.02,0,31.37,96.66
5/25/2006,22.01,55.79,11.29,2.93,0.01,29.48,96.27
5/26/2006,23.45,55.28,12.53,1.71,0.23,23.07,96.15
5/27/2006,26.49,42.19,10.28,2.88,0.03,26.55,96.23
5/28/2006,24.96,52.43,13.27,2.71,0.64,29.05,96.49
5/29/2006,21.96,62.49,13.44,2.86,0.73,28.77,96.48
5/30/2006,20.77,65.15,13.05,2.91,2.53,24.18,96.31
5/31/2006,21,63.79,12.96,2.44,0.18,21.07,96.2
6/1/2006,22.78,60.76,13.29,2.64,0,28.41,96.4
6/2/2006,24.74,55.03,13.58,2.66,0.04,30.23,96.56
6/3/2006,26.24,43.64,11.16,2.81,0,29.68,96.41
6/4/2006,27.16,34.59,8,2.14,0,30.35,96.25
6/5/2006,27.64,34.88,8.47,2.51,0,30.54,96.2
6/6/2006,26.75,39.09,9.5,3.03,0,30.03,96.32
6/7/2006,27.11,44.9,11.97,2.85,0,29.61,96.5
6/8/2006,27.9,49.3,13.84,2.98,0,26.86,96.42
6/9/2006,24.83,59.67,15.6,3.35,0,27.08,96.4
6/10/2006,24.76,53.36,12.99,3.59,0,30.4,96.32
6/11/2006,24.13,56.04,13.61,3.56,0,30.52,96.27
6/12/2006,22.6,61.23,13.62,3.62,0,27.62,96.23
6/13/2006,20.61,64.14,12.54,3.41,0,14,96.17
6/14/2006,20.59,62.31,12.06,4.09,0,26.38,96.24
6/15/2006,20.85,59.01,11.32,3.35,0.01,29.05,96.51
6/16/2006,21.05,63.3,12.83,3.27,0.21,27.22,96.74
6/17/2006,21.13,64.92,13.4,3.19,0.23,23.18,96.58
6/18/2006,20.82,68,14.15,3.51,0.75,14.37,96.29
6/19/2006,22.09,64.61,14.24,3.92,0.29,17.41,96.25
6/20/2006,24.85,56.99,14.15,4.13,0,29.65,96.33
6/21/2006,24.36,57.9,14.49,3.79,0.12,27.82,96.3
6/22/2006,24.64,56.28,14.27,3.06,0.05,22.16,96.25
6/23/2006,24.3,60.39,14.89,2.92,0.07,29.49,96.4
6/24/2006,24.08,59.75,14.73,3.18,0.06,28.05,96.5
6/25/2006,23.71,57.96,14.03,3.82,0.07,21.9,96.53
6/26/2006,22.13,59.68,13.31,3.37,0,20.97,96.52
6/27/2006,22.04,57.09,12.15,3.48,0,25.23,96.69
6/28/2006,22.19,56.57,11.83,3.46,0,30.28,96.8
6/29/2006,23.39,52.26,11,2.9,0,30.79,96.8
6/30/2006,24.79,51.03,11.21,2.59,0,31.24,96.8
7/1/2006,25.87,48.75,12.1,2.75,0,29.44,96.78
7/2/2006,25.44,49.71,12.45,3.31,0,27.28,96.67
7/3/2006,25.43,46.85,11.34,3.01,0,26.17,96.52
7/4/2006,24.45,51.41,12.34,3.22,0,28.26,96.59
7/5/2006,24.34,53.69,12.71,4.06,0,30.04,96.68
7/6/2006,24.45,50.08,11.06,3.8,0,31.1,96.7
7/7/2006,25.78,46.85,10.39,2.89,0,31.14,96.49
7/8/2006,26.37,48.22,11.73,2.44,0,29.34,96.35
7/9/2006,31.38,37.59,11.18,1.91,0,22.17,96.4
7/10/2006,35.52,21.65,8.83,3.37,0.18,16.97,96.6
7/11/2006,36.03,24.93,10.9,3.23,0.15,25.16,96.46
7/12/2006,29.43,39.16,12.08,3.68,0,28.99,96.34
7/13/2006,26.99,48.85,13.08,2.96,0.09,30.24,96.06
7/14/2006,29.55,45.99,13.99,3.02,0.05,26.95,96.08
7/15/2006,33.17,29.66,9.99,3.07,0,29.11,96.22
7/16/2006,34.82,26.48,10.08,2.54,0.26,22.97,96.34
7/17/2006,34.65,27.5,11.82,3.36,0.68,18.83,96.45
7/18/2006,30.31,45.94,15.99,3.46,0.37,25.13,96.41
7/19/2006,27.53,54.08,16.2,3.01,0.31,28.08,96.55
7/20/2006,29.93,49.63,16.53,3.39,1.92,25.94,96.56
7/21/2006,33.21,37.71,14.68,2.64,0.97,20.34,96.74
7/22/2006,34.51,27.27,11.55,4.8,1.59,25.4,96.62
7/23/2006,30.92,37.35,12.44,2.59,0,28.52,96.55
7/24/2006,30.9,30.95,7.76,2.63,0,29.25,96.53
7/25/2006,31.15,26.83,6.76,2.25,0,29.95,96.42
7/26/2006,30.01,40.2,12.79,2.97,0,25.82,96.46
7/27/2006,28.56,43.87,13.58,4.04,0,27.45,96.52
7/28/2006,28.11,44.67,12.99,3.45,0,28.39,96.31
7/29/2006,27.97,44.51,12.79,3.17,0,28.46,96.15
7/30/2006,29.11,44,13.02,3.53,0,27.92,96.36
7/31/2006,30.12,43.06,13.94,2.6,0.09,21.69,96.58
8/1/2006,31.47,37.76,13.13,3.53,0,24.67,96.47
8/2/2006,30.61,38.27,12.75,2.94,0,24.34,96.31
8/3/2006,29.06,45.36,13.76,2.91,0,27.7,96.23
8/4/2006,26.87,47.37,11.84,3.05,0,29.53,96.16
8/5/2006,26.47,50.07,12.84,2.8,0,30.25,96.16
8/6/2006,27.29,49.77,13.33,3.32,0,29.54,96.22
8/7/2006,27.12,51.85,14.47,3.57,0,29.49,96.24
8/8/2006,26.09,52.93,13.97,2.69,0,28.61,96.05
8/9/2006,27.35,53.72,15.38,3.5,0,27.91,95.85
8/10/2006,26.65,56.17,15.77,3.31,0,26.45,96.03
8/11/2006,26.23,54.34,14.4,2.6,0,27.62,96.33
8/12/2006,27.53,50.02,14.05,2.36,0,28.19,96.37
8/13/2006,27.47,49.86,13.98,2.73,0,28.26,96.28
8/14/2006,25.88,51.95,13.25,2.69,0,28.16,96.35
8/15/2006,24.72,51.9,12.15,2.58,0,28.71,96.49
8/16/2006,25.36,50.06,12.31,2.76,0,27.34,96.39
8/17/2006,24.02,57.34,14.11,3.78,0.23,27.22,96.32
8/18/2006,23.43,58.63,13.57,3.33,0.26,27.22,96.37
8/19/2006,23.04,55.94,12.71,4.81,0,24.52,96.47
8/20/2006,25.18,52.66,13.23,4.53,0,27.74,96.41
8/21/2006,29.29,34.46,6.64,2.27,0,28.8,96.25
8/22/2006,29.29,40.61,11.7,2.59,0,27.35,96.31
8/23/2006,27.44,51.34,14.97,2.94,0,26.57,96.28
8/24/2006,28.77,48.65,14.63,3.72,0,25.19,96.25
8/25/2006,29.53,41.37,12.49,2.87,0,24.22,96.32
8/26/2006,29.78,33.15,9.53,3.03,0,24.05,96.37
8/27/2006,30.2,38.62,11.17,3.04,0,24.24,96.32
8/28/2006,31.48,31.63,9.25,2.68,0,24.2,96.3
8/29/2006,31.21,31.72,10.2,2.4,0,20.02,96.22
8/30/2006,34.3,25.84,9.87,1.93,0.5,19.33,96.27
8/31/2006,34.04,25.82,9.95,3.16,0.05,16.7,96.43
9/1/2006,32.95,26.96,10.59,2.05,0.01,19.47,96.48
9/2/2006,34.26,25.48,10.24,2.01,0,22.02,96.38
9/3/2006,34.62,25.17,10.19,2.82,0,22.69,96.43
9/4/2006,33.84,27.06,10.08,2.48,0,24.38,96.42
9/5/2006,30.62,35.97,12.09,3.4,0,23.26,96.26
9/6/2006,29.85,36.21,11.93,2.72,0,24.31,96.15
9/7/2006,31.89,27.92,9.19,2.42,0.01,23.03,96.05
9/8/2006,34.04,21.63,7.83,2.59,1.12,20.45,96.15
9/9/2006,30.64,36.3,12.73,3.05,0,23.86,96.49
9/10/2006,28.39,43.64,12.46,2.73,0,24.88,96.66
9/11/2006,27.63,48.84,14.03,3.68,0,20.29,96.57
9/12/2006,24.79,57,14.36,3.52,0.59,21.73,96.25
9/13/2006,23.22,55.02,12.72,3.42,0.11,16.83,96.36
9/14/2006,21.32,60.27,12.65,3.01,0.49,20.75,96.58
9/15/2006,21.13,53.71,9.71,4.85,0,24.54,96.65
9/16/2006,21.26,54.44,9.32,4.51,0,24.9,96.51
9/17/2006,22.35,53.3,9.98,2.79,0,24.55,96.63
9/18/2006,21.24,58.5,11.5,2.26,0,17.36,96.67
9/19/2006,22.84,61.73,13.68,3.74,0.02,21.03,96.39
9/20/2006,22.8,62.46,14.28,2.79,0.02,21.5,96.21
9/21/2006,21.84,64.36,13.7,3.2,0.12,23.01,96.21
9/22/2006,21.73,65.6,14.31,2.99,0.26,12.09,96.17
9/23/2006,20.43,62.97,12.2,2.82,0,15.8,96.12
9/24/2006,21.91,58.98,12.38,2.18,0,22.09,96.29
9/25/2006,23.49,52.61,11.49,3.15,0,22.08,96.64
9/26/2006,24.76,49.06,11.21,2.27,0,23.04,96.6
9/27/2006,22.3,67.61,15.16,2.2,0,18.65,96.6
9/28/2006,22.49,64.41,14.33,3.28,0,12.76,96.51
9/29/2006,23.29,59.34,13.42,3.6,0,22.39,96.44
9/30/2006,23.73,61.91,14.73,3.32,0,21.87,96.44
10/1/2006,26.36,51.89,11.4,2.04,0,21.94,96.38
10/2/2006,28.73,37.92,8.95,2.08,0,21.53,96.56
10/3/2006,26.51,45.47,12.07,2.57,0,19.45,96.91
10/4/2006,21.88,59.76,12.63,4.03,0,20.91,97.13
10/5/2006,20.27,56.41,9.27,4.62,0,22.14,96.94
10/6/2006,22.56,47.77,8.11,2.37,0,20.3,96.67
10/7/2006,24.82,35.46,6.5,2.01,0,18.46,96.52
10/8/2006,26.96,25.13,4.35,2.54,0,17.25,96.39
10/9/2006,26.43,29.58,6.18,2.65,0,18.04,96.45
10/10/2006,23.86,37.45,7.35,2.35,0,17.21,96.58
10/11/2006,23.46,44.35,8.88,3.01,0,19.94,96.55
10/12/2006,22.49,59.96,12.53,3,0.03,20.58,96.43
10/13/2006,23.04,53.47,10.98,2.08,0,18.46,96.53
10/14/2006,23.54,49.78,9.92,2.24,0,19.31,96.51
10/15/2006,23.58,40.32,7.91,2.08,0,15.33,96.24
10/16/2006,21.35,51.56,8.75,3.4,0,19.47,96.2
10/17/2006,21.6,48.35,9.08,3.76,0,18.19,96.12
10/18/2006,19.75,62.03,11.71,3.91,0.28,14.26,96.2
10/19/2006,18.42,70.39,12.07,2.58,0.02,17.36,96.36
10/20/2006,19.34,66.33,11.47,1.86,0,19.05,96.47
10/21/2006,20.31,63.17,12.14,1.31,0,18.61,96.43
10/22/2006,21.86,65.1,13.83,2.12,0,18.6,96.31
10/23/2006,21.14,71.24,14.76,2.45,0,12.72,96.44
10/24/2006,21.82,63.26,13.37,2.06,0,18.45,96.2
10/25/2006,19.41,74.17,14.22,4.38,16.31,8.65,95.7
10/26/2006,16.15,78,11.99,2.69,4.05,16.65,96.06
10/27/2006,17.39,67.07,10.28,1.74,0.2,17.86,96.13
10/28/2006,19.21,54.5,9.31,2.41,0.59,10.94,96.36
10/29/2006,22.06,46.85,9.31,1.56,0.04,14.07,96.37
10/30/2006,22.52,41.97,7.84,2.22,0.03,16.76,96.28
10/31/2006,23.76,41.98,9.1,2.31,0.02,13.6,96.49
11/1/2006,22.23,50.8,11.07,1.34,2.01,7.58,96.62
11/2/2006,21.03,58.41,12.46,1.56,0.18,6.57,96.65
11/3/2006,23.06,49.13,10.91,2.33,0,12.17,96.34
11/4/2006,22.35,57.44,12.91,1.71,0.01,10.05,96.54
11/5/2006,21.72,67.42,14.68,1.93,0,13.35,96.76
11/6/2006,20.6,64.09,12.64,1.23,0.16,7.07,96.79
11/7/2006,17.95,70.44,12.09,2.56,3.68,10.66,96.72
11/8/2006,17.8,65.99,10.56,1.64,1.03,14.62,96.74
11/9/2006,19.24,54.59,9.16,1.49,0,14.57,96.76
11/10/2006,19.16,47.29,6.98,2.02,0,15.08,96.91
11/11/2006,19.39,44.53,6.2,2.06,0,15.99,97.19
11/12/2006,18.51,47.61,6.13,1.63,0,16.16,97.27
11/13/2006,18.02,47.4,5.29,1.3,0,16.2,96.96
11/14/2006,17.59,44.62,4.09,1.37,0,15.92,96.69
11/15/2006,18.92,32.17,0.61,3.29,0.03,9.07,96.48
11/16/2006,16.97,44.54,4.13,3.85,2.23,4.87,96.49
11/17/2006,14.83,73.04,9.69,1.97,0,13.65,96.85
11/18/2006,16.05,57.78,6,1.81,0,15.5,96.78
11/19/2006,20.07,39.06,4.9,2.05,0,8.46,97.1
11/20/2006,19.44,48.76,7.96,2.17,0,11.52,97.5
11/21/2006,18.25,51.44,6.9,1.98,0,14.63,97.34
11/22/2006,15.31,63.48,7.17,2.47,0,15.16,96.9
11/23/2006,15.27,70.62,9.28,1.6,0,14.9,96.5
11/24/2006,15.92,63.52,7.51,2.34,0,13.81,96.25
11/25/2006,14.01,68.51,7.63,3.78,27.99,6.59,96.35
11/26/2006,12.33,71.22,6.51,1.31,0.36,14.8,96.96
11/27/2006,14.38,49.71,2.89,1.14,0,14.04,96.9
11/28/2006,13.22,57.05,4.49,0.99,0,11.47,97.07
11/29/2006,13.34,53.77,3.07,1.76,0,14.75,97.11
11/30/2006,14.45,42.68,0.63,1.47,0,14.91,97.05
12/1/2006,14.77,46.9,2.68,2.05,0,13.53,97.23
12/2/2006,13.72,66.61,7,3.34,0.88,11.79,97.28
12/3/2006,12.43,74.58,7.36,2.79,0.2,13.78,97.51
12/4/2006,12.79,56.48,3.2,1.37,0,13.67,97.47
12/5/2006,13.99,58.58,4.47,2.58,0.02,13.95,97.42
12/6/2006,13.38,72.03,8.11,2.17,0.92,10.11,97.46
12/7/2006,12.56,67.7,5.67,1.95,0,13.92,97.26
12/8/2006,13.35,75.89,8.75,2.21,1.11,13.42,97.06
12/9/2006,10.41,75.67,5.84,4.35,0.57,10.05,97.06
12/10/2006,7.03,86.54,4.93,4.27,13.7,5.23,96.42
12/11/2006,9.25,71.98,3.9,1.06,0.56,10.88,96.41
12/12/2006,9.97,70.43,4.03,1.68,0,12.33,96.85
12/13/2006,11.52,67.71,5.07,1.71,0.02,12.94,96.93
12/14/2006,12.19,63.97,4.92,1.38,0.01,12.85,96.78
12/15/2006,11.92,64.6,4.66,2.59,0.03,12.98,96.94
12/16/2006,11.99,57.29,2.92,1.37,0,13.52,97.26
12/17/2006,13.33,43.73,0.37,1.07,0,13.62,97.51
12/18/2006,12.68,50,1.76,1,0,12.32,97.33
12/19/2006,10.96,72.02,5.52,1.3,0,11.78,97.01
12/20/2006,9.81,70.17,3.83,2.36,0,13.09,97.15
12/21/2006,7.15,75.23,2.23,2,0,13.91,97.25
12/22/2006,7.26,69.74,1.03,2.49,0,13.8,97.3
12/23/2006,7.74,55.99,-1.53,1.23,0,14.12,97.38
12/24/2006,8.42,49.87,-2.09,1.64,0,13.46,97.3
12/25/2006,9.77,43,-3.2,1.84,0,13.66,97.16
12/26/2006,9.96,44.94,-2.22,1.5,0,11.33,97.33
12/27/2006,10.17,44.84,-2.14,1.67,0,13.66,97.35
12/28/2006,10.43,53.32,0.61,1.92,0,11.97,97.38
12/29/2006,11.62,48.4,0.03,1.61,0,13.35,97.57
12/30/2006,11.91,48.78,0.41,1.59,0,13.76,97.97
12/31/2006,13.21,45.08,0.82,1.41,0,13.84,98.17
1/1/2007,12.75,55.09,2.77,1.55,0,13.57,98.23
1/2/2007,13.34,54,3.19,1.32,0,13.77,98.1
1/3/2007,14.32,44.56,1.33,1.66,0,14.04,98.02
1/4/2007,14.4,46.61,2.02,1.07,0,13.83,97.97
1/5/2007,13.49,49.92,2.1,1.23,0,12.34,97.74
1/6/2007,12.25,57.66,2.93,1.27,0,12.32,97.6
1/7/2007,11.68,63.61,4.15,1.5,0,12.64,97.54
1/8/2007,12.01,57.1,2.71,1.71,0,13.36,97.33
1/9/2007,13.37,40.98,-0.91,1.97,0,12.15,97.13
1/10/2007,12.9,38.41,-1.82,1.78,0,10.99,97.22
1/11/2007,13.34,40.53,-0.53,1.61,0,9.92,97.58
1/12/2007,15.33,34.67,-1.04,1.59,0,9.87,97.61
1/13/2007,14.97,48.67,3.98,1.22,0,13.96,97.43
1/14/2007,14.06,63.55,6.77,1.38,0,10.25,97.42
1/15/2007,14.53,55.12,4.57,1.23,0,14.02,97.26
1/16/2007,14.04,57.67,4.75,1.19,0,12.5,97.26
1/17/2007,14.38,52.91,3.59,1.1,0,13.53,97.45
1/18/2007,14.5,43.43,1.06,1.35,0,14.89,97.68
1/19/2007,15.1,39.7,0.35,2.01,0,14.03,97.69
1/20/2007,14.08,45.43,1.17,1.4,0,9.38,97.48
1/21/2007,14.26,48.58,1.56,1.07,0,12.2,96.95
1/22/2007,11.44,69.95,5.18,1.54,0.11,13.83,96.73
1/23/2007,11.08,72.46,5.79,1.77,0.1,15.34,96.63
1/24/2007,9.61,75.95,5.06,1.38,0.04,15.24,96.62
1/25/2007,9.07,70.62,3.49,1.51,0.08,6.54,96.22
1/26/2007,6.62,71.79,1.29,2.75,0.94,8.64,96.13
1/27/2007,6.56,58.94,-1.36,2,0,12.09,96.45
1/28/2007,7.62,80.37,4.29,2.68,4.77,8.44,96.43
1/29/2007,8.94,77.54,4.84,2.5,4.36,7.28,96.69
1/30/2007,9.1,67.26,2.32,1.18,0,13.07,96.87
1/31/2007,10.81,60.73,2.57,2.05,0,15.1,96.91
2/1/2007,12.89,70.9,7.26,2.31,4.3,4.81,96.87
2/2/2007,13.38,79.06,9.39,1.58,3.22,12.73,96.64
2/3/2007,12.58,79.53,8.74,1.67,0.89,9.9,96.87
2/4/2007,11.88,71.09,5.88,2.2,0.03,16.7,96.85
2/5/2007,12.01,58.46,3.54,0.99,0,9.41,96.49
2/6/2007,12.27,65.87,5.6,1.74,0.17,8.09,96.11
2/7/2007,11.66,73.44,6.47,1.1,0.09,14.83,96.44
2/8/2007,12.86,79.43,9.17,2.58,1.2,14.28,96.89
2/9/2007,14.55,77.56,10.12,1.35,0.64,16.67,97.33
2/10/2007,15.65,68.64,8.52,2.14,0,17.54,97.5
2/11/2007,16.67,57.36,6.71,1.51,0,17.58,97.35
2/12/2007,18.21,47.21,5.44,1.44,0,16.45,97.22
2/13/2007,19.31,44.59,5.29,1.97,0,18.32,97.09
2/14/2007,16.62,43.11,3.35,1.54,0,15.79,97.09
2/15/2007,18.12,34.42,0.84,1.82,0,17.51,96.71
2/16/2007,16.57,50.09,4.7,4.29,0.58,18.04,96.43
2/17/2007,11.81,67.58,5.23,2.48,0.57,14.61,96.87
2/18/2007,10.81,62.44,2.18,3.08,0,20.19,96.83
2/19/2007,11.06,61.2,2.92,1.67,0.4,17.17,96.5
2/20/2007,9.28,82.94,6.42,3.53,15.98,9.17,96.29
2/21/2007,9.81,66.25,3.08,1.61,0.22,19.16,96.85
2/22/2007,11.99,54.34,1.09,1.47,0.04,19.78,97.1
2/23/2007,12.88,71.9,7.61,1.7,0.72,16.5,97.18
2/24/2007,13.83,72.16,7.9,2.69,0.17,16.18,97.11
2/25/2007,14.25,58.41,4.62,1.93,0,20.15,97.3
2/26/2007,15.33,52.59,3.66,1.99,0,21.05,97.45
2/27/2007,15.03,56.06,4.71,2.04,0,21.43,97.36
2/28/2007,16.26,59,6.3,1.38,0,21.33,97.21
3/1/2007,16.46,58.1,6.78,1.42,0,21.33,97.08
3/2/2007,17.7,51.48,5.21,1.73,0,21.39,97.15
3/3/2007,19.36,39.36,2.71,1.63,0,21.54,97.03
3/4/2007,18.5,41.74,2.55,2.21,0,21.76,97.02
3/5/2007,16.32,55.08,5.63,1.65,0,20.83,97.15
3/6/2007,15.12,67.56,8.05,1.86,0,19.7,97.3
3/7/2007,14.58,68.78,7.74,2.55,0,19.25,97.53
3/8/2007,15.43,48.04,1.05,3.94,0,23.05,97.55
3/9/2007,14.56,40.75,-1.55,3.37,0,23.16,97.34
3/10/2007,16.75,36.44,-0.84,1.34,0,23.38,97.1
3/11/2007,16.23,39.2,-1.06,1.96,0,23.82,96.94
3/12/2007,15.82,31.7,-4.27,1.4,0,22.81,96.59
3/13/2007,17.95,32.99,-0.65,2.2,0,19.12,96.4
3/14/2007,17.33,31.41,-0.58,1.95,0,10.92,96.65
3/15/2007,17.03,41.05,2.08,1.36,0,16.84,96.7
3/16/2007,14.04,71.44,8.05,1.68,0,21.9,96.73
3/17/2007,16.09,50.72,3.73,1.8,0,22.32,96.7
3/18/2007,18.44,37.24,2.05,2.19,0.03,17.96,96.73
3/19/2007,18.02,40.48,1.95,2.57,0,22.64,96.61
3/20/2007,13.61,57.75,4.38,3.87,0,21.67,96.03
3/21/2007,11.1,50.44,-0.33,3.52,0,24.63,96.12
3/22/2007,11,46.8,-2.14,3.36,0,25.74,96.6
3/23/2007,14.59,33.68,-3.62,2.03,0,25.22,96.4
3/24/2007,14.7,45.25,1.33,2.44,0,23.06,96.17
3/25/2007,13.83,63.27,5.65,2.19,0.05,13.58,96.24
3/26/2007,11.89,71.57,6.38,4.04,4.33,19.67,96.27
3/27/2007,12.05,73.67,6.86,2.45,2.99,16.52,96.56
3/28/2007,11.19,72.07,5.72,2.52,0.53,21.53,96.67
3/29/2007,12.29,67.03,5.37,2.52,0.2,25.2,96.92
3/30/2007,14.29,51.98,1.85,1.87,0,23.29,96.88
3/31/2007,14.49,54.16,3.82,2.24,0,26.23,96.55
4/1/2007,10.26,80.78,6.95,2.29,11.93,14.37,96.29
4/2/2007,11.56,62.78,3.1,1.63,0.06,24.32,96.39
4/3/2007,13.3,58.4,3.19,2.08,0,27.28,96.43
4/4/2007,13.46,63.65,5.14,2.34,0,26.93,96.53
4/5/2007,13.37,58.96,3.31,1.8,0.07,26.35,96.4
4/6/2007,14.64,57.94,5.83,2.03,0.75,21.57,96.24
4/7/2007,14.28,53.43,2.64,1.77,0,27.14,96.29
4/8/2007,15.02,56.71,4.62,1.64,0,26.59,96.27
4/9/2007,16.78,53.34,5.86,2.4,0.05,23.06,96.15
4/10/2007,16.88,56.09,6.51,1.93,0,25.81,96.26
4/11/2007,14.57,68.31,7.95,3.08,3.31,21.3,96.38
4/12/2007,13.34,72.61,7.97,3.29,3.68,21.4,96.6
4/13/2007,15.81,66.1,8.2,2.29,0.26,27.74,96.71
4/14/2007,17.99,48.44,3.65,2.44,0,27.98,96.53
4/15/2007,17.89,46.51,3.79,1.98,0,27.5,96.25
4/16/2007,17.2,61.69,7.67,2.24,0.24,27.27,95.94
4/17/2007,15,80.3,11.32,3.44,11.6,8.47,95.6
4/18/2007,16.32,73.53,10.8,2.84,2.05,18.66,96.03
4/19/2007,17.19,67.25,9.67,1.82,0.12,23.61,96.24
4/20/2007,16,71.4,9.87,3.15,1.55,20.51,96.06
4/21/2007,14.88,70.35,8.77,2.17,6.92,16.66,95.97
4/22/2007,16.36,73.64,10.93,2.52,2.68,18.7,96.18
4/23/2007,19.04,62.86,10.09,2.8,0.04,26.27,96.28
4/24/2007,20.99,54.25,9.4,2.01,0,26.3,96.2
4/25/2007,19.9,57.14,9.21,2.6,0.01,24.48,96.13
4/26/2007,16.62,65.4,9.32,3.87,0.47,12.04,96.17
4/27/2007,15.16,63.82,6.9,3.65,0.02,23.57,96.22
4/28/2007,16.93,60.08,7.32,3.51,0.04,27.17,96.55
4/29/2007,17.08,59.43,6.87,2.79,0,29.7,96.63
4/30/2007,16.9,62.36,7.68,3.49,0.06,29.6,96.55
5/1/2007,16.25,61.04,7.47,3.73,0.02,26.23,96.42
5/2/2007,16.71,63.67,8.17,2.64,0.07,29.54,96.35
5/3/2007,16.64,66.97,9.35,3.24,0.79,19.62,96.24
5/4/2007,15.78,64.71,7.75,2.73,0.19,27.31,96.41
5/5/2007,15.8,60.96,7.18,2.96,0.03,26.54,96.66
5/6/2007,16.26,56.2,5.71,3.1,0,30.27,96.85
5/7/2007,18.75,44.92,3.06,3.25,0,30.9,97.06
5/8/2007,22.12,31.59,1.6,2.58,0,30.44,97.17
5/9/2007,24.08,28.78,2.47,2.34,0,30.04,97.18
5/10/2007,23.94,30.02,3.01,2.25,0,29.01,97.01
5/11/2007,24.14,28.88,2.93,2.31,0,30.82,96.89
5/12/2007,24.44,27.65,1.64,2.04,0,29.33,96.62
5/13/2007,22.04,44.94,7.04,2.69,0.29,28.6,96.69
5/14/2007,20.15,54.63,9.67,4.97,0.08,26.09,96.75
5/15/2007,18.92,56.26,9.4,4.07,1.33,22.44,96.47
5/16/2007,24.03,49.09,9.25,2.95,0,29.71,96.19
5/17/2007,29.11,25.56,3.89,2.19,0,29.27,96.14
5/18/2007,29.35,27.06,4.98,2.59,0,27.18,95.96
5/19/2007,22.9,55.13,11.75,3.42,0,29.5,95.88
5/20/2007,19.53,64.02,11.52,3.5,0.07,26.07,95.99
5/21/2007,17.05,69.66,10.97,3.3,8.35,12.58,96.11
5/22/2007,16.09,61.65,7.83,2.4,1.23,15.98,96.08
5/23/2007,16.6,56.86,7.05,2.67,0.38,18.86,95.94
5/24/2007,18.11,54.79,7.48,2.64,0.22,28.86,96.02
5/25/2007,18.3,58.4,8.86,2.32,0.23,27.32,96.16
5/26/2007,17.72,55.29,7.27,2.69,0.42,30.42,96.31
5/27/2007,18.62,60.96,9.63,2.56,0.97,28.45,96.67
5/28/2007,19.8,55.89,9.09,4.18,0.01,31.04,96.7
5/29/2007,20.48,53.03,7.98,3.47,0,31.42,96.51
5/30/2007,21.72,54.77,9.97,3.8,0,31.35,96.55
5/31/2007,21.83,52.08,9.35,4.17,0,31.14,96.65
6/1/2007,22.93,43.89,6.78,4.23,0,31.51,96.63
6/2/2007,24.4,39.92,6.15,3.12,0,31.6,96.32
6/3/2007,26.04,37.52,7.42,2.78,0,31.19,96.1
6/4/2007,27.23,35.92,8.04,2.56,0,27.7,95.75
6/5/2007,25.6,43.5,10.74,2.6,0,30.58,95.62
6/6/2007,22.59,55.43,11.51,3.6,0,26.88,95.74
6/7/2007,21.33,57.68,11.4,2.93,0,24.44,96.16
6/8/2007,22.37,53.51,11.3,2.63,0,29.96,96.48
6/9/2007,21.09,53.42,10.41,2.93,0,28.16,96.62
6/10/2007,21.13,53.36,9.22,2.93,0,28.94,96.68
6/11/2007,22.15,56.6,11.84,4,0,30.24,96.51
6/12/2007,21.82,56.55,11.47,3.86,0,31.59,96.36
6/13/2007,21.99,53.14,9.87,3.43,0,31.56,96.33
6/14/2007,22.32,55.22,10.74,2.8,0,31.86,96.52
6/15/2007,23.64,56.42,12.85,2.63,0,31.52,96.65
6/16/2007,24.65,52.03,11.47,3.02,0,31.64,96.42
6/17/2007,23.39,57.57,12.49,3.01,0,30.07,96.27
6/18/2007,23.31,56.49,12.95,3.08,0.01,24.21,96.21
6/19/2007,23.05,54.45,12.14,3.01,0,29.97,96.47
6/20/2007,22.64,53.23,10.95,3.31,0,31.09,96.72
6/21/2007,21.6,54.14,10.65,5.33,0,29.95,96.67
6/22/2007,22.61,49.71,9.79,5.35,0,31.11,96.19
6/23/2007,25.05,49.49,11.09,3.02,0,30.7,95.97
6/24/2007,25.11,53.36,13.03,3.1,0,31.13,96.46
6/25/2007,23.84,53.95,12.23,3.19,0,30.6,96.72
6/26/2007,22.9,53.75,11.16,3.64,0,31.95,96.45
6/27/2007,21.43,56.61,11.32,3.73,0,30.42,96.18
6/28/2007,22.67,54.29,11.83,3.5,0,30.21,96.29
6/29/2007,25.6,50.02,12.15,3.53,0,30.79,96.34
6/30/2007,25.81,47.51,11.17,3.55,0,30.94,96.46
7/1/2007,24.59,51.39,11.86,4.3,0.01,30.98,96.54
7/2/2007,24.61,51.6,11.57,4.96,0,31.05,96.43
7/3/2007,25.23,49.31,11.35,4.45,0,31.43,96.42
7/4/2007,26.81,48.87,12.58,3.99,0,31.11,96.53
7/5/2007,27.62,45.79,12.22,2.95,0,30.82,96.36
7/6/2007,27.39,46.59,12.38,2.57,0,30.93,96.26
7/7/2007,28.18,41.21,10.39,2.2,0,30.47,96.28
7/8/2007,29.25,41.3,12.03,2.34,0,28.61,96.41
7/9/2007,27.64,46.3,13.11,3.26,0,26.63,96.57
7/10/2007,28.96,34.08,7.27,2.96,0,28.52,96.47
7/11/2007,31.5,18.95,2.79,2.27,0.13,19.34,96.28
7/12/2007,33.17,23.62,7.94,2.59,0,27.93,96.15
7/13/2007,32.65,27.49,9.3,2.49,0,28.04,96.1
7/14/2007,31.47,35.72,11.46,2.93,0,24.29,96.19
7/15/2007,29.07,39.51,12.64,3.57,0,22.81,96.38
7/16/2007,29.55,38.47,11.66,3.24,0,26.05,96.47
7/17/2007,29.04,39.85,12.11,3.09,0,24.47,96.59
7/18/2007,29.12,41.03,13.01,3.33,0.03,24.59,96.59
7/19/2007,27.01,42.56,11.81,3.92,0,27.68,96.64
7/20/2007,24.67,42.94,9.38,4.1,0,29.26,96.62
7/21/2007,23.55,46.02,9.55,4.01,0,30.77,96.55
7/22/2007,24.45,45.17,9.46,4.02,0,30.32,96.31
7/23/2007,25.29,43.88,9.88,3.84,0,29.94,96.19
7/24/2007,27.11,45,11.49,4.01,0,29.83,96.16
7/25/2007,29.25,41.19,11.39,3.13,0,28.56,96.24
7/26/2007,31.69,32.36,9.69,2.98,0,27.66,96.24
7/27/2007,32.75,28.23,8.03,3.39,0,27.88,96.33
7/28/2007,33.7,20.61,5.35,3.24,0,28.02,96.33
7/29/2007,33.71,16.19,1.47,2.6,0,29.41,96.22
7/30/2007,33.53,19.61,5.4,3,0,26.81,96.2
7/31/2007,33.95,14.87,0.43,3.52,0,27.67,96.15
8/1/2007,30.4,29.04,8.48,3.2,0,22.07,96.12
8/2/2007,27.76,46.31,13.13,3.35,0,25.44,96.28
8/3/2007,30.56,40.85,13.87,2.72,0,21.86,96.27
8/4/2007,30.6,42.38,15.06,2.76,1.69,22.5,96.53
8/5/2007,26.74,50.97,14.85,3.24,0.23,26.92,96.49
8/6/2007,23.98,53.32,12.31,3.69,0.03,28.45,96.32
8/7/2007,23.82,53.21,12.34,3.85,0.02,24.23,96.2
8/8/2007,25.41,51.43,13.27,3.23,0.04,21.98,96.23
8/9/2007,25.98,54.49,16.02,3.01,5.28,10.82,96.23
8/10/2007,28.77,45.31,14.57,2.47,0.12,27.53,96.2
8/11/2007,28.72,41.83,12.21,2.13,0,28.55,96.25
8/12/2007,24.93,54.78,14.13,2.84,0.04,22.53,96.35
8/13/2007,23.87,54.78,12.93,3.07,0,29.24,96.41
8/14/2007,24.89,49.24,11.37,3.12,0,29,96.47
8/15/2007,24.36,54.51,12.92,2.95,0,28.07,96.52
8/16/2007,24.57,53.57,12.36,3.86,0,29.24,96.4
8/17/2007,24.67,52.5,12.46,3.24,0,28.57,96.27
8/18/2007,26.55,52.87,14.1,3.22,0.09,28.17,96.18
8/19/2007,28.23,51.24,14.8,3.99,0.11,26.31,96.03
8/20/2007,28.43,44.56,12.31,3.26,0.01,25.91,95.97
8/21/2007,26.92,41.56,9.62,2.89,0.15,26.83,95.83
8/22/2007,25.21,46.5,9.9,2.74,0.03,27.4,95.83
8/23/2007,23.06,52.15,10.57,2.97,0.12,27.9,95.85
8/24/2007,23.37,58.51,13.32,3.07,0.02,23.74,95.87
8/25/2007,23.58,57.63,13.37,3.15,0,26.76,96.07
8/26/2007,26.07,49.28,10.87,2.98,0,27.34,96.35
8/27/2007,28.28,48,13.68,2.86,0,25.52,96.22
8/28/2007,29.9,41.55,12.79,2.64,0,24.42,96.21
8/29/2007,30.79,36,11.67,2.98,0,23.9,96.23
8/30/2007,28.78,40.77,12.51,2.77,0,20.33,96.35
8/31/2007,27.2,47.08,13.6,2.67,0,23.13,96.34
9/1/2007,27.04,43.65,11.69,2.35,0,22.52,96.3
9/2/2007,26.36,46.4,12.3,2.54,0,25.88,96.41
9/3/2007,24.58,51.18,10.83,2.53,0,26.28,96.46
9/4/2007,23.07,56.54,12.04,2.56,0,26.66,96.34
9/5/2007,22.69,60.84,13.64,3.81,0,21.79,96.25
9/6/2007,23.01,60.3,13.74,3.63,0,20.34,96.48
9/7/2007,23.87,59.36,13.96,3.2,0,26.09,96.64
9/8/2007,24.34,58.42,14.3,3.42,0,22.3,96.64
9/9/2007,22.47,63.26,14.44,3.39,0,23.52,96.52
9/10/2007,22.12,61.15,12.93,3.33,0,21.98,96.35
9/11/2007,21.39,60,12.12,2.58,0,21.33,96.28
9/12/2007,21.97,58.82,11.95,2.52,0,21.43,96.4
9/13/2007,22.31,59.54,12.69,2.43,0,23.16,96.57
9/14/2007,22.74,59.24,12.92,2.06,0,22.55,96.63
9/15/2007,23.35,59.62,13.66,2.3,0,24.41,96.54
9/16/2007,24.33,53.93,11.42,2.55,0,23.95,96.56
9/17/2007,23.74,57.55,12.92,3.02,0,24.06,96.63
9/18/2007,22.47,60.63,13.08,3.46,0,21.71,96.58
9/19/2007,23.86,57.41,13.65,2.73,1.65,12.79,96.57
9/20/2007,25.11,52.97,13.8,2.97,0.96,15.02,96.54
9/21/2007,22.25,57.41,11.49,3.02,0,23.54,96.83
9/22/2007,21.68,55.87,10.02,3.28,0,24.28,96.76
9/23/2007,22.97,55.8,10.73,3.15,0.02,24.06,96.55
9/24/2007,22.8,55.49,12.13,2.06,0.02,22.48,96.59
9/25/2007,24.99,47.24,10.74,1.56,0.02,22.89,96.49
9/26/2007,26.7,37.22,7.97,1.51,0,21.62,96.45
9/27/2007,26.98,35,7.65,3.15,0.26,13.76,96.2
9/28/2007,20.75,67.58,13.83,3.8,1.46,18.64,96.33
9/29/2007,20.7,63.31,12.15,1.85,0.08,22.7,96.66
9/30/2007,21.76,59.86,11.58,2.14,0,22.91,96.86
10/1/2007,23.07,52.79,10.22,2.27,0,19.92,96.82
10/2/2007,18.95,77.26,14.35,2.77,21.36,6.47,96.59
10/3/2007,18.58,71.91,12.42,2.43,0.21,18.94,96.43
10/4/2007,19.68,66.57,11.95,1.5,0.02,21.31,96.57
10/5/2007,20.86,67.45,13.25,1.78,0,22.05,96.75
10/6/2007,21.44,61.65,12.12,1.74,0,21.16,96.76
10/7/2007,21.87,59.87,12.58,1.94,0,20.08,96.74
10/8/2007,22.36,61.08,13.52,1.82,0,15.7,96.71
10/9/2007,24.91,43.82,10.66,2.81,0.04,14.4,96.54
10/10/2007,27.14,34.92,9.04,2.42,0,17.52,96.52
10/11/2007,26.12,39.95,10.57,1.84,0,15.57,96.37
10/12/2007,25.62,36.59,8.51,1.75,0.12,18.43,96.23
10/13/2007,23.88,46.14,10.03,2.09,0.94,14.75,96.16
10/14/2007,21.02,62.95,12.63,1.96,0.03,19.39,96.29
10/15/2007,19.81,72.43,14.08,1.87,0.29,10.48,96.33
10/16/2007,19.51,67.52,12.62,2.21,0.02,16.56,96.42
10/17/2007,19.17,73.25,14,2.7,0.97,12.27,96.46
10/18/2007,20.65,63.06,12.19,2.41,0.06,18.33,96.33
10/19/2007,20.32,54.11,9.3,1.62,0,18.99,96.38
10/20/2007,20.93,46.73,7.77,1.35,0,18.67,96.48
10/21/2007,22.2,39.74,6.67,1.81,0,18.87,96.72
10/22/2007,22.54,33.59,4.56,1.68,0,19.06,96.79
10/23/2007,22.21,27.98,1.6,1.5,0,19.35,96.63
10/24/2007,21.33,38.51,4.37,2.66,0.17,18.91,96.35
10/25/2007,17.63,71.47,11.96,2.87,2.26,13.89,96.24
10/26/2007,17.05,66.9,9.93,2.11,0.02,15.88,96.25
10/27/2007,17.08,61.43,8.31,2.54,0.27,17.65,96.33
10/28/2007,17.07,56.79,7.16,1.57,0,16.6,96.5
10/29/2007,16.3,63.13,8.68,2.25,0,15.94,96.7
10/30/2007,17.12,55.85,5.82,2.56,0,18.19,96.52
10/31/2007,17.56,44.61,3.8,2,0,18.36,96.35
11/1/2007,16.79,44.42,3.52,1.04,0,18.28,96.52
11/2/2007,17.97,37.95,1.66,2.16,0,17.93,96.64
11/3/2007,18.45,40.38,3.26,1.93,0,17.45,96.38
11/4/2007,19.11,35.48,2.17,1.98,0,17.39,96.22
11/5/2007,23.2,29.71,3.78,1.59,0,15.88,96.57
11/6/2007,22.6,43.2,7.71,1.83,0,15.94,96.95
11/7/2007,20.89,51.64,9.08,1.54,0,16.27,96.97
11/8/2007,20.79,42.48,5.9,1.39,0,16.74,96.96
11/9/2007,19.58,39.87,3.89,1.56,0,14.16,96.88
11/10/2007,19.32,35.7,1.91,1.31,0,15.02,96.89
11/11/2007,20.31,32.33,2.32,1.6,0,13.66,96.85
11/12/2007,19.24,38.92,4.61,1.61,0,11.65,96.7
11/13/2007,20.02,37.19,3.69,1.66,0,13.63,96.48
11/14/2007,16.23,60.96,7.43,1.96,0,15.64,96.43
11/15/2007,15.21,60.35,6.25,1.36,0,15.94,96.28
11/16/2007,16.25,43.27,1.98,1.34,0,14.54,96.28
11/17/2007,17.09,42.5,3.15,1.63,0,15.46,96.49
11/18/2007,18.66,34.47,0.56,1.66,0,12.01,96.41
11/19/2007,19.86,26.73,-1.49,3.26,0,14.96,96.11
11/20/2007,18.45,36.01,1.98,4.05,0.29,12.53,96.27
11/21/2007,16.69,78.98,12.85,3.59,42.23,7.35,96.35
11/22/2007,14.82,78.65,10.77,2.94,7.46,10.89,96.42
11/23/2007,13.45,77.37,9.18,2.94,8.68,14.39,96.37
11/24/2007,11.17,90.66,9.7,4.74,13.93,4.37,95.85
11/25/2007,10.52,77.84,6.43,1.67,0.62,13.1,96.12
11/26/2007,11.53,73.61,6.35,2.06,0.05,13.83,96.52
11/27/2007,11.37,73.41,6.23,1.41,0,13.96,96.6
11/28/2007,12.29,67,5.71,1.22,0,14,96.53
11/29/2007,12.26,73.06,6.78,1.46,0,13.91,96.49
11/30/2007,12.54,63.42,5.12,1.25,0,12.72,96.54
12/1/2007,12.99,63.09,5.22,1.23,0,14.06,96.91
12/2/2007,12.35,71.63,6.79,1.96,0,13.3,97.22
12/3/2007,12.33,65.32,5.16,2.03,0,14.09,97.23
12/4/2007,12.5,60.39,4.11,1.52,0,14.42,97.16
12/5/2007,12.36,70.79,6.43,2.06,0,13.69,97.43
12/6/2007,12.7,64.43,5.04,1.79,0,13.76,97.62
12/7/2007,12.75,66.84,5.84,1.75,0,13.99,97.57
12/8/2007,13.43,70.6,7.18,2.35,0,14.01,97.37
12/9/2007,14.18,65.06,6.48,2.09,0,13.98,97.14
12/10/2007,14.33,64.37,6.84,2.03,0,14.01,96.98
12/11/2007,15.13,50.71,4.1,1.18,0,12.81,96.96
12/12/2007,15.99,43.47,2.74,1.76,0,12.51,97.03
12/13/2007,14.66,45.58,2.06,1.91,0,12.39,97.08
12/14/2007,13.87,47.96,2.05,1.87,0,12.09,96.82
12/15/2007,13.54,60.35,5.06,2.09,0,10.29,96.55
12/16/2007,11.29,76.35,6.86,1.1,0,11.92,96.63
12/17/2007,10.3,68.61,4.05,1.91,0,13.36,96.64
12/18/2007,14.05,47.28,2.25,3.63,0.04,8.31,96.28
12/19/2007,14.05,42.09,1.28,3.31,2.23,4.4,96.26
12/20/2007,13.59,59.62,5.41,2.92,4.7,10.03,96.1
12/21/2007,12.13,88.12,10.16,3.44,6.9,7.19,96.28
12/22/2007,12.02,82.63,8.78,2.78,3.86,9.84,96.53
12/23/2007,10.72,89.26,8.93,1.98,8.94,9.54,96.67
12/24/2007,11.89,82.78,8.69,1.36,0.83,11.46,97.05
12/25/2007,11.62,69.91,5.79,1.8,0,13.22,97.27
12/26/2007,11.21,68.3,4.81,1.36,0,13.09,97.26
12/27/2007,9.86,74.11,4.98,1.42,0,13.81,97.14
12/28/2007,10.78,58.05,2.25,1.29,0,13.79,97.29
12/29/2007,10.4,56.08,1.29,1.47,0,12.58,97.42
12/30/2007,10.54,46.95,-1.3,1.32,0,14,97.31
12/31/2007,10.49,49.93,-0.85,1.38,0,14.1,97.22
1/1/2008,10.48,51.75,-0.26,1.21,0,13.63,97.07
1/2/2008,10.22,69.59,4.32,2.8,0.8,13.74,96.99
1/3/2008,12.32,84.27,9.67,6.09,15.17,9.43,96.5
1/4/2008,11.23,86.46,9.02,4.16,14.11,8.92,96.58
1/5/2008,10.44,68.64,3.83,2.31,0.26,13.86,97.22
1/6/2008,11.59,66.1,4.58,1.8,0,13.95,97.37
1/7/2008,13.25,77.4,8.78,1.46,0,13.6,97.24
1/8/2008,12.66,77.6,8.28,1.09,0,13.77,97.01
1/9/2008,11.68,74.9,6.75,1.27,0,12.95,97.01
1/10/2008,11.99,64.62,4.73,1.39,0,14.04,96.94
1/11/2008,12.35,68.85,5.96,1.5,0,14.5,97.01
1/12/2008,12.07,66.28,5.18,1.38,0.07,13.98,97.04
1/13/2008,11.97,66.44,5.09,2.05,0,14.75,96.91
1/14/2008,11.03,77.72,6.6,2.16,6.66,10.98,96.89
1/15/2008,10.98,79.36,7.01,1.41,1.14,13.56,97.11
1/16/2008,10.69,70.53,4.77,1.45,0,14.97,97.4
1/17/2008,12.33,67.56,5.54,2.36,0,14.79,97.46
1/18/2008,14.31,64.94,6.95,1.5,0,14.99,97.38
1/19/2008,15.5,51.36,4.48,2.04,0,15.12,97.34
1/20/2008,14.76,52.17,4,1.91,0,13.85,97.4
1/21/2008,14.26,56.74,4.69,1.61,0,15.29,97.49
1/22/2008,14.74,56.84,5.2,1.54,0,14.76,97.39
1/23/2008,13.99,59.11,5.74,1.35,0,13.65,97.19
1/24/2008,14.87,54.62,5.01,1.4,0,13.21,97.15
1/25/2008,15.3,51.56,4.51,1.72,0,13.96,97.31
1/26/2008,14.5,53.25,3.93,1.78,0,14.43,97.55
1/27/2008,15.01,57.25,5.67,1.39,0,15.4,97.51
1/28/2008,13.55,61.94,6.05,1.47,0,13.32,97.36
1/29/2008,14.63,54.63,4.98,1.44,0,14.36,97.29
1/30/2008,14.58,55.42,4.43,1.35,0,16,97.46
1/31/2008,12.67,59.71,3.58,1.36,0,16.45,97.26
2/1/2008,11.31,68.38,4.89,1.39,0.01,14.24,96.93
2/2/2008,10.86,76.17,6.17,1.73,0.02,14.2,96.61
2/3/2008,10.67,73.44,5.36,1.42,0,16.75,96.62
2/4/2008,12.12,67.81,5.3,1.62,0,17.44,96.99
2/5/2008,13.87,47.05,0.53,1.62,0,17.33,97.14
2/6/2008,15.07,42.87,0.77,1.58,0,17.77,97.35
2/7/2008,14.69,39.26,-0.75,1.86,0,17.41,97.12
2/8/2008,14.94,39.06,-0.56,1.92,0,17.67,96.8
2/9/2008,15.31,39.24,0.39,2.17,0,11.24,96.6
2/10/2008,15.49,45.31,3.15,2.77,0.04,7.95,96.66
2/11/2008,15.97,47.55,3.55,2.68,0.04,11.44,96.4
2/12/2008,14.61,44.36,1.07,2.33,0,14.78,96.34
2/13/2008,14.96,53.32,3.84,1.93,0.02,15.42,96.19
2/14/2008,13.79,70.44,8.07,1.52,0.53,15.3,96.25
2/15/2008,15.86,54.1,5.37,1.44,0,18.48,96.59
2/16/2008,18.73,47.25,5.28,2.43,6.53,16.18,96.7
2/17/2008,18.48,56.73,9.07,3.77,2.32,11.92,96.78
2/18/2008,18.1,49.91,6.91,3.32,1.23,8.94,96.73
2/19/2008,15.83,68.06,9.47,2.83,0.27,12.86,96.81
2/20/2008,15.79,66.51,8.45,1.26,0.06,17.48,96.83
2/21/2008,14.82,81.54,11.58,1.42,4.09,7.31,96.93
2/22/2008,15.75,77.07,11.57,1.53,6.08,9.71,96.8
2/23/2008,16.55,55.77,7.31,1.39,1.71,7.62,96.62
2/24/2008,14.14,66.37,6.85,2.01,0,17.82,96.68
2/25/2008,14.03,74.92,8.68,1.53,8.47,14.2,96.57
2/26/2008,14.07,75.64,8.83,2.3,0.92,17.88,96.63
2/27/2008,15.44,63.68,7.26,1.52,0.16,19.25,96.9
2/28/2008,15.61,59.8,6.39,1.5,0.42,19.64,97.08
2/29/2008,15.5,56.27,5.31,1.56,0,20.97,97.12
3/1/2008,15.07,56.16,5.04,1.75,0.12,20.98,96.83
3/2/2008,17.15,45.36,3.25,1.09,0,21.53,96.53
3/3/2008,17.03,55.25,6.31,1.94,0,20.87,96.53
3/4/2008,16.7,63.53,8.26,1.36,0,21.22,96.53
3/5/2008,15.59,61.85,6.98,2.2,0,21.29,96.55
3/6/2008,13.17,47.99,-0.35,2.84,0,22.13,96.57
3/7/2008,13.69,42.54,-0.87,2.32,0,23.63,96.5
3/8/2008,14.43,43.63,-0.74,2.06,0,23.65,96.49
3/9/2008,12.39,64.76,4.56,2.68,0,21.61,96.56
3/10/2008,12.95,66.52,5.27,2.99,0,23.54,96.67
3/11/2008,16.16,57.28,5.66,2.72,0,22.38,96.85
3/12/2008,18.88,54.97,7.19,1.52,0,23,96.8
3/13/2008,21.56,36.72,3.85,1.87,0,16.14,96.52
3/14/2008,21.37,45.11,6.1,3.06,0,14.07,96.22
3/15/2008,16.75,69.36,10.01,1.46,0,18.75,96.78
3/16/2008,18.27,48.1,4.46,1.6,0,22.38,96.66
3/17/2008,19.58,41.19,3.99,2.02,0,21.96,96.39
3/18/2008,16.12,62.8,7.91,2.32,0,20.25,96.21
3/19/2008,13.89,73.25,8.51,2.58,2.14,20.36,96.07
3/20/2008,12.56,73.91,7.27,2.82,2.77,20.12,96.14
3/21/2008,12.87,69.27,6.87,1.98,2.04,17.58,95.94
3/22/2008,13.15,67.04,6,1.56,0.11,22.85,96.06
3/23/2008,12.53,68.09,6.43,2.45,0.35,20.78,96.11
3/24/2008,11.08,53.13,-0.81,2.76,0,22.45,96.29
3/25/2008,12.23,62.53,3.05,2.74,0,25.81,96.59
3/26/2008,14.01,63.17,5.68,3.76,0,25.89,96.83
3/27/2008,14.94,52.87,2.7,3.8,0,25.86,96.74
3/28/2008,14.52,65.24,6.71,2.72,0,15.9,96.5
3/29/2008,16.44,63.48,7.84,2.17,0,24.47,96.5
3/30/2008,16.06,65.68,8.32,2.32,0,21.63,97.03
3/31/2008,15.65,56.38,5.09,3.74,0,26.83,97.11
4/1/2008,16.41,43.34,1.01,2.47,0,26.77,96.73
4/2/2008,21.53,29.88,0.72,2.01,0,25.75,96.45
4/3/2008,21.5,29.12,0.45,2.57,0,24,96.44
4/4/2008,21.78,29.34,0.26,1.68,0,26.29,96.29
4/5/2008,22.95,35.6,3.52,2.86,0,21.06,95.92
4/6/2008,20.89,51.91,7.98,3.08,0,23.27,95.79
4/7/2008,17.62,60.17,9.11,4.06,2.22,14.27,95.85
4/8/2008,20.01,50.06,7.62,4.9,0,27.04,95.83
4/9/2008,22.03,44.14,8.24,6.08,0.81,21.58,95.74
4/10/2008,16.75,66.66,9.86,5.88,2.17,24.62,95.86
4/11/2008,13.21,65.24,5.48,3.03,1.72,22.58,96.42
4/12/2008,13.26,60.62,4.24,3.29,0.02,28.13,96.79
4/13/2008,15.56,47.7,1.49,3.32,0,27.5,96.82
4/14/2008,19.79,36.17,1.76,2.01,0.02,20.82,96.45
4/15/2008,19.5,35.44,2.28,1.84,3.02,13.47,96.11
4/16/2008,18.6,48.18,6.49,2.91,0.02,26.33,96.35
4/17/2008,17.16,64.18,9.41,2.51,0.1,25.41,96.33
4/18/2008,15.64,72.48,10.23,3.7,1.08,26.04,96.01
4/19/2008,15.33,66.71,8.15,4.27,0.46,27.94,96.04
4/20/2008,14.93,67.82,8.11,4.32,1.37,20.63,96.34
4/21/2008,15.98,57.31,6.06,2.65,0,29.12,96.62
4/22/2008,16.89,56.53,5.8,3.33,0,28.76,96.61
4/23/2008,18.99,51.75,6.57,2.86,0,28.57,96.7
4/24/2008,23.35,37.81,4.45,2,0,27.79,96.77
4/25/2008,26.43,25.42,2.84,2.39,0,28.28,96.8
4/26/2008,26.13,25.22,2.26,2.2,0,28.47,96.71
4/27/2008,25.06,24.44,0.35,2.3,0,27.82,96.6
4/28/2008,23.78,30.89,2.18,2.71,0,28.84,96.41
4/29/2008,20.93,49.39,7.81,3.38,0,25.94,96.06
4/30/2008,18.27,54.18,7.68,3.85,0,26.56,95.85
5/1/2008,17.87,57.63,8.04,3.2,0,28.86,96
5/2/2008,22.3,42.09,5.42,1.74,0,28.95,96.22
5/3/2008,24.26,31.41,4.44,2.49,0,24.21,96.47
5/4/2008,23.22,40.75,6.36,2.77,0,29.9,96.61
5/5/2008,22.69,50.1,9.42,3.39,0,29.47,96.41
5/6/2008,21.85,52.91,10.28,2.77,0,24.2,96.02
5/7/2008,20.62,58.56,10.22,3.21,0.01,29.4,95.92
5/8/2008,18.65,66.54,11.51,3.62,0.5,22.72,96.11
5/9/2008,17.43,56.03,7.18,3.45,0.08,22.09,96.33
5/10/2008,16.4,56.27,6.4,3.18,0.01,25.94,96.46
5/11/2008,16.1,58.8,6.39,3.33,0.03,31.06,96.53
5/12/2008,17.4,56.12,6.55,3.34,0,30.82,96.6
5/13/2008,19.25,54.4,7.22,2.98,0,29.91,96.42
5/14/2008,19.57,56.51,9.19,3.12,0,29.82,96.33
5/15/2008,18.13,62.29,9.46,2.87,0,23.56,96.09
5/16/2008,18.26,64.09,10.5,3.99,0.42,25.67,96.01
5/17/2008,16.8,68.86,10.38,3.03,0.88,18.13,96.17
5/18/2008,17.12,60.45,7.82,2.76,0.06,25.74,96.52
5/19/2008,17.75,59.97,8.53,2.58,0.01,29.9,96.5
5/20/2008,19.52,57.88,9.2,3.07,0,28.77,96.42
5/21/2008,19.98,60.25,10.67,4.03,0.02,28.45,96.38
5/22/2008,20.6,53.36,8.64,3.99,0,30.53,96.43
5/23/2008,20.69,57.06,9.88,3.48,0.06,30.75,96.27
5/24/2008,19.32,64.42,11.69,3.22,2.7,16.45,96.01
5/25/2008,17.28,59.28,8.04,2.8,0.26,26.6,95.84
5/26/2008,16.63,59.81,7.98,2.62,0.06,24,96.03
5/27/2008,16.2,60.54,7.86,3.08,0.31,23.04,96.22
5/28/2008,18.38,54.27,7.29,2.12,0.01,30.74,96.48
5/29/2008,20.53,49.34,7.39,2.71,0,31.4,96.47
5/30/2008,19.52,57.34,9.87,3.22,0.04,27.16,96.34
5/31/2008,18.61,57.85,8.55,3.08,0,25.12,96.36
6/1/2008,19.41,54.83,8.12,3.47,0,31.45,96.49
6/2/2008,21.06,52.08,8.25,4.02,0,31.39,96.51
6/3/2008,21.15,51,8.39,4,0,31.77,96.51
6/4/2008,20.7,55.98,9.54,4.23,0,31.49,96.57
6/5/2008,21.66,54.28,10.01,4.27,0,31.18,96.5
6/6/2008,22.11,52.56,9.37,3.98,0,31.46,96.3
6/7/2008,23.04,52.99,10.75,3.38,0,30.2,96.12
6/8/2008,24.39,51.7,12.13,2,0.02,24.76,95.98
6/9/2008,23.93,45.43,8.81,2.83,0.01,31.41,96.09
6/10/2008,22.17,50.19,8.53,2.92,0,30.99,96.26
6/11/2008,22.12,50.62,8.7,3.11,0,31.94,96.42
6/12/2008,23.51,48.28,9.49,3.25,0,31.5,96.3
6/13/2008,24.54,46.21,10.17,3.21,0,31.31,96.25
6/14/2008,26.31,40.73,9.71,3.03,0,31.09,96.38
6/15/2008,25.96,40.83,9.01,3.46,0,31.19,96.4
6/16/2008,23.77,52.3,11.31,3.92,0,31.9,96.16
6/17/2008,23.58,54.2,12.17,4.36,0,27.54,96.16
6/18/2008,23.7,52.74,11.85,3.33,0,31.26,96.41
6/19/2008,24.48,52.13,11.84,2.89,0,31.7,96.64
6/20/2008,25.33,46.43,9.47,2.44,0,31.93,96.62
6/21/2008,25.58,47.64,11.55,2.87,0,31.91,96.37
6/22/2008,24.54,52.24,12.52,2.96,0,31.52,96.35
6/23/2008,23.84,51.15,11.18,3.69,0,29.22,96.5
6/24/2008,26.21,45.72,10.42,4.14,0,31.53,96.27
6/25/2008,28.94,39.22,9.72,2.86,0,30.04,96.22
6/26/2008,33.57,24.71,6.64,2.07,0,30.21,96.32
6/27/2008,34.57,20.14,5.42,2.45,0,30.47,96.46
6/28/2008,33.48,14.84,-0.66,2.83,0,30.38,96.34
6/29/2008,34.05,12.58,-1.76,3.55,0,30.53,96.26
6/30/2008,34.79,13.61,1.15,2.93,0,29.02,96.21
7/1/2008,34.02,13.2,0.83,3.75,0,29.11,96.1
7/2/2008,30.73,21.66,3.1,4.38,0,30.71,96.17
7/3/2008,26.3,44.88,11.29,4.76,0,31.14,96.35
7/4/2008,25.89,39.52,9.28,3.74,0,30.49,96.44
7/5/2008,25.61,46.78,11.41,3.48,0,30.54,96.59
7/6/2008,26.03,50.55,13,4.24,0,30.87,96.45
7/7/2008,25.66,47.37,11.85,4.28,0,30.73,96.35
7/8/2008,26.9,41.93,11.1,3.22,0,29.63,96.42
7/9/2008,28.13,39.27,10.58,3.22,0.07,28.63,96.5
7/10/2008,27.36,44.83,12.46,3.58,0,27.23,96.56
7/11/2008,26.78,45.85,11.95,3.65,0,29.08,96.47
7/12/2008,24.91,53.23,12.93,4.57,0,30.28,96.29
7/13/2008,23.45,53.14,12.09,4.2,0,28.94,96.26
7/14/2008,25,43.68,8.44,3.22,0,31.77,96.5
7/15/2008,26.49,39.91,8.89,2.66,0,31.57,96.55
7/16/2008,27.39,44.19,11.45,3.38,0,30.7,96.3
7/17/2008,29.3,41.27,11.69,3.85,0,28.51,95.83
7/18/2008,30.58,40.26,12.56,3.31,0.1,26.94,95.88
7/19/2008,27.59,53.04,15.69,3.4,0.08,24.16,96.33
7/20/2008,28.79,47.92,15.19,3.4,0.01,24.04,96.51
7/21/2008,32.02,32.71,11.12,3.3,0.02,20.49,96.51
7/22/2008,33.72,25.86,9.44,3.32,0,23.79,96.39
7/23/2008,29.54,42.89,14.54,3.84,0,24.23,96.47
7/24/2008,27.84,48.01,13.89,4.03,0,27.33,96.51
7/25/2008,27.81,41.43,11.27,3.74,0,27.88,96.43
7/26/2008,27.66,45.97,12.54,3.77,0,29.33,96.45
7/27/2008,27.55,44.73,11.93,4.24,0,30.18,96.5
7/28/2008,27.45,46.39,12.83,4.44,0,28.23,96.35
7/29/2008,26.53,47.04,12.34,4.19,0,28.3,96.3
7/30/2008,26.93,43.4,11.53,3.84,0,25.99,96.48
7/31/2008,28.75,39.91,12.03,4,0,24.75,96.58
8/1/2008,28.2,35.15,8.6,4.37,0,28.87,96.66
8/2/2008,27.02,40.75,9.28,3.26,0,29.31,96.43
8/3/2008,29.23,33.7,9.39,2.54,0,28.39,96.24
8/4/2008,31.03,36.42,11.44,2.56,0,27.84,96.29
8/5/2008,31.09,38.62,13,2.17,0,25.44,96.35
8/6/2008,31.72,33.83,10.67,2.64,0,26.99,96.24
8/7/2008,30.05,35.39,10.82,3.07,0,27.49,96.29
8/8/2008,28.17,41.52,11.38,3.3,0,28.29,96.39
8/9/2008,26.88,43.71,11.05,2.96,0,28.95,96.34
8/10/2008,26.42,45.74,10.92,3.02,0,28.84,96.22
8/11/2008,25.91,48.05,11.7,3.61,0,28.95,96.07
8/12/2008,27.07,51.56,14.04,5.05,0,27.86,95.94
8/13/2008,28.43,47.37,13.61,4.05,0,27.22,96.06
8/14/2008,29.13,39.92,11.73,3.27,0,24.28,96.49
8/15/2008,29.93,30.64,7.07,3.28,0,26.22,96.5
8/16/2008,28.13,32.22,7.34,3.7,0,27.64,96.22
8/17/2008,26.53,46.01,11.87,4.18,0,27.63,96.09
8/18/2008,27.27,48.02,13.15,4.18,0,25.85,96.15
8/19/2008,28.1,45.45,12.48,4.11,0,25.6,96.33
8/20/2008,31.3,33.36,9.39,3.03,0.01,24.02,96.33
8/21/2008,33.41,22.12,6.87,3.42,0,20.46,96.38
8/22/2008,32.63,26.22,9.54,3.64,0,15.8,96.32
8/23/2008,26.73,45.9,12.94,3.7,0,24.36,96.36
8/24/2008,26.09,39.69,7.35,3.4,0,27.37,96.23
8/25/2008,26.19,43.45,9.47,3.37,0,28.29,96.24
8/26/2008,26.61,48.75,12.52,3.22,0,27.04,96.36
8/27/2008,26.43,53.34,14.31,2.98,0,25.49,96.36
8/28/2008,26.18,52.82,14.04,3.16,0,23.71,96.33
8/29/2008,27.2,49,14.19,3.25,0.02,23.81,96.34
8/30/2008,27.48,45.88,13.13,3.04,0,18.68,96.57
8/31/2008,26.92,44.05,12.52,3.11,0.04,21.67,96.65
9/1/2008,27.11,44.75,12.15,2.91,0,24.77,96.58
9/2/2008,26.44,47.76,13.18,2.78,0.01,22.45,96.5
9/3/2008,27.2,49.52,13.82,3.26,1.71,11.77,96.24
9/4/2008,24.22,54.5,12.59,2.86,0.01,25.25,96.37
9/5/2008,24.86,47.66,10.72,2.22,0,26.17,96.45
9/6/2008,25.26,57.23,14.39,2.7,0.38,24.73,96.51
9/7/2008,24.67,57.43,14.23,3.3,0.52,24.01,96.24
9/8/2008,24.54,58.03,14.59,3.29,0.17,23.93,95.96
9/9/2008,23.38,55.3,12.87,3.04,0,21.77,96.29
9/10/2008,23.82,54.85,13.02,3.03,0.06,16.88,96.42
9/11/2008,23.39,64.58,15.56,4.9,0.12,20.74,96.34
9/12/2008,23.54,55.93,13.05,5.04,0.03,22.36,96.24
9/13/2008,24.68,42.83,9.43,3.23,0,24.08,96.14
9/14/2008,26.29,44.72,11.47,2.6,0.25,24.22,96.35
9/15/2008,25.63,49.32,11.58,2.86,0.07,24.29,96.43
9/16/2008,23.68,53.92,11.65,2.3,0.15,21.86,96.27
9/17/2008,24.95,45.55,9.45,2.38,0.05,23.48,96.17
9/18/2008,23.12,60.32,14.61,2.04,12.49,7.61,96.6
9/19/2008,23.9,72.82,18.46,2.22,5.61,10.83,96.54
9/20/2008,26.39,61.99,17.52,2.03,6.12,18.46,96.59
9/21/2008,22.54,68.89,16.03,3.05,3.86,8.62,96.47
9/22/2008,20.58,64.19,12.5,2.94,0.01,23.45,96.4
9/23/2008,21.55,66.36,13.86,2.27,0.13,23.53,96.32
9/24/2008,22.33,61.97,13.48,1.65,0,22.46,96.49
9/25/2008,22.05,62.85,13.88,1.92,0.85,12.65,96.76
9/26/2008,24.13,57.14,14.04,2.63,0.57,10.42,96.54
9/27/2008,23.07,57.17,13.07,2.79,1.38,16.53,96.45
9/28/2008,21.11,63.09,12.82,4.04,1.66,20.97,96.51
9/29/2008,19.38,64.79,11.92,6.11,2.75,20.28,96.36
9/30/2008,20.4,62.88,12.59,2.37,2.84,19.37,96.23
10/1/2008,21.63,57.64,11.57,2.37,0.33,20.49,96.31
10/2/2008,21.47,62.78,12.93,2.5,0.46,19.39,96.46
10/3/2008,20.07,67.12,12.96,2.98,0,15.34,96.62
10/4/2008,20.74,62.51,11.96,2.55,0,21.67,96.59
10/5/2008,20.6,65.72,12.79,2.07,0.01,20.94,96.66
10/6/2008,22.11,62.7,13.29,2,0.01,20.18,96.89
10/7/2008,20.86,72.15,14.96,2.46,0,19.36,97.01
10/8/2008,19.65,66.74,12.18,3.79,0.04,20.93,96.85
10/9/2008,16.66,66.43,9.74,3.89,1.39,17.72,96.34
10/10/2008,17.32,55.09,6.8,1.14,0.01,18.64,95.62
10/11/2008,19.06,49.48,7.84,2.45,1.79,8.84,96.19
10/12/2008,20.51,50.45,7.96,3.01,0,19.09,96.85
10/13/2008,21.52,57.06,11,2.81,0.04,17.36,96.83
10/14/2008,19.73,67.61,12.78,2.73,0,19.32,96.79
10/15/2008,18.8,66.08,11.33,2.43,0,19.58,96.77
10/16/2008,20.78,56.24,10.25,2.33,0,19.49,96.85
10/17/2008,20.66,56.55,10.23,2.02,0,19.51,96.64
10/18/2008,18.98,71.97,13.31,2.26,0.63,15.32,96.39
10/19/2008,17.74,83.52,14.67,2,14.49,11.5,96.18
10/20/2008,17.67,76.89,13.08,1.26,8.08,17.85,96.37
10/21/2008,18.52,69.63,12.18,1.56,0.29,18.55,96.48
10/22/2008,15.22,82.52,12.16,2.37,10.65,8.56,96.38
10/23/2008,14.17,67,6.92,1.69,0.07,17.77,96.23
10/24/2008,14.77,72.73,9.66,1.47,0.39,10.08,96.66
10/25/2008,16.48,71.66,10.84,2.77,0.24,17.65,96.81
10/26/2008,17.74,74.01,12.5,2.41,0.04,16.16,96.54
10/27/2008,18.34,69.02,11.6,1.01,0.17,16.95,96.33
10/28/2008,14.94,80.14,11.32,3.15,9.16,10.23,96.25
10/29/2008,13.07,65.5,6.11,3.19,0.4,17.65,96.46
10/30/2008,11.65,66.21,4.19,2.75,0,17.56,96.36
10/31/2008,14.31,68.76,8.38,6.1,14.64,15.27,95.67
11/1/2008,11.53,79.92,8.1,4.42,46.28,2.97,95.55
11/2/2008,12.33,79.55,8.63,5.04,6.97,13.44,96.17
11/3/2008,11.25,82.66,8.21,4.05,6.6,11.49,96.43
11/4/2008,12.43,82.18,9.18,2.45,2.35,15.12,96.85
11/5/2008,13.21,79.62,9.33,1.75,0.31,16.64,97.11
11/6/2008,13.43,73.98,8.27,2.34,0.03,16.35,96.99
11/7/2008,14.7,67.95,7.89,1.75,0,16.8,96.81
11/8/2008,14.59,65.11,7.18,2.16,0,16.33,96.99
11/9/2008,15.43,55.51,5.47,1.24,0,16.91,97.19
11/10/2008,15.45,53.18,5.18,2.44,0,14.81,97.19
11/11/2008,16.24,58.42,7.19,1.71,0,14.6,97
11/12/2008,14.55,72.44,9,1.74,0,15.09,97.03
11/13/2008,13.25,72.11,7.56,2.57,0,16.07,97
11/14/2008,13.36,60.63,4.86,1.77,0,14.74,96.81
11/15/2008,15.26,50.57,3.95,1.57,0,16.18,96.62
11/16/2008,15.8,48.4,3.96,1.61,0,15.51,96.66
11/17/2008,14.81,48.62,2.5,1.34,0,16.04,96.78
11/18/2008,14.22,48.61,1.86,1.45,0,15.85,96.59
11/19/2008,11.65,67.84,5.48,1.04,0.01,8.28,96.23
11/20/2008,12.4,65.99,5.38,1.87,0.01,13.62,96.16
11/21/2008,13.07,64.05,5.7,1.67,0,15.11,96.57
11/22/2008,12.61,67.2,5.93,1.53,0,14.88,96.65
11/23/2008,12.1,75.69,7.42,1.42,0.13,14.9,96.48
11/24/2008,12.9,72.33,7.49,1.47,0.14,15.06,96.44
11/25/2008,11.15,87.92,9.15,2.06,6.6,11.15,96.3
11/26/2008,9.75,84.8,7.18,2.46,3.27,10.65,96.17
11/27/2008,7.62,78.35,3.86,1.59,3.08,9.01,96.32
11/28/2008,8.52,73.31,3.5,2.41,0.11,14.95,96.66
11/29/2008,10.47,85.58,8.05,4.17,7.55,11.28,96.43
11/30/2008,11.08,88.76,9.23,3.55,8.21,10.34,96.44
12/1/2008,9.75,84.28,6.97,2.41,3.41,11.09,96.67
12/2/2008,8.37,75.52,3.75,3.43,1.64,11.21,97.05
12/3/2008,6.54,59.34,-2.38,1.82,0,14.39,97.21
12/4/2008,7.14,73.73,2.5,1.48,0.8,10.02,97.02
12/5/2008,11.17,80.47,7.71,1.84,0,13.89,97.01
12/6/2008,12.54,74.01,7.37,1.31,0.02,13.42,97.05
12/7/2008,13.35,65.48,6.25,1.44,0,11.47,97.03
12/8/2008,12.92,80.85,9.1,1.25,0.66,12.02,96.9
12/9/2008,11.58,84.68,8.85,2.15,1.04,8.85,96.65
12/10/2008,10.29,84.72,7.65,2.04,0.43,10.68,96.6
12/11/2008,9.16,82.58,5.93,2.38,0.01,13.17,96.91
12/12/2008,8.55,83.23,5.45,1.79,0.2,13.54,97.02
12/13/2008,9.99,79.93,6.39,1.64,0.3,13.15,96.97
12/14/2008,11.15,87.95,9.17,3.91,10.2,7.53,96.36
12/15/2008,8.63,87.6,6.61,2.53,2.01,9.53,96.41
12/16/2008,7.77,77.91,3.51,1.61,0.02,13.64,96.86
12/17/2008,8.09,75.85,3.46,1.76,0,13.82,97.09
12/18/2008,8.99,70.17,3.06,1.73,0,13.66,96.99
12/19/2008,10.14,60.64,1.85,1.25,0,13.73,97.15
12/20/2008,10.12,58.27,1.43,1.69,0,11.89,97.35
12/21/2008,9.97,60.75,2.2,1.72,0,12.46,97.37
12/22/2008,9.94,65.67,2.87,1.62,0,10.12,97.29
12/23/2008,11.34,64.87,4.29,1.24,0,13.13,97.03
12/24/2008,10.76,64.96,3.72,2.03,0,9.43,96.82
12/25/2008,11.45,67.65,5.03,1.13,0,11.44,96.61
12/26/2008,12.56,58.97,3.91,1.36,0,13.22,96.3
12/27/2008,12.94,59.41,4.3,4.19,1.02,11.36,95.67
12/28/2008,12.26,82.48,9.19,3.3,1.48,12.8,96.26
12/29/2008,13.51,70.59,7.86,1.6,0.02,13.6,96.69
12/30/2008,13.44,65.91,7.07,2.13,1.6,4.48,96.72
12/31/2008,13.05,77.14,9.08,2.52,13.29,3.59,96.91
1/1/2009,13.11,76.46,8.61,1.2,0,12.68,97.09
1/2/2009,12.86,76.42,8.15,1.49,0.02,13.07,97.09
1/3/2009,12.02,82.81,8.94,1.89,1.03,11.47,97.02
1/4/2009,10.36,84.5,7.74,1.33,0.62,12.36,96.85
1/5/2009,10.1,79.58,6.16,1.6,0.04,12.77,96.62
1/6/2009,9.41,84.86,6.82,1.21,3,8.01,96.33
1/7/2009,7.8,80.8,4.49,1.6,3.2,10.82,96.32
1/8/2009,6.79,88.74,4.99,2.25,6,10.55,96.34
1/9/2009,8.31,77.98,4.28,1.21,0.81,9.77,96.51
1/10/2009,7.39,77.85,3.44,2.22,1.26,11.78,96.49
1/11/2009,5.64,82.26,2.47,2.3,1.91,9.76,96.7
1/12/2009,7.16,77.42,2.6,1.77,0,14.68,97.23
1/13/2009,9.39,64.39,1.88,1.15,0.03,14.68,97.26
1/14/2009,9.43,73.6,4.59,1.07,0.3,13.95,97.02
1/15/2009,9.33,84.68,6.62,2.36,14.01,11.24,96.4
1/16/2009,7.61,92.95,6.51,1.64,27.86,4.06,96.42
1/17/2009,7.53,89.8,6,1.25,1.14,5.65,96.94
1/18/2009,8.59,86.37,6.29,1.82,0.2,14.31,97.4
1/19/2009,10.42,77.11,5.77,1.42,1.21,14.71,96.98
1/20/2009,9.39,87,7.22,4.24,19.48,8.08,96.55
1/21/2009,7.46,83.52,4.52,1.84,0.96,13.64,97.16
1/22/2009,9.31,64.22,2.06,1.04,0,15.5,97.43
1/23/2009,12.16,77.95,8.13,1.46,0.41,14.89,97.38
1/24/2009,13.51,87.29,11.27,1.16,0.49,8.17,96.96
1/25/2009,11.86,92.66,10.75,3.16,3.44,8.56,96.54
1/26/2009,9.23,81.8,5.87,1.85,1.01,13.49,96.96
1/27/2009,8.57,74.01,3.43,2.37,0,16.68,97.22
1/28/2009,11.11,60.49,2.89,1.57,0,16.74,97.04
1/29/2009,11.92,61.45,3.89,1.59,0,16.77,96.73
1/30/2009,11.22,66.96,4.06,4.44,3.92,15.75,96.38
1/31/2009,9.45,80.68,5.85,1.64,1.05,15.88,96.46
2/1/2009,10.59,82.64,7.66,6.47,16.83,9.82,95.16
2/2/2009,11.16,87.61,9.13,5.89,21.35,10.71,95.11
2/3/2009,10.05,90.38,8.52,2.4,2.32,12.3,95.99
2/4/2009,10.83,80.5,7.25,3.8,8.2,11.58,95.85
2/5/2009,10.84,80.41,7.44,5.83,30.31,12.36,95.56
2/6/2009,8.81,88.26,6.92,3.03,20.65,10.74,95.89
2/7/2009,8.16,94.93,7.44,3.05,12.66,8.16,96.54
2/8/2009,9.86,80.56,6.19,1.48,0.34,17.52,97.1
2/9/2009,13.52,60.9,5.42,1.67,0,18.04,97.07
2/10/2009,13.64,69.62,7.49,1.46,0,15.35,97.22
2/11/2009,14.02,71.85,8.57,1.41,0,18.08,96.92
2/12/2009,14.65,67.24,7.58,1.27,0,18.56,96.57
2/13/2009,14.86,58.38,5.81,1.14,0,16.08,96.31
2/14/2009,14.72,63.44,6.93,1.75,0,16.4,96.17
2/15/2009,13.09,74.96,8.58,1.11,0.75,13.96,96.22
2/16/2009,14.56,69.68,7.87,1.52,0.55,17.58,96.24
2/17/2009,12.26,79.91,8.51,1.45,1.27,12.43,96.59
2/18/2009,12.17,80.92,8.37,1.26,0.75,14.46,96.8
2/19/2009,14.02,71.17,7.89,1.11,8.45,14.59,96.72
2/20/2009,14.3,60.25,5.61,1.51,0,16.01,96.59
2/21/2009,13.5,61.49,4.96,1.94,0,16.97,96.93
2/22/2009,13.8,59.24,4.35,1.53,0,19.3,97.09
2/23/2009,15.39,56.39,5.39,1.75,0,18.09,96.62
2/24/2009,15.49,59.47,6.63,2.1,0,19.22,96.31
2/25/2009,16.71,52.18,5.35,1.41,0,19.78,96.31
2/26/2009,13.84,64.25,7.08,2.53,0.47,6.7,96.4
2/27/2009,13.06,76.38,8.45,1.75,10.03,10.59,96.33
2/28/2009,11.81,78.51,7.76,2.2,0.36,15.38,96.39
3/1/2009,12.61,80.02,8.76,1.74,0.22,14.45,96.62
3/2/2009,11.07,84.89,8.45,2.62,2.81,12.21,96.43
3/3/2009,8.88,88.12,6.93,3.68,3.63,14,96.32
3/4/2009,10.96,84.29,8.15,3.15,3.06,17.44,96.81
3/5/2009,12.1,85.7,9.52,1.95,1.93,15.07,96.86
3/6/2009,12.54,82.27,9.18,2.92,0.23,20.38,96.91
3/7/2009,14.2,77.37,9.76,2.5,0.03,21.97,96.55
3/8/2009,17.48,67.76,10.46,1.61,1.19,7.75,96.35
3/9/2009,16.31,79.21,12.38,1.83,1.63,14.47,96.53
3/10/2009,18.35,67.7,11.1,1.34,0.57,15.72,96.56
3/11/2009,18.31,64.95,10.38,1.86,0,21.16,96.38
3/12/2009,19.21,62.76,10.62,1.87,0,21.64,96.34
3/13/2009,20.43,59.77,11.15,1.76,0,19.99,96.43
3/14/2009,19.31,60.97,10.19,2.14,0,20.67,96.61
3/15/2009,19.4,59.91,10.14,1.49,0,22.06,96.53
3/16/2009,19.34,60.93,10.38,1.95,0,22.45,96.18
3/17/2009,21.4,53.17,10.38,2.19,2.43,17.67,95.96
3/18/2009,17.61,65.96,10.58,2.32,2.71,17.2,96.12
3/19/2009,17.47,67.19,10.28,2.41,2.23,16.52,96.3
3/20/2009,17.68,65.1,9.59,1.87,1.71,18.72,96.4
3/21/2009,16.96,68.56,10.15,2.2,0.11,23.24,96.46
3/22/2009,16.67,64.43,8.84,1.79,0,24.13,96.35
3/23/2009,18.31,66.56,10.58,2.17,0,23.53,96.16
3/24/2009,16.91,72.98,10.58,2.58,0,14.59,95.96
3/25/2009,16.01,79.07,11.81,2.22,0,11.71,96.04
3/26/2009,16.55,76.38,11.35,2.13,0,20.85,96.08
3/27/2009,16.77,79.55,12.56,1.85,8.07,16.36,95.8
3/28/2009,12.47,85.12,9.88,3.25,14.8,15.13,95.55
3/29/2009,11.02,78.31,6.97,3.21,6.57,16.03,96.01
3/30/2009,10.59,76.22,5.91,1.73,1.22,21.56,96.33
3/31/2009,11.53,72.86,5.7,1.46,0.07,25.89,96.35
4/1/2009,11.21,75.45,6.26,2.22,0,23.38,96.44
4/2/2009,12.1,74.32,6.84,2.18,0,25.34,96.6
4/3/2009,13.15,69.65,6.5,2.65,0,27.29,96.79
4/4/2009,16.12,57.04,5.95,1.85,0,26.67,96.78
4/5/2009,19.81,51.79,7.97,1.83,0,26.23,96.61
4/6/2009,19.05,60.48,9.75,2.96,0,19.6,96.4
4/7/2009,14.6,71.07,8.47,2.86,0.05,24.76,96.63
4/8/2009,14.15,64.89,5.86,2.63,0,28.01,96.34
4/9/2009,15.28,68.05,8.54,2.45,0.01,26.6,96.03
4/10/2009,13.42,76.25,8.85,3.06,0.83,18.39,96.24
4/11/2009,13.8,73.72,8.27,2.44,0,27.76,96.41
4/12/2009,14.04,71.22,7.87,3.84,0,27.61,96.46
4/13/2009,14.05,70.34,7.23,3.18,0,28.19,96.33
4/14/2009,14.35,75.78,9.51,2.76,0,24.88,96.25
4/15/2009,12.79,76.35,8.16,2.9,0.02,23.12,96.44
4/16/2009,13.42,77.17,8.87,2.43,0.11,25.96,96.68
4/17/2009,14.12,71,7.64,1.74,0,27.62,96.73
4/18/2009,15.19,74.64,9.84,2.06,0.02,28.33,96.72
4/19/2009,15.84,73.58,10.27,2.27,0.02,27,96.92
4/20/2009,15.79,67.81,8.16,2.98,0,28.84,97.11
4/21/2009,16.53,67.13,8.97,2.8,0,28.82,96.88
4/22/2009,18.59,59.63,8.67,2.66,0,29.17,96.43
4/23/2009,22.47,47.1,8.48,1.79,0,28.84,96.11
4/24/2009,22.67,50.37,9.73,2.8,0,25.91,96.09
4/25/2009,16.01,71.82,10.27,2.93,0,18.82,96.57
4/26/2009,12.58,71.61,7.15,2.94,0.32,24.18,96.69
4/27/2009,12.86,68,5.75,3.15,0,28.92,96.65
4/28/2009,14.09,69.66,7.39,3.47,0,28.85,96.7
4/29/2009,16.17,67.57,8.62,3.22,0.01,29.57,96.83
4/30/2009,16.58,69.88,9.91,3.48,0.01,29.1,96.92
5/1/2009,17,67.21,9.3,3.31,0,29.9,96.6
5/2/2009,20.13,58.38,9.62,2.28,0,29.05,96.09
5/3/2009,20.9,60.58,11.13,2.29,7.74,25.72,96.28
5/4/2009,21.75,59.38,11.34,2.26,0.62,26.3,96.39
5/5/2009,22.36,54.16,10.82,2.33,0,28.73,96.53
5/6/2009,23.72,46.48,9.56,1.98,0,28.2,96.55
5/7/2009,25.11,43.49,9.91,1.99,0,27.63,96.42
5/8/2009,26.83,39.67,9.86,2.17,0.01,24.6,96.22
5/9/2009,22.12,47.96,8.94,2.93,0.03,25.87,96.16
5/10/2009,19.59,62.74,10.6,2.55,0,29.45,96.17
5/11/2009,18.46,66.4,10.44,2.54,0,26.16,96.27
5/12/2009,18.75,68.84,12.13,3.19,0,16.77,96.34
5/13/2009,16.77,65.73,9.29,3.5,0,18.87,96.6
5/14/2009,17.79,65.33,10.05,3.44,0,30.49,96.64
5/15/2009,18.58,60.32,8.98,4.05,0,29.28,96.42
5/16/2009,20.13,58.5,9.58,3.04,0,30.43,96.28
5/17/2009,20.14,62.34,11.3,3.88,0,29.27,96.48
5/18/2009,19.71,62.02,11.02,4.28,0,28.42,96.55
5/19/2009,19.53,62.85,11.01,3.63,0,29.27,96.4
5/20/2009,19.96,64.17,11.44,3.16,0,30.69,96.32
5/21/2009,19.47,61.59,10.26,1.79,0,27.54,96.42
5/22/2009,18.2,65.44,10.26,3.31,0,30.92,96.41
5/23/2009,17.2,66.8,9.91,2.96,0.06,24.82,96.64
5/24/2009,17.65,63.15,9.27,2.78,0.01,28.76,96.6
5/25/2009,18.86,62.38,10.04,4.39,0,26.3,96.54
5/26/2009,19.89,61.45,10.95,4.33,0,30.36,96.5
5/27/2009,22.94,57.41,12.22,2.4,0,30.31,96.07
5/28/2009,25.55,50.31,12.33,2.35,0,29.79,95.84
5/29/2009,23.66,59.69,14.36,2.44,0,24.7,95.89
5/30/2009,23,62.14,14.21,2.16,0.04,25.21,96.01
5/31/2009,25.03,55.47,13.67,2.08,0,30.18,96.28
6/1/2009,25.69,52.94,12.86,2.38,0,30.51,96.47
6/2/2009,23.92,54.33,10.89,2.3,0,30.72,96.58
6/3/2009,21.41,60.45,11.85,2.56,0,29.55,96.58
6/4/2009,20.6,62.27,12.18,3.56,0,17.24,96.47
6/5/2009,20.22,59.24,10.48,3.21,0,29.63,96.42
6/6/2009,20.17,60.28,10.97,2.96,0,29.67,96.35
6/7/2009,20.34,58.87,10.31,2.73,0,31.48,96.28
6/8/2009,20.38,60.31,10.9,2.37,0,31.58,96.5
6/9/2009,21.94,59.28,11.93,3.84,0,30.51,96.6
6/10/2009,23.53,54.84,12.03,4.01,0,30.54,96.56
6/11/2009,27.67,46.04,11.31,3.04,0,31.49,96.39
6/12/2009,30.62,30.39,8.71,3.3,0.18,21.29,96.43
6/13/2009,29.12,36.68,11.77,2.46,0.19,12.55,96.33
6/14/2009,29.5,37.24,11.12,2.67,0.01,25.21,96.46
6/15/2009,23.94,60.33,15.42,2.58,5.34,20.89,96.48
6/16/2009,23.43,69.23,16.95,2.71,5.04,22.17,96.3
6/17/2009,25.67,61.33,16.76,1.89,0.73,18.82,96.32
6/18/2009,28.4,50.74,15.86,2.91,2.17,22.41,96.58
6/19/2009,28.93,47.96,15.41,1.51,0.38,22.19,96.67
6/20/2009,28.84,48.18,15.8,1.86,0,29.11,96.66
6/21/2009,29.63,44.21,14.25,2.76,0.04,27.21,96.62
6/22/2009,26.87,55.99,15.95,3.1,0.09,25.44,96.65
6/23/2009,26.41,53.9,15.32,2.96,0.35,29.35,96.55
6/24/2009,25.53,55.11,14.5,2.78,0.11,21.95,96.48
6/25/2009,23.92,57.34,13.99,2.48,0,22.78,96.56
6/26/2009,24.43,52.28,12.3,2.82,0,30.08,96.51
6/27/2009,24.39,50.26,10.64,2.3,0,31.76,96.53
6/28/2009,23.98,49.22,9.94,2.34,0,31.35,96.5
6/29/2009,24.93,44.01,9.42,2.55,0,31.63,96.58
6/30/2009,25.42,53.34,13.17,3.58,0,31.33,96.75
7/1/2009,26.8,55.15,15.09,4.42,0,30.86,96.74
7/2/2009,27.39,52.81,15.5,4.65,0,28.07,96.65
7/3/2009,28.34,47.95,14.54,4.41,0,26.27,96.44
7/4/2009,29.14,43.54,13.95,3.59,0,24.62,96.27
7/5/2009,27.62,47.11,13.7,3.8,0,28.33,96.33
7/6/2009,25.87,50.89,13.23,4.22,0,30.63,96.42
7/7/2009,24.38,51.31,11.8,4.36,0,30.79,96.43
7/8/2009,24.5,49.58,11,3.7,0,31.33,96.48
7/9/2009,25.38,48.54,11.48,3.36,0,31.15,96.61
7/10/2009,26.15,45.43,10.28,3.06,0,31.02,96.66
7/11/2009,25.81,43.46,9.27,3.33,0,31.9,96.53
7/12/2009,25.27,49.02,11.2,3.43,0,31.38,96.27
7/13/2009,24.97,56.11,13.63,3.37,0,30.69,96.45
7/14/2009,25.2,52.8,13.04,4.36,0,30.86,96.52
7/15/2009,26.14,49.49,12.42,3.64,0,30.52,96.53
7/16/2009,26.19,46.47,12.3,2.93,0,22.14,96.94
7/17/2009,27.19,47.91,13.04,4.59,0,28.87,96.93
7/18/2009,28.46,40.07,10.46,3.37,0,27.93,96.54
7/19/2009,33.44,28.29,10.65,3.02,0.06,20.55,96.35
7/20/2009,36.82,18.91,5.97,2.75,0,25.48,96.27
7/21/2009,34.7,20.63,6.17,3.71,0,24.77,96.34
7/22/2009,30.86,38.12,13.58,3.1,0,26.36,96.39
7/23/2009,31.51,38.19,12.25,3.44,0,27.43,96.46
7/24/2009,31.74,38.11,12.56,4.07,0,29.41,96.64
7/25/2009,33.04,30.65,9.09,2.7,0,28.77,96.58
7/26/2009,34.13,27.68,8.89,2.59,0,26.66,96.41
7/27/2009,33.18,33.08,11.58,2.99,0,29.44,96.41
7/28/2009,35.28,23.97,8.02,2.65,0,28.23,96.4
7/29/2009,35.51,21.91,7.71,3.86,0,27.25,96.63
7/30/2009,34.92,18.72,5.12,3.81,0,26.73,96.73
7/31/2009,33.49,16.41,1.91,3.69,0,29.1,96.73
8/1/2009,32.27,21.2,3.62,3.81,0,27.6,96.5
8/2/2009,27.81,45.09,12.26,3.92,0,29.14,96.38
8/3/2009,26.66,49.7,13.6,3.69,0,29.04,96.31
8/4/2009,27.92,43.01,11.36,3.23,0,28.29,96.34
8/5/2009,28.81,40.44,11.92,2.93,0,26.34,96.42
8/6/2009,29.96,43.07,13.68,3.01,0,25.92,96.56
8/7/2009,29.83,38.19,12.17,3.2,0,26.34,96.57
8/8/2009,26.5,41.75,9.96,3.99,0,28.51,96.45
8/9/2009,23.77,52.76,11.91,3.93,0,29.25,96.25
8/10/2009,24.58,47.56,10.16,3.21,0,29.18,96.15
8/11/2009,25.37,52.15,12.2,2.36,0,28.85,96.25
8/12/2009,27.89,51.71,14.61,2.26,0,28.28,96.28
8/13/2009,29.28,49.4,15.68,2.66,0.04,27.97,96.08
8/14/2009,29.39,48.66,15.52,2.77,0,27.8,96.01
8/15/2009,28.7,51.32,15.83,2.81,0,27.64,96.25
8/16/2009,27.67,52.16,15.21,3.06,0,27.98,96.46
8/17/2009,28.09,52.38,15.48,2.94,0,26.99,96.38
8/18/2009,29.27,47.06,14.72,2.99,0,25.99,96.36
8/19/2009,32.79,36.64,13.37,2.55,0.09,21.47,96.44
8/20/2009,31.73,36.79,13.38,3.07,0,24.4,96.6
8/21/2009,29.37,44.63,13.47,3.56,0.01,26.77,96.52
8/22/2009,32.33,39.2,13.35,2.41,0.09,24.31,96.23
8/23/2009,31.8,36.14,13.32,2.93,0.04,24.61,96.22
8/24/2009,28.77,43.79,13.48,3.07,0,24.93,96.26
8/25/2009,25.84,52.14,13.33,3.88,0,24.93,96.35
8/26/2009,25.18,52.14,13.51,4.28,0,26.58,96.31
8/27/2009,26.51,50.08,12.83,3.64,0,26.81,96.36
8/28/2009,27.32,52.37,14.6,2.46,0,26.99,96.36
8/29/2009,27.67,54.64,16.07,2.47,0,26.28,96.24
8/30/2009,27.39,52.11,14.94,2.78,0,26.51,96.25
8/31/2009,26.71,52.59,14.36,2.95,0,25.77,96.39
9/1/2009,25.05,56.55,14.36,2.59,0,25.19,96.61
9/2/2009,24.58,58.6,14.71,3.91,0,23.33,96.68
9/3/2009,24.92,54.12,13.46,4.07,0.09,25.55,96.49
9/4/2009,26.49,49.57,12.59,3.25,0.01,25.6,96.43
9/5/2009,27.19,49.45,13.25,3.07,0,25.47,96.4
9/6/2009,28.8,46.36,13.49,2.36,7.07,17.98,96.22
9/7/2009,28.16,53.08,16.34,2.8,2.15,19.94,96
9/8/2009,24.85,63.82,16.52,2.31,9.22,21.21,96.13
9/9/2009,23.48,71.42,17.4,1.53,11.91,21.31,96.38
9/10/2009,22.9,72.63,17.3,1.94,11.57,20.54,96.51
9/11/2009,22.81,68.89,16.02,2.09,0.18,20.11,96.33
9/12/2009,22.23,72.16,16.29,2.64,3.3,20.62,96.38
9/13/2009,22.13,72.98,16.45,2.71,2.23,18.56,96.6
9/14/2009,20.85,68.36,13.93,3.41,0.63,23.18,96.52
9/15/2009,19.62,69.13,13.14,2.81,1.26,20.95,96.33
9/16/2009,19.73,69.55,13.17,2.98,0.64,15.26,96.28
9/17/2009,19.04,67.41,11.92,2.62,0.44,18.49,96.49
9/18/2009,19.03,65.65,11.73,1.71,0,20.38,96.87
9/19/2009,19.98,66.78,12.52,2.9,0,16.68,97.03
9/20/2009,18.5,68.66,11.81,2.74,0,23.36,97.06
9/21/2009,20.17,62.61,11.25,2.96,0,22.13,96.71
9/22/2009,21.53,53.29,9.55,2.45,0,23.79,96.43
9/23/2009,22.3,51.07,10.02,1.92,0.01,22.41,96.48
9/24/2009,23.42,47.82,10.78,2.58,0.05,18.65,96.68
9/25/2009,23.43,57.48,13.85,2.69,0.7,18.4,96.6
9/26/2009,19.48,72.79,13.9,2.98,1.07,19.65,96.5
9/27/2009,20.43,65.84,12.73,1.86,0.13,19.02,96.48
9/28/2009,20.58,63.49,12.44,2.57,0.07,17.55,96.33
9/29/2009,20.3,69.01,13.74,1.93,0.98,15.45,96.3
9/30/2009,20.49,67.98,13.33,1.81,0,19.57,96.54
10/1/2009,22.24,60.01,12.85,2.42,0,21.68,96.7
10/2/2009,22.65,56.54,11.89,2.31,0,21.88,96.81
10/3/2009,23.6,48.35,10.45,2.12,0,21.31,96.63
10/4/2009,25.05,43.93,10.21,2.33,0,20.51,96.47
10/5/2009,24.18,51.14,12.17,2.27,0,21.12,96.57
10/6/2009,25.19,44.89,10.77,1.88,0,20.78,96.69
10/7/2009,24.12,58.63,13.96,2.56,0,21.09,96.75
10/8/2009,22.69,68.26,15.46,2.37,0,20.7,96.68
10/9/2009,22.42,67.54,15.21,3.56,0,20.6,96.58
10/10/2009,22.47,61.07,13.06,2.82,0,20.72,96.53
10/11/2009,22.88,52.33,10.62,1.54,0,20.68,96.36
10/12/2009,24.07,40.54,7.56,1.8,0,20.69,96.23
10/13/2009,24.54,35.13,6.49,2.59,0,19.89,96.27
10/14/2009,25.63,33.56,6.99,1.68,0,17.76,96.3
10/15/2009,25.63,36.38,7.99,1.6,0,19.31,96.26
10/16/2009,25.97,35.15,8.03,1.52,0,18.38,96.33
10/17/2009,24.42,46.58,10.86,2.15,0,19.29,96.38
10/18/2009,21.51,61.34,12.54,1.34,0.05,18.46,96.27
10/19/2009,20.07,70.12,13.98,2.24,2.3,11.5,96.08
10/20/2009,18.38,73.83,13.06,2.1,0.1,13.1,95.91
10/21/2009,18,77.93,13.73,3.28,5.7,11.88,96.07
10/22/2009,19.03,71.95,13.06,2.06,0.06,18.97,96.59
10/23/2009,22.04,57.29,11.71,3.03,0,19.07,96.7
10/24/2009,23.73,41.09,8.09,1.6,0,18.39,96.72
10/25/2009,24.52,36.63,7.03,1.76,0,18.43,96.51
10/26/2009,24.81,32.68,5.92,1.61,0,18.35,96.33
10/27/2009,25,31.95,5.92,2.31,0,16.09,96.33
10/28/2009,23.29,45.97,10.43,2.29,0.7,12.48,96.56
10/29/2009,24.12,46.97,10.74,1.61,0.02,17.32,96.65
10/30/2009,23.37,54.11,11.93,2.09,0.01,17.53,96.83
10/31/2009,23.3,47.81,9.15,2.34,0.04,17.68,97.06
11/1/2009,21.51,53.96,10.44,1.69,0.29,17.39,97.02
11/2/2009,20.47,65.62,12.53,2.15,0.21,17.35,96.81
11/3/2009,18.98,72.01,13.1,2.08,0.32,16.1,96.59
11/4/2009,17.66,72.16,11.77,1.95,0,8.05,96.53
11/5/2009,16.6,73.32,11.25,2.81,0.38,14.82,96.74
11/6/2009,15.11,65.62,7.5,3.64,0.01,16.99,96.94
11/7/2009,17.34,64.04,8.9,2.99,0.05,17,97.01
11/8/2009,16.35,70.16,10.04,4.07,0.28,16.68,97.09
11/9/2009,15.92,68.46,9.63,3.37,0.14,16.47,96.91
11/10/2009,16.76,56.67,6.45,3.6,0,16.71,96.58
11/11/2009,18.96,37.15,2.09,1.52,0,15.91,96.26
11/12/2009,19.91,29.39,-0.04,1.95,0,15.95,96.36
11/13/2009,20.96,28.2,0.71,2.34,0,15.69,96.57
11/14/2009,20.38,35.87,3.32,1.96,0,15.17,96.8
11/15/2009,21.35,25.52,-0.66,2.72,0,15.71,96.69
11/16/2009,20.99,23.66,-2,2.79,0,15.27,96.41
11/17/2009,19.17,36.86,1.37,1.83,0,11.43,96.58
11/18/2009,18.48,66.28,10.18,1.97,0,14.49,96.85
11/19/2009,17.72,62.2,9.18,1.71,0,13.93,96.94
11/20/2009,19.15,43.97,4.67,2.32,0,14.37,97.1
11/21/2009,19.68,34.02,1.56,2.59,0,14.55,97.39
11/22/2009,17.24,56.28,7.15,2.11,0,14.59,97.63
11/23/2009,16.86,57.08,6.92,1.9,0,13.36,97.35
11/24/2009,18.65,36.52,1.79,1.94,0,12.76,97.19
11/25/2009,18.21,38.52,2.15,1.64,0,14.43,97.24
11/26/2009,17.49,39.13,1.3,1.78,0,14.59,97.22
11/27/2009,16.98,39.96,1.66,1.41,0,11.96,96.96
11/28/2009,16.13,46.33,2.95,1.48,0,12.68,96.79
11/29/2009,14.84,64.72,6.97,3.83,3.08,13.58,96.6
11/30/2009,13.56,76.25,9.13,3.17,4.55,9.12,96.81
12/1/2009,11.3,61.82,2.46,3.07,0,14.87,97
12/2/2009,13.18,52.55,2.62,1.6,0,13.45,96.98
12/3/2009,13.33,70.79,7.55,1.59,0.08,14.1,97.11
12/4/2009,12.78,72.52,7.16,2.5,0.07,14.4,97.04
12/5/2009,12.63,63.64,4.77,1.49,0,14.17,96.86
12/6/2009,13.22,54.56,3.38,1.24,0,14.23,96.85
12/7/2009,14.28,47.74,2.45,1.28,0,14.02,96.92
12/8/2009,15.76,35.35,-0.54,1.35,0,14.06,97.08
12/9/2009,15.8,29.92,-2.86,1.59,0,14.06,97.14
12/10/2009,15.92,25.93,-4.6,1.46,0,13.95,96.94
12/11/2009,15.48,24.9,-5.61,1.68,0,13.93,96.6
12/12/2009,13.69,41.4,-1.52,1.97,0.98,8.85,96.05
12/13/2009,12.6,76.52,8.12,1.83,2.05,11.81,95.62
12/14/2009,13.58,81.43,10.26,3.79,4.85,7.58,95.79
12/15/2009,14.19,70.55,8.21,1.68,0,12.27,96.09
12/16/2009,15.86,78.46,11.82,2.76,6.82,10.9,96.38
12/17/2009,17.71,68.1,11.12,1.45,0.14,13.13,96.43
12/18/2009,16.04,55.4,6.55,4.8,2.14,10.15,95.98
12/19/2009,14.36,81.96,11.12,5.42,20.58,8.09,95.98
12/20/2009,15.59,72.97,10.31,3.14,2.08,11.19,95.97
12/21/2009,16.92,61.69,9.34,4.38,6.1,2.9,95.72
12/22/2009,16.58,75.55,12.05,5.14,8.81,8.95,95.87
12/23/2009,17.52,81.82,14.32,5.18,23.46,3.36,95.6
12/24/2009,17.86,86.96,15.61,5.69,18.59,5.49,95.72
12/25/2009,17.65,81.04,14.22,4.65,6.09,7.98,95.79
12/26/2009,15.4,83.51,12.49,4.45,2.3,11.56,96.47
12/27/2009,14.71,68.06,7.75,1.37,0.05,13.32,96.75
12/28/2009,16.76,56.86,7.01,1.94,0,12.03,96.64
12/29/2009,17.5,53.22,6.76,2.26,0,12.61,96.53
12/30/2009,14.39,74.74,9.66,3.69,1.36,11.25,96.36
12/31/2009,12.45,79.87,8.65,4.06,1.39,11.75,96.54
1/1/2010,11.27,78.56,7.21,1.55,0.18,13.73,96.78
1/2/2010,13.17,62.8,5.05,1.89,0,14.02,96.68
1/3/2010,15.55,52.16,4.5,1.79,0,11.55,96.69
1/4/2010,13.8,68.57,7.83,5.29,2.56,10.69,96.35
1/5/2010,12.6,82.18,9.38,4.46,4.46,11.23,96.3
1/6/2010,13.75,81.43,10.38,3.99,15.81,11.47,95.92
1/7/2010,12.19,88.28,10.29,6.04,31.2,6.23,95.61
1/8/2010,8,80.4,4.53,2.46,3.51,10.98,96.56
1/9/2010,6.82,65.51,-0.32,1.83,0,14.57,96.77
1/10/2010,10.02,75.07,5.54,3.81,6.94,8.49,96.59
1/11/2010,11.7,84.37,9.03,2.01,0.96,14.3,97.24
1/12/2010,11.02,76.92,6.76,2,0.03,10.87,97.24
1/13/2010,14.19,79.67,10.56,2.54,1.09,10.68,97.08
1/14/2010,13.88,92.13,12.78,2.4,2.75,10.2,96.98
1/15/2010,15,58.8,6.04,0.78,0,9.26,97.11
1/16/2010,15.97,48.23,4.36,1.31,0,14.78,97.22
1/17/2010,17.08,53.49,6.56,1.85,0,13.7,97.2
1/18/2010,16.44,51.92,5.59,1.93,0,13.64,97.14
1/19/2010,15.53,60.18,6.24,1.55,0,10.53,97.14
1/20/2010,13.93,75.08,8.8,1.82,0,12.61,97.09
1/21/2010,13.84,70.1,7.46,1.38,0.01,14.67,96.91
1/22/2010,13.86,67.71,7.21,1.7,0.22,13.15,96.67
1/23/2010,11.42,83.49,8.49,3.78,2.9,13.7,96.7
1/24/2010,11.16,85.33,8.48,2.35,3.13,11.74,96.87
1/25/2010,10.02,85.61,7.5,1.53,0.88,13.9,96.6
1/26/2010,9.22,80.96,5.92,1.74,5.86,9.18,96.05
1/27/2010,8.05,72.48,2.79,1.29,1.71,12.2,95.99
1/28/2010,8.99,69.2,2.8,1.92,0,13.28,96.15
1/29/2010,9.93,76.92,5.48,1.18,0.06,16.22,96.43
1/30/2010,10.22,69.71,4.26,1.2,0.01,16.91,96.25
1/31/2010,11.93,62.27,4.32,1.26,0.07,10.81,96.05
2/1/2010,14.17,83.57,11.27,1.87,5.34,13.2,96.3
2/2/2010,17.07,74.93,12.13,2.09,3.29,4.91,96.4
2/3/2010,17.6,73.5,12.37,4.42,8.49,11.63,96.2
2/4/2010,14.64,85.82,12.08,2.62,4.7,11.99,96.88
2/5/2010,14.37,76.93,9.56,1.5,0.01,16.99,97.2
2/6/2010,15.32,55.73,5.67,0.96,0.02,17.49,96.93
2/7/2010,16.12,50.23,4.9,2.26,0,14.94,96.47
2/8/2010,14.73,72.22,9.25,2.69,1.08,13.29,96.11
2/9/2010,12.75,82.01,9.42,2.05,0.87,11.46,96.18
2/10/2010,12.27,77.95,7.95,1.2,0.2,14.66,96.26
2/11/2010,12.78,84.05,9.97,1.69,3.1,15.69,96.2
2/12/2010,14.1,78.59,9.89,2.18,2.71,13.04,95.94
2/13/2010,12.94,82.67,9.72,2.23,12.95,10.19,95.77
2/14/2010,12.88,74.37,7.56,2.02,6,9.19,95.33
2/15/2010,12.76,77.6,8.62,5.83,2.55,14.02,94.78
2/16/2010,12.92,84.13,10.2,6.34,11.04,10.07,94.87
2/17/2010,13.78,77.89,9.7,4.15,2.74,16.15,95.25
2/18/2010,14.43,74.94,9.88,7.88,9.7,11.39,94.53
2/19/2010,10.63,81.4,7.3,3.44,3.32,15.4,96.18
2/20/2010,11.52,72.4,6.03,2.05,3.79,9.63,96.26
2/21/2010,13.79,79.46,10.14,4.49,9.53,6.19,95.81
2/22/2010,14.35,76.72,9.88,3.34,0.9,15.6,96.17
2/23/2010,14.31,79.45,10.45,3.07,1.42,17.13,96.71
2/24/2010,14.55,66.22,7.34,1.33,0.36,15.88,96.89
2/25/2010,16.06,64.18,8.36,1.86,0,20.14,96.54
2/26/2010,19.04,54.96,8.71,2.12,0,18.41,96.07
2/27/2010,20.22,58.7,10.59,5.53,3.39,17.02,95.62
2/28/2010,13.72,83.39,10.62,3.04,2.77,14.88,96.34
3/1/2010,14.38,68.31,7.33,1.71,0.01,20.42,96.33
3/2/2010,14.62,76.51,10.18,4.87,9.55,14.16,95.82
3/3/2010,12.4,78.28,8.48,4.63,1.57,17.13,96.46
3/4/2010,14.08,67.84,7.23,1.36,0.08,21.68,96.6
3/5/2010,15.19,65.41,7.84,2.47,0.14,13.23,96.04
3/6/2010,12.75,84.36,10.02,4.1,15.07,16.06,95.93
3/7/2010,13.15,81.86,9.68,1.96,1.03,18.17,96.5
3/8/2010,14.49,82.4,11.29,3.89,2.8,17.8,96.43
3/9/2010,14.44,81.54,10.97,3.37,6.08,20.29,96.29
3/10/2010,13.28,82.46,9.96,1.99,1.41,21.78,96.32
3/11/2010,13.93,83.62,11.02,3.29,3.21,14.76,96.15
3/12/2010,13.12,83.39,10.05,2.16,0.75,16.26,96.65
3/13/2010,10.97,75.55,6.13,2.75,0.01,17.8,97.06
3/14/2010,11.11,67.39,3.59,2.57,0,23,96.83
3/15/2010,13.8,59.49,4.96,1.56,0,22.12,96.49
3/16/2010,15.61,62.53,7.59,1.96,0,18.67,96.71
3/17/2010,18.99,52.87,8.08,2.49,0,18.75,96.99
3/18/2010,18.51,59.32,9.36,1.89,0,17.7,97.31
3/19/2010,20.25,58.71,10.88,1.8,0,17.87,97.22
3/20/2010,18.1,57.59,8.78,1.92,0,17.57,96.87
3/21/2010,17.92,59.91,8.17,2.09,0,21.79,96.63
3/22/2010,17.43,68.85,10.34,1.86,0,20.12,96.63
3/23/2010,19.14,61.24,9.76,1.81,0,22.75,96.09
3/24/2010,15.32,77.42,10.76,2.01,0,17.64,96.07
3/25/2010,14.66,74.73,9.28,2.09,0,25.34,96.51
3/26/2010,15.42,74.29,9.7,2.2,0,24.56,96.98
3/27/2010,17.41,68.65,10.39,1.95,0,23.94,96.92
3/28/2010,19.37,56.62,8.76,2.11,0.01,23.23,96.71
3/29/2010,16.38,70.58,9.88,2.01,0,24.6,96.73
3/30/2010,15.48,71.75,9.43,2.32,0.08,21.73,96.79
3/31/2010,12.97,75.26,7.98,2.88,0.02,17.11,96.66
4/1/2010,13.11,72.78,7.32,3.24,0,21.76,96.65
4/2/2010,13.45,74.95,8.36,2.71,0,22.38,96.51
4/3/2010,14.38,74.24,8.97,2.54,0,24.6,96.49
4/4/2010,13.93,72.81,8.44,4.37,0,20.74,96.46
4/5/2010,16.09,72.75,10.25,2.06,0,24.05,96.09
4/6/2010,16.56,75.33,11.37,2.04,0,26.44,96.37
4/7/2010,16.46,76.4,11.52,3.08,0,21.14,96.37
4/8/2010,17.62,72.58,11.84,1.82,0,21.38,96.13
4/9/2010,20.5,64.52,12.27,1.5,0,20.76,96.03
4/10/2010,20.33,64.21,12.5,1.66,0,19.78,95.87
4/11/2010,17.77,69.13,10.76,2.59,0.05,26.62,95.69
4/12/2010,15.97,72.95,10.09,2.31,0.08,26.68,95.73
4/13/2010,16.31,68.51,9.53,1.64,0.01,25.58,95.66
4/14/2010,18.25,59.46,9.3,4.18,1.39,23.16,95.4
4/15/2010,17.02,63,8.84,3.77,0.9,25.16,95.65
4/16/2010,16.36,61.43,8.25,3.31,0.26,21.97,96.01
4/17/2010,14.88,67.52,8.09,3.25,0.77,21.31,96.24
4/18/2010,15.54,70.34,9.24,2.75,0.27,27.42,96.48
4/19/2010,18.11,69.58,11.03,2.01,0.23,19.12,96.34
4/20/2010,21.51,54.82,10.06,2,0.01,25.67,96.15
4/21/2010,18.38,66.89,11.37,3.2,0.23,24.93,96.24
4/22/2010,16.79,71.3,10.81,3.12,0.33,26.66,96.34
4/23/2010,17.8,66.96,10.44,1.96,0.09,28.08,96.32
4/24/2010,16.8,76.93,12.25,2.67,0.01,22.22,96.4
4/25/2010,19.99,71.91,13.89,3.29,0.11,24.89,96.4
4/26/2010,23.61,58.16,12.38,1.95,0.02,28.35,96.21
4/27/2010,26.47,41.42,10.23,2.45,0,26.21,96.47
4/28/2010,26.67,46.07,12.53,1.82,0.04,23.89,96.55
4/29/2010,26.39,55.66,15.7,1.97,0.25,18.46,96.43
4/30/2010,22.33,66.94,15.38,2.23,0.54,20.87,96.26
5/1/2010,20.32,62.15,11.44,2.92,0,23.67,96.27
5/2/2010,18.9,65.89,11.12,3.16,0,23.79,96.19
5/3/2010,17.67,62.97,9.49,3.3,0,24.58,96.27
5/4/2010,16.2,58.83,6.14,2.96,0,31.17,96.29
5/5/2010,16.76,54.6,5.02,2.96,0,25.13,96.04
5/6/2010,15.16,64.12,7.29,2.02,0,26.33,95.89
5/7/2010,16.56,62.68,8.32,2.2,0,28.22,96.01
5/8/2010,17.01,61.98,8.26,1.86,0,24.07,95.94
5/9/2010,17.98,64.44,10.53,3.13,0,26.19,96.07
5/10/2010,17.9,65.69,10.29,3.01,0.06,30.16,96.08
5/11/2010,17.17,70.52,11.11,3.73,2.51,22.91,96.21
5/12/2010,15.82,65.01,8.15,2.61,0.35,24.26,96.43
5/13/2010,14.84,66.99,7.84,2.82,2.67,19.13,96.47
5/14/2010,14.84,64.24,7.06,2.99,0.82,26.33,96.94
5/15/2010,17.29,56.21,6.08,3.46,0,31.38,96.82
5/16/2010,20.39,49.35,5.99,3.05,0,30.43,96.53
5/17/2010,21.01,55.69,9.64,3.16,0.11,29.84,96.46
5/18/2010,23.17,56.41,11.61,1.85,0.1,25.36,96.53
5/19/2010,25.88,42.74,9.25,2.95,0.24,24.18,96.25
5/20/2010,27.55,39.79,8.89,2.69,0.21,26.44,95.91
5/21/2010,24.33,46.03,10.4,2.99,0,22.41,96.13
5/22/2010,22.37,55.41,11.63,2.69,0,29.9,96.27
5/23/2010,21.29,56.72,10.99,2.63,0,28.63,96.35
5/24/2010,19.94,61.79,11.19,2.58,0,24.44,96.48
5/25/2010,20.66,56.8,10.17,2.55,0,28.05,96.45
5/26/2010,20.59,59.77,11.16,2.89,0,22.46,96.33
5/27/2010,19.16,63.16,10.82,3.25,0.01,17.98,96.51
5/28/2010,19.04,59.97,9.8,4.02,0,30.58,96.76
5/29/2010,20.88,54.46,8.6,3.85,0,31.03,96.89
5/30/2010,23.72,48.14,9.52,2.56,0,29.82,96.85
5/31/2010,27.7,34.75,8.04,2.02,0,28.95,96.63
6/1/2010,28.93,29.64,7.12,2.66,0,28.86,96.44
6/2/2010,28.83,29.37,6.26,2.38,0,29.7,96.29
6/3/2010,26.79,35.17,8.14,2.34,0,29.2,96.38
6/4/2010,26.36,41.35,9.81,3.19,0,30.88,96.45
6/5/2010,24.97,53.93,13.4,3.39,0,30.43,96.62
6/6/2010,23.83,54.24,12.38,3.41,0,30.44,96.61
6/7/2010,22.72,55.16,11.3,3.43,0,31.33,96.46
6/8/2010,21.45,59.21,11.67,3.25,0.04,28.99,96.27
6/9/2010,20.36,63.99,12.49,4.29,0.63,28.3,96.02
6/10/2010,19.94,62.57,11.67,3.41,1.1,12.88,96.17
6/11/2010,19.22,55.25,8.8,2.54,0.06,23.22,96.52
6/12/2010,18.91,57.16,8.9,2.81,0.04,27.03,96.55
6/13/2010,19.45,60.26,10.5,3.23,0.08,22,96.32
6/14/2010,20.84,57.86,10.65,3.61,0,31.2,96.23
6/15/2010,22.65,54.52,11.03,3.28,0,30.87,96.24
6/16/2010,22.83,50.75,10.02,3,0,31.11,96.15
6/17/2010,22.04,54.55,10.21,2.88,0,30.52,96.35
6/18/2010,22.11,53.66,10.32,3.19,0.02,31.54,96.66
6/19/2010,20.58,52.77,8.5,3.52,0,31.97,96.61
6/20/2010,20.14,56.68,9.37,3.52,0,31.89,96.44
6/21/2010,20.92,54.68,9.88,3.7,0,29.81,96.48
6/22/2010,23.28,53.83,11.57,3.98,0.01,30.79,96.37
6/23/2010,23.92,55.97,12.95,3.34,0,30.76,96.26
6/24/2010,22.7,56.74,12.24,3.07,0,29.99,96.37
6/25/2010,21.73,56.67,11.16,2.94,0,28.89,96.29
6/26/2010,21.89,56.86,11.63,3.02,0,24.03,96.17
6/27/2010,22.59,58.02,12.79,3.23,0,29.36,96.35
6/28/2010,24.5,54.79,13.33,3.54,0,29.54,96.42
6/29/2010,25.73,54.39,14.31,3.41,0,30.11,96.52
6/30/2010,26.57,54.6,15.17,3.42,0.01,29.39,96.46
7/1/2010,25.78,53.45,14.22,3.28,0.02,29.83,96.27
7/2/2010,24.52,57.62,14.67,3.27,0.04,29.31,96.14
7/3/2010,24.69,59.46,15.33,3.43,0.16,22.44,96.07
7/4/2010,26.12,59.02,16.26,3.44,0.44,19.54,96.12
7/5/2010,26.2,56.81,15.54,3.63,0,27.43,96.46
7/6/2010,26.99,52.95,14.43,3.43,0,29.1,96.34
7/7/2010,28,49.81,14.33,3.32,0,26.9,96.25
7/8/2010,29.28,42.47,13.68,3.06,0,25.39,96.46
7/9/2010,32.46,34.72,12.74,1.59,0.01,23.1,96.52
7/10/2010,33.61,31.66,12.25,2.59,0.03,25.4,96.42
7/11/2010,34.84,27.09,10.79,2.59,0.02,27.42,96.35
7/12/2010,31.49,33.41,10.99,2.93,0,29.24,96.5
7/13/2010,27.97,41.16,11.01,3.25,0,30.88,96.34
7/14/2010,26.68,49.29,12.95,3.86,0.03,31.04,96.31
7/15/2010,26.27,50.15,13.14,4.08,0,30.28,96.44
7/16/2010,26.04,47.34,12.22,4.21,0,29.38,96.51
7/17/2010,28.72,40.82,11.8,3.49,0,27.64,96.46
7/18/2010,35.62,24.46,9.01,2.71,0.03,23.32,96.48
7/19/2010,35.93,25.15,10.52,2.37,0,26.19,96.46
7/20/2010,28.7,40.63,11.99,3.89,0,28.54,96.34
7/21/2010,26.48,48.37,12.74,4.09,0,28.76,96.13
7/22/2010,26.49,51.44,13.99,4.08,0,29.15,96.23
7/23/2010,27.08,48.08,13.43,3.93,0,26.4,96.51
7/24/2010,29.6,43.18,14.16,2.96,0,21.32,96.47
7/25/2010,31.33,37.62,13.78,2.85,0,22.77,96.28
7/26/2010,29.45,45.2,14.61,2.95,0.01,26.89,96.06
7/27/2010,28.17,46.05,13.89,3.48,0.14,27.69,96.12
7/28/2010,29.79,37.2,11.78,2.53,0,27.12,96.36
7/29/2010,31.91,27.28,8.06,2.42,0,26.07,96.37
7/30/2010,31.43,25.12,6.74,2.81,0,29.51,96.24
7/31/2010,31.24,31.03,10.26,2.71,0,29.38,96.2
8/1/2010,31.99,33.88,11.64,2.93,0,28.29,96.16
8/2/2010,33.83,31.68,12,3.08,0,26.67,96.25
8/3/2010,33.5,27.54,10.14,2.88,0,26.4,96.24
8/4/2010,30.25,27.86,6.41,2.58,0,27.9,96.16
8/5/2010,27.2,39.06,9.08,2.78,0,30.14,96.03
8/6/2010,27.57,48.4,13.93,3.3,0,28.17,95.95
8/7/2010,31.11,44.8,15.22,2.82,0.04,16.18,96.08
8/8/2010,35.39,27.77,12.25,2.19,0.21,15.71,96.09
8/9/2010,35.56,26.86,12.15,3.55,0.18,21.77,96.19
8/10/2010,36.24,24.6,10.08,2.36,0.03,24.77,96.43
8/11/2010,36.82,18.14,6.88,3.57,0,26.94,96.53
8/12/2010,33.62,23.92,8.55,3.41,0,27.27,96.43
8/13/2010,27.54,45.3,13.07,4.18,0.03,27.77,96.17
8/14/2010,27.51,48.24,13.85,3.38,0.09,26.45,96.06
8/15/2010,28.02,48.83,15.18,3.43,1.02,19.67,96.51
8/16/2010,26.12,52.35,15.12,3.33,2.69,8.02,96.76
8/17/2010,23.05,57.11,12.58,3.1,0.35,23.55,96.65
8/18/2010,23.43,52.42,11.48,3.45,0,26.71,96.23
8/19/2010,26.11,51.96,13.3,4.06,0,27.91,96.08
8/20/2010,29.4,41.89,11.68,2.37,0,28.19,96.36
8/21/2010,31.1,37.06,12.65,2.34,0,27.12,96.79
8/22/2010,31.55,37.12,13.54,2.47,0,25.7,96.67
8/23/2010,29.56,46.93,15.72,3.14,0,23.14,96.5
8/24/2010,32.87,33.11,11.83,2.41,0.31,23.5,96.34
8/25/2010,37.05,18.08,6.68,2.9,0.14,24.33,96.28
8/26/2010,37.06,13.9,1.82,2.6,0,24.73,96.36
8/27/2010,35.35,23.14,8.7,2.55,0.07,25.03,96.3
8/28/2010,34.72,24.62,9.4,3.22,0,25.58,96.27
8/29/2010,31.72,29.27,9.19,2.78,0,25.84,96.25
8/30/2010,32.48,28.91,9,2.34,0,26.66,95.97
8/31/2010,30.38,35.46,11.95,2.92,0,26.12,95.86
9/1/2010,27.71,49.57,14.29,3.36,0,25.54,95.96
9/2/2010,26.22,51.33,13.53,3.51,0,26.57,96.22
9/3/2010,27.31,44.03,10.6,2.63,0,26.67,96.17
9/4/2010,29.08,41.01,11.96,2.13,0,25.56,96.14
9/5/2010,29.32,44.12,13.76,2.48,0.01,21.64,96.25
9/6/2010,27.51,48.95,15.15,2.1,0.04,17.84,96.36
9/7/2010,25.35,49.34,12.48,3.36,0,24.88,96.36
9/8/2010,24.37,55.74,13.33,4.2,0.02,25.47,96.45
9/9/2010,26.1,43.89,9.69,4.07,0,24.94,96.47
9/10/2010,27.81,38.24,10.34,2.74,0,24.73,96.29
9/11/2010,25.57,56.72,14.85,3.32,0.01,23.53,96.22
9/12/2010,25.11,54.22,13.36,2.69,0.03,21.21,96.49
9/13/2010,26.9,48.58,13.75,2.26,0,13.76,96.84
9/14/2010,31.34,34.81,11.74,2.5,0,22.09,96.76
9/15/2010,29.57,41.58,13.1,2.59,0.01,20.62,96.64
9/16/2010,29.12,39.16,12.12,3.33,0.72,13.88,96.26
9/17/2010,23.7,59.21,13.98,3.63,0.19,21.2,96.24
9/18/2010,24.37,54.27,12.56,3.08,0,15.22,96.22
9/19/2010,25.16,56.94,14.63,3.44,0.7,18.7,96.25
9/20/2010,24.14,56.09,13.93,2.82,0.19,17.34,96.41
9/21/2010,27.12,46.88,13.71,2.34,0.5,19.57,96.43
9/22/2010,28.09,46.35,14.58,2.94,0.01,17.95,96.57
9/23/2010,29.46,39.84,12.68,3.33,0,18.29,96.42
9/24/2010,29.5,40.53,13.3,3.5,0,18.68,96.29
9/25/2010,25.83,43.85,11.96,2.95,0,17.51,96.19
9/26/2010,23.01,56.38,13,3.31,0,20.61,96.26
9/27/2010,20.82,57.22,11.1,2.96,0,14.44,96.44
9/28/2010,20.28,55.9,9.59,2.94,0,22.9,96.6
9/29/2010,22.32,53.2,10.54,3.05,0,22.3,96.57
9/30/2010,25.93,42.12,9.84,2.65,0,21,96.5
10/1/2010,26.6,39.45,9.35,2.58,0,22.02,96.21
10/2/2010,26.63,41.16,10.32,3.28,0,18.82,96.35
10/3/2010,22.58,61.06,14.03,2.85,0.01,13.56,96.54
10/4/2010,20.97,68.13,14.28,3.22,1.45,18.97,96.34
10/5/2010,20.25,63.53,12.23,4.15,0.3,13.66,95.95
10/6/2010,20.14,64.83,12.64,3.12,0.15,16.62,95.92
10/7/2010,21,60.69,12.18,2.53,0.01,19.91,96.26
10/8/2010,23.23,43.63,7.95,3.52,0,20.92,96.19
10/9/2010,20.82,62.29,12.79,4.79,3.06,17.72,96.27
10/10/2010,17.98,79.42,14.19,4.77,6.85,9.73,96.05
10/11/2010,18.2,73.52,13.04,5.15,8.42,15.45,95.46
10/12/2010,17.87,73.21,12.38,3.24,1.1,18.53,95.8
10/13/2010,18.49,69.86,11.95,1.83,0.13,18.5,96.17
10/14/2010,19.11,64.77,11.53,1.61,0,18.74,96.3
10/15/2010,19.25,59.47,10.08,1.63,0,19.56,96.19
10/16/2010,19.08,58.29,9.72,1.54,0,19.73,96.19
10/17/2010,20.38,58.54,11.04,1.95,0,19.7,96.36
10/18/2010,20.03,53.69,8.97,2.33,0,14.37,96.4
10/19/2010,17.37,59.51,9.03,0.96,0.07,5.52,96.35
10/20/2010,19.35,59.46,10.51,1.79,0.11,18.07,96.37
10/21/2010,19.85,58.49,10.59,1.44,0,18.16,96.58
10/22/2010,20.75,60.07,12.01,2.33,0.18,15.67,96.64
10/23/2010,18.7,71.12,12.84,2.09,3.06,13.45,96.47
10/24/2010,17.46,72.89,11.94,2.33,0.96,12.51,96.55
10/25/2010,17.86,65.07,9.92,2.81,0.02,18.07,96.74
10/26/2010,18.43,58.32,8.53,1.8,0,18.67,96.93
10/27/2010,20.89,44.72,6.4,1.59,0,18.55,97.06
10/28/2010,21.69,36.36,4.69,1.76,0,18.14,96.96
10/29/2010,20.79,38.19,3.95,2.88,0,17.31,96.74
10/30/2010,18.7,53.49,7.41,2.65,0.08,17.66,96.64
10/31/2010,17.02,77.55,12.8,3.69,3.81,13.78,96.7
11/1/2010,15.68,65.95,8.57,4.12,0.2,14.83,96.77
11/2/2010,15.42,57.39,4.98,3.12,0,18.08,96.69
11/3/2010,17.3,44.47,3.87,1.36,0,18.01,96.78
11/4/2010,18.99,38.48,3.1,2.32,0,17.53,96.98
11/5/2010,18.38,40.82,3.08,2.15,0,17.4,96.88
11/6/2010,17.09,45.95,3.32,1.62,0,17.29,96.77
11/7/2010,15.66,62.21,7.21,1.8,0,16.77,96.48
11/8/2010,15.59,71.38,9.52,1.52,0.12,16.18,96.25
11/9/2010,15.56,77.12,11.2,3.54,2.05,13.23,95.95
11/10/2010,15.94,80.37,12.4,2.61,2.31,10.72,96.32
11/11/2010,15.26,69.18,8.74,2.58,0,13.13,97.07
11/12/2010,15.83,59.18,6.84,1.56,0,16.11,96.97
11/13/2010,16.21,61.16,7.58,1.29,0,15.91,96.43
11/14/2010,15.15,67.8,8.65,1.8,0.04,14.96,96.35
11/15/2010,14.36,69.55,8.56,3.61,0.14,10.17,96.93
11/16/2010,13.47,53.67,2.97,1.9,0,16.19,97
11/17/2010,13.83,47.16,2.31,0.97,0,13.79,96.74
11/18/2010,14.6,58.65,5.79,2.43,0.22,14.4,96.5
11/19/2010,14.39,63.67,6.96,1.28,0.01,13.08,96.59
11/20/2010,16.31,69.55,10.13,2.59,3.29,10.23,96.69
11/21/2010,13.93,74.76,8.95,2.55,0.41,11.7,96.5
11/22/2010,12.07,68.88,5.57,2.48,0,15.08,96.21
11/23/2010,14.66,55.1,4.4,1.04,0,15.09,96.22
11/24/2010,16.01,57.96,6.64,1.5,0.13,15.02,96.29
11/25/2010,16.84,64.78,9.53,1.22,0.25,13.67,96.06
11/26/2010,17.49,59.13,8.05,4.33,7.23,7.31,95.32
11/27/2010,15.92,79.5,12.07,5.87,6.96,7.34,95.23
11/28/2010,15.83,76.44,11.29,2.59,4.99,10.62,95.73
11/29/2010,17.39,69.58,11.69,8.09,17.09,5.11,95.36
11/30/2010,15.87,78.53,11.93,6.76,31.1,5.66,95.4
12/1/2010,12.31,78.31,8.38,2.82,1.37,11.54,96.35
12/2/2010,12.06,80.33,8.39,1.57,2.42,13.83,96.61
12/3/2010,10.68,82.78,7.75,3.17,0.34,9.54,96.56
12/4/2010,15.3,56.1,5.43,2.3,0,10.81,96.12
12/5/2010,20.02,40.85,5.86,5.46,0.06,12.15,96.13
12/6/2010,19.23,47,7.26,3.94,0,9.26,96.05
12/7/2010,18.64,49.62,7.39,3.84,0.02,9.2,95.85
12/8/2010,18.16,51.41,7.46,2.53,0.12,8.51,96.04
12/9/2010,19.08,38.09,3.17,2.63,0,12.3,96.27
12/10/2010,19.19,39.49,3.81,2.1,0,12,96.6
12/11/2010,17.22,44.5,3.66,1.37,0,10.86,96.67
12/12/2010,16.27,63.95,8.98,1.89,0.04,5.53,96.28
12/13/2010,16.48,55.39,6.67,1.82,0,12.57,96.03
12/14/2010,15.32,57.3,5.99,2.11,0,13.51,96.58
12/15/2010,15.43,46.49,2.86,1.43,0,11.79,96.61
12/16/2010,16.09,40.42,1.5,1.4,0,13.19,96.03
12/17/2010,17.94,39.13,3.22,3.16,0.69,9.17,95.51
12/18/2010,16.39,61.13,8.49,5.52,5.57,8.86,95.28
12/19/2010,14.43,83.39,11.4,3.13,13.02,10.87,96.07
12/20/2010,16.62,62.27,8.85,3.65,1.47,11.87,96.06
12/21/2010,16,70.59,10.1,5.01,13.26,11.7,95.76
12/22/2010,15.2,78.28,11.15,7.37,14.15,9.16,95.47
12/23/2010,11.81,81.15,8.48,2.25,2.44,11.49,96.33
12/24/2010,10.65,68.36,4.21,1.92,0,13.31,96.56
12/25/2010,11.76,72.35,6.57,1.77,0.82,9.79,96.59
12/26/2010,12.97,81.49,9.51,1.41,0.71,13.28,96.68
12/27/2010,14.41,60.74,5.94,1.74,0,13.56,96.71
12/28/2010,14.97,50.17,4.15,1.96,0,8.4,96.51
12/29/2010,14.36,48.26,2.29,2.45,0,12.86,96.22
12/30/2010,11.76,53,1.84,2.76,0.62,8.84,96.43
12/31/2010,12.27,70.25,6.59,1.51,0.33,13.71,96.88
1/1/2011,11.88,71.68,6.28,1.69,0,13.92,96.95
1/2/2011,12.9,61.93,5,1.74,0,11.5,96.78
1/3/2011,14.12,56.35,4.71,1.48,0,12.43,96.67
1/4/2011,14.33,59.29,5.86,1.43,0,9.93,96.69
1/5/2011,12.89,54.97,2.92,1.95,0,12.96,96.69
1/6/2011,13.26,47.59,1.09,2.25,0,11.77,96.64
1/7/2011,14.19,47.93,2.43,1.91,0,11.83,96.88
1/8/2011,14.26,60.06,5.07,2.53,0,14.09,96.94
1/9/2011,12.7,76.6,8.22,1.14,0,13.82,97.11
1/10/2011,11.49,71.7,5.81,1.82,0,14.35,97.23
1/11/2011,12.22,60.92,3.55,1.8,0,14.55,97.38
1/12/2011,13.04,56.23,3.26,1.43,0,14.92,97.37
1/13/2011,13.61,55.82,3.3,1.32,0,14.84,97.03
1/14/2011,12.82,67.29,6.04,1.53,0,14.79,97.1
1/15/2011,13.07,54.62,2.8,1.63,0,14.08,97.19
1/16/2011,12.62,51.51,1.63,1.86,0,15,97.38
1/17/2011,13.48,49.17,1.73,1.37,0,14.43,97.28
1/18/2011,12.84,47.99,1.06,1.36,0,14.08,96.88
1/19/2011,12.37,52.79,2.04,1.7,0,14.84,96.68
1/20/2011,12.25,51.08,1.39,1.38,0,13.64,96.48
1/21/2011,13.84,44.69,0.82,1.91,0,14.37,96.21
1/22/2011,12,61.09,4.05,1.81,0.93,8.78,95.8
1/23/2011,11.53,69.57,5.46,2.23,1.69,14.21,95.66
1/24/2011,12.37,73.82,7.27,2.89,7.37,13.8,95.72
1/25/2011,14.35,63.46,7.01,1.26,0.81,9,95.7
1/26/2011,13.76,67.74,7.59,5.93,4.9,11.42,95.13
1/27/2011,12.06,81.59,8.85,4,18.96,5.82,95.56
1/28/2011,10.9,83.07,7.94,3.01,2.25,11.24,96.39
1/29/2011,10.56,82.23,7.42,1.56,2.15,11.9,96.45
1/30/2011,9.78,83.91,6.96,1.4,8.32,10.91,96.41
1/31/2011,8.21,81.33,4.72,1.64,0.7,15.97,96.81
2/1/2011,8.23,78.18,4.08,1.88,0.29,15.11,97.14
2/2/2011,7.24,72.33,1.6,2.07,0,17.4,97.43
2/3/2011,7.84,60.48,-0.65,2,0,17.41,97.54
2/4/2011,9.53,51.85,-1.85,1.43,0,17.67,97.56
2/5/2011,10.35,51.53,-0.94,2,0,17.77,97.58
2/6/2011,10.44,61.19,1.7,1.57,0,17.57,97.44
2/7/2011,10.79,64.5,2.96,1.13,0,17.64,97.25
2/8/2011,9.83,67.21,3.42,1.42,0,16.83,97.03
2/9/2011,10.43,55.58,0.26,1.89,0,17.6,96.74
2/10/2011,11.52,50.38,0.32,1.72,0,13.24,96.83
2/11/2011,11.72,52.59,0.35,1.65,0,17.82,96.85
2/12/2011,11.22,70.34,4.9,1.49,0.07,15.74,96.78
2/13/2011,10.66,81,7.19,2.52,0.33,14.35,96.92
2/14/2011,11.91,79.89,8.13,1.52,2.58,15.76,96.88
2/15/2011,11.48,82.22,8.2,3.15,6.98,15.09,96.47
2/16/2011,11.95,81.5,8.48,2.91,4.47,17.74,96.32
2/17/2011,11.86,79.68,7.84,2.46,3.35,16.72,96.56
2/18/2011,12.02,67.55,5.32,1.62,0,18.23,96.72
2/19/2011,13.17,65.51,5.88,1.34,0,16.59,96.8
2/20/2011,13.24,76.41,8.34,1.55,0.06,18.33,97.19
2/21/2011,12.99,66.7,5.43,2.91,0.02,20.74,97.46
2/22/2011,13.54,61.94,4.82,2.86,0,20.48,97.07
2/23/2011,14.64,60.74,5.51,2.16,0.01,20.84,96.8
2/24/2011,15.49,56.85,4.93,1.45,0,20.29,96.88
2/25/2011,14.98,59.06,5.59,2.26,0.05,21.15,97.04
2/26/2011,16.23,53.09,4.89,2.03,0,21.12,97.11
2/27/2011,16.21,56.54,5.75,1.57,0.01,21.44,97.03
2/28/2011,13.01,66.67,5.79,2.94,0.05,21.96,96.93
3/1/2011,10.86,66.41,3.7,2.5,0,21.95,96.78
3/2/2011,8.18,65.62,0.63,3.09,0,22.25,96.66
3/3/2011,7.99,65.11,0.07,2,0,21.92,96.4
3/4/2011,9.24,67.71,2.06,1.43,0,22.4,96.24
3/5/2011,9.93,71.72,4.23,1.56,0.19,16.87,96.2
3/6/2011,11.41,70.31,5.41,1.82,0.19,20.38,96.26
3/7/2011,13.35,63.46,5,2.58,0.03,21.39,96.11
3/8/2011,12.69,65.26,5.45,2.26,1.26,19.53,96.04
3/9/2011,12.54,70.22,6.65,1.87,1.42,16.02,96.1
3/10/2011,13.02,68.7,6.93,1.05,1.66,7.94,96.19
3/11/2011,12.49,76.75,8.25,2,6.39,11.3,95.77
3/12/2011,12.53,74.36,7.46,3.82,3.79,13.75,95.58
3/13/2011,12.92,69.93,6.73,2.73,3.91,17.97,95.38
3/14/2011,10.43,83.25,7.61,3.77,20.04,10.72,95.24
3/15/2011,8.34,81.89,5.16,3.51,11.72,14.64,96.07
3/16/2011,11.21,78.7,7.16,4.7,6.18,16.81,96.66
3/17/2011,11.87,72.86,6.08,2.71,0.01,23.41,96.97
3/18/2011,13.73,62.5,4.77,2.28,0,24.68,96.95
3/19/2011,16.75,46.62,2.85,1.77,0,23.99,96.79
3/20/2011,17.5,45.96,3.37,1.82,0,23.99,96.65
3/21/2011,17.42,47.24,3.72,1.82,0,24.43,96.45
3/22/2011,18.37,45.81,4.6,2.38,0,20.04,96.23
3/23/2011,17.24,53.99,6.25,2.96,0,20.17,96.02
3/24/2011,16.75,73.12,10.76,1.93,0,22.08,96.48
3/25/2011,17.11,68.53,10.17,1.66,0,24.11,96.62
3/26/2011,16.24,67.94,9.19,1.81,0,23.51,96.66
3/27/2011,15.31,72.26,9.42,2.24,0,23.95,96.85
3/28/2011,16.12,68.1,8.8,2.48,0,25.52,96.92
3/29/2011,15.98,70,8.99,2.83,0,25.9,97.06
3/30/2011,17.83,57.77,7.02,3.16,0,26.18,96.94
3/31/2011,21.98,40.36,5.14,1.79,0,25.79,96.74
4/1/2011,23.67,38.35,6.75,3.3,0.2,21.5,96.62
4/2/2011,22.61,45.13,8.58,2.79,0.14,18.23,96.47
4/3/2011,15.09,80.92,11.64,3.6,22.13,9,96.46
4/4/2011,14.14,79.28,10.21,5.08,4.38,8.47,96.17
4/5/2011,17.56,70,10.51,1.5,3.86,18.39,95.77
4/6/2011,18.38,67.66,11.23,1.74,0,20.23,96.35
4/7/2011,21.29,52.74,8.49,1.28,0,25.78,96.65
4/8/2011,23.22,45.38,7.77,2.87,0,25.45,96.81
4/9/2011,19.85,69.21,12.88,2.06,0,25.72,97.14
4/10/2011,19.9,65.04,11.64,2.42,0,26.5,96.9
4/11/2011,19.86,58.22,9.26,2.43,0,26.34,96.57
4/12/2011,21.72,50.73,9.05,1.55,0,27.25,96.25
4/13/2011,25,39.56,7.77,2.05,0,26.02,96.05
4/14/2011,23.65,40.94,7.48,2.57,0,24.23,95.99
4/15/2011,24.42,43.47,9.64,2.28,0,26.1,95.58
4/16/2011,19.53,66.62,12.2,2.41,0.08,24.98,95.84
4/17/2011,20.67,62.08,11.18,1.73,0,27.38,96
4/18/2011,21.8,54.88,11.03,3.46,0.14,27.95,95.97
4/19/2011,18.27,63.91,10.03,3.09,0.15,28.71,96.07
4/20/2011,18.18,68.16,10.79,2.92,0.68,25.79,95.77
4/21/2011,15.37,70.52,9.22,4.6,2.87,23.91,96.01
4/22/2011,14.28,74.51,9.31,3.72,3.11,21.27,96.16
4/23/2011,14.94,73.12,9.37,2.38,2.18,19.76,95.86
4/24/2011,15.17,75.41,10.23,2.32,3.2,22.39,96.1
4/25/2011,16.46,66.63,8.82,2.28,0.16,25.96,96.26
4/26/2011,18.8,57.65,8.51,2.69,0,27.36,96.11
4/27/2011,19.96,59.03,10.02,2.25,0.56,27.56,95.87
4/28/2011,17.08,75.43,12.06,3.25,6.69,17.36,95.87
4/29/2011,14.54,77.23,10.25,3.92,13.15,16.2,95.59
4/30/2011,14.99,73.58,9.87,3.08,11.76,18.78,95.31
5/1/2011,13.5,77.69,9.48,4.15,28.17,14.5,95.08
5/2/2011,13.72,80.97,10.27,4.86,11.26,15.16,95.93
5/3/2011,16.29,71.36,10.05,1.92,0.42,26.42,96.57
5/4/2011,17.81,75.37,12.73,2.64,0.18,23.9,96.57
5/5/2011,18.7,70.95,12.29,2.79,0.08,27.03,96.33
5/6/2011,17.68,75.36,12.51,2.85,0.17,17.35,96.24
5/7/2011,17.95,67.06,10.27,2.16,0.03,30.02,96.48
5/8/2011,20.06,63.75,11.23,2.85,0,30.17,96.31
5/9/2011,23.6,58.86,13.64,2.07,1.14,22.07,96.25
5/10/2011,25.44,56.93,15.09,2.29,0.53,19.51,96.29
5/11/2011,24.81,56.68,14.5,3.02,0.54,14.83,96.33
5/12/2011,23.73,58.34,13.75,2.2,0.22,12.32,96.13
5/13/2011,24.4,49.54,12.02,2.48,0.16,24.51,96.11
5/14/2011,26.92,48.73,13.5,1.48,1.67,23.37,96.22
5/15/2011,26.24,61.12,17.52,1.24,7.32,16.77,96.41
5/16/2011,24.02,72.82,18.15,2.72,24.02,10.21,96.56
5/17/2011,24.93,65.8,17.13,3.01,3.1,21.07,96.33
5/18/2011,19.7,73.51,14.2,3.35,1.42,16.13,96.18
5/19/2011,17.88,74.22,12.58,2.31,1.92,22.84,96.15
5/20/2011,19.88,68.61,13.07,2.37,0.39,28.7,96.28
5/21/2011,21.43,63,12.84,2.81,0.01,29.9,96.41
5/22/2011,23.74,52.7,11.95,1.95,0.01,28.73,96.36
5/23/2011,26.6,47.15,12.81,2.43,0.03,27.42,96.38
5/24/2011,26.43,49.69,13.5,2.93,0.22,17.26,96.6
5/25/2011,24.98,57.24,15.09,3.13,2.82,11.57,96.69
5/26/2011,21.55,76.77,17.21,1.89,2.59,5.94,96.67
5/27/2011,24.48,53.84,13.3,3.53,0.96,20.76,96.21
5/28/2011,21.48,64.78,13.47,3,0.05,23.22,96.42
5/29/2011,21.15,65.06,12.72,2.78,0.02,29.82,96.52
5/30/2011,20.82,65.77,12.86,2.48,0.03,28.14,96.65
5/31/2011,20.71,67.04,13.25,3.59,0,29.84,96.67
6/1/2011,22.21,64.68,13.93,3.45,0.01,30.73,96.43
6/2/2011,23.16,61.67,13.66,2.66,0,30.73,96.27
6/3/2011,22.42,64.01,14,2.41,0,29.81,96.12
6/4/2011,21.25,65.56,13.19,2.45,0.02,24.05,95.76
6/5/2011,20.87,69.32,14.07,3.19,0.18,16.87,95.7
6/6/2011,20.12,68.26,13.21,2.95,0.11,24.94,96.06
6/7/2011,18.98,67.11,12.03,3.17,0.11,25.99,96.42
6/8/2011,19.16,61.91,10.46,3.57,0,30.98,96.56
6/9/2011,19.46,63.15,11.37,3.3,0,31.05,96.66
6/10/2011,19.77,63.85,11.26,3.39,0,31.51,96.68
6/11/2011,22.75,59.68,12.61,3.68,0,30.64,96.48
6/12/2011,25.98,49.2,12.47,2.51,0,29.74,96.51
6/13/2011,26.5,50.85,13.72,2.6,0,29.59,96.67
6/14/2011,26.92,48.17,12.95,2.92,0,30.3,96.59
6/15/2011,26.31,49.41,11.88,3.33,0,30.81,96.57
6/16/2011,26.48,51.08,13.32,4.37,0.01,29.99,96.49
6/17/2011,25.67,56.63,14.85,3.69,0.02,26.26,96.41
6/18/2011,27.57,49.02,14.73,2.46,0,21.02,96.51
6/19/2011,29.51,42.61,13.73,2.2,0.01,17.79,96.5
6/20/2011,30.66,38.76,12.8,1.95,1.45,25.5,96.51
6/21/2011,31.15,35,11.45,2.54,0,29.7,96.41
6/22/2011,29.48,36.25,10.25,2.36,0,31.61,96.5
6/23/2011,27.93,45.66,13,4.12,0,29.98,96.42
6/24/2011,31.46,39.81,12.77,1.95,0.01,28.69,96.19
6/25/2011,32.98,32.84,12.75,3.61,0,17.97,96.53
6/26/2011,33.41,31.37,11.94,3.32,0,24.93,96.47
6/27/2011,32.69,35.15,12.45,2.28,0,29.05,96.37
6/28/2011,32.67,37.85,12.85,2.6,0,27.34,96.29
6/29/2011,33.12,36.66,13.85,2.3,0,26.43,96.3
6/30/2011,34.45,27.89,11.84,1.88,0,21.68,96.29
7/1/2011,34.88,25.95,10.73,2.54,0,28.99,96.35
7/2/2011,33.71,30.93,11.36,3.12,0,29.27,96.23
7/3/2011,24.14,55.48,13.6,4.04,0,25.83,96.48
7/4/2011,24.17,47.29,10.09,4.83,0,30.97,96.41
7/5/2011,27.66,42.87,11.01,3.14,0,29.43,96.31
7/6/2011,28.18,44.15,12.7,2.94,0.04,25.36,96.3
7/7/2011,26.94,48.94,13.24,3.95,0.03,28.06,96.25
7/8/2011,25.84,49.98,12.99,4.07,0,24.31,96.28
7/9/2011,24.91,54.54,13.84,4.44,0.09,28.09,96.43
7/10/2011,25.42,55.78,14.65,4.69,0,28.08,96.38
7/11/2011,25.71,52.34,13.87,3.98,0,25.17,96.18
7/12/2011,24.63,54.61,14.18,3.1,0,19.64,96.36
7/13/2011,25.54,52.68,13.22,3.4,0,27.09,96.44
7/14/2011,25.51,45.84,9.48,3.32,0,30.17,96.36
7/15/2011,26.05,51.02,12.86,2.94,0,30.01,96.34
7/16/2011,27.15,51.45,13.39,2.76,0,30.29,96.43
7/17/2011,25.65,53.96,13.26,3.43,0,30.05,96.38
7/18/2011,22.96,56.44,12.54,3.95,0,21.51,96.39
7/19/2011,23.23,54.51,11.72,4.91,0,30.53,96.32
7/20/2011,24.86,56.86,14.28,4.27,0.03,29.82,96
7/21/2011,24.77,58.52,14.69,3.06,0,29.8,95.91
7/22/2011,24.28,58.52,14.47,3.11,0.03,26.76,96.18
7/23/2011,23.34,56.36,12.84,3.33,0,29.48,96.51
7/24/2011,23.29,53.14,11.43,3.54,0,30.16,96.5
7/25/2011,25.35,48,10.51,3.46,0,30.19,96.15
7/26/2011,27.74,45.02,11.93,3.3,0,29.65,95.95
7/27/2011,27.86,46.89,13.21,2.41,0.01,29.22,96.17
7/28/2011,29.62,38.59,11.52,1.97,0,28.07,96.4
7/29/2011,32.37,24.9,6.89,2.19,0,27.07,96.52
7/30/2011,31.46,26.69,6.94,2.65,0,28.34,96.54
7/31/2011,32.11,26.06,7.03,3.09,0.01,25.03,96.07
8/1/2011,24.2,50.81,11.68,4.66,0,27.73,96.12
8/2/2011,25.09,51.23,12.16,3.87,0.02,27.61,96.39
8/3/2011,26.66,50.38,13.49,4.22,0,27.66,96.57
8/4/2011,26.5,49.21,13,3.97,0,26.75,96.63
8/5/2011,27.08,49.26,13.5,3.99,0,26.82,96.45
8/6/2011,28.02,46.12,13.01,4.43,0,27.19,96.16
8/7/2011,31.18,39.07,13.07,3.71,0.23,25.01,95.91
8/8/2011,35.78,25.72,10.61,3.21,0.09,25.62,96.13
8/9/2011,32.58,36.03,13.99,2.4,0,22.88,96.37
8/10/2011,32.3,36.79,13.87,2.18,0,23.24,96.33
8/11/2011,28.81,47.13,14.97,3.36,0,23.93,96.35
8/12/2011,27.81,48.28,13.83,3.67,0,25.37,96.32
8/13/2011,30.16,40.35,12.82,2.75,0,24.28,96.02
8/14/2011,32.52,31.57,11.41,2.35,0,23.49,96.05
8/15/2011,34.46,26.59,9.86,2.14,0.11,23.54,96.23
8/16/2011,31.23,37.24,13.12,3.34,0,25.31,96.31
8/17/2011,26.81,50.62,14.05,3.25,0,28.68,96.21
8/18/2011,26.38,49.1,12.54,3.49,0,26.93,95.96
8/19/2011,30.75,37.88,10.98,2.85,0.4,24.85,95.93
8/20/2011,27.1,44.38,12.63,4.14,0.06,24.69,96.28
8/21/2011,24.8,52.49,12.81,3.39,0,26.58,96.63
8/22/2011,26.26,51.25,13.27,3.52,0,26.49,96.48
8/23/2011,26.35,54.6,15.05,3.92,0.02,25.02,96.51
8/24/2011,27.42,49.76,14.43,3.6,0.01,24.98,96.47
8/25/2011,28.13,43.61,12.59,3.12,0,25.1,96.38
8/26/2011,24.91,51.38,13.46,3.11,0.86,16.5,96.46
8/27/2011,28.93,40.48,11.9,3.01,0.17,23.53,96.39
8/28/2011,28.78,41.44,12.83,3.28,0.2,22.64,96.57
8/29/2011,26.23,47.68,12.95,3.31,0.32,23.72,96.56
8/30/2011,24.55,51.77,12.75,3.38,0.04,26.2,96.47
8/31/2011,23.67,54.5,11.57,3.13,0.02,26.46,96.27
9/1/2011,22.82,64.88,14.89,4.57,1.97,25.37,96.4
9/2/2011,22.39,63.45,14.37,3.45,0.61,21.96,96.6
9/3/2011,22.39,56.59,11.82,3.03,0,24.56,96.56
9/4/2011,23.24,55.6,11.85,4.07,0,26.38,96.57
9/5/2011,26.06,46.57,11.18,3.37,0,26.18,96.57
9/6/2011,31.23,24.67,5.48,2.38,0,25.7,96.62
9/7/2011,32.23,19.59,3.47,2.4,0,25.84,96.58
9/8/2011,32.12,15.8,0.89,1.99,0,25.75,96.3
9/9/2011,30.54,20.07,2.11,3.36,0,24.7,96.2
9/10/2011,26.03,41.11,9.14,2.54,0,26.02,96.48
9/11/2011,25.44,48.88,11.61,3.21,0,25.58,96.69
9/12/2011,25.17,53.24,12.92,2.5,0,24.37,96.44
9/13/2011,24.95,56.5,13.81,2.47,0,24.93,96.21
9/14/2011,24.2,59.7,14.65,2.43,0,22.22,96.07
9/15/2011,23.75,55.36,11.82,3.02,0,24.59,96.29
9/16/2011,23.81,56.14,12.36,2.49,0,22.29,96.52
9/17/2011,24.93,59.79,14.49,2.78,0,19.34,96.58
9/18/2011,22.65,63.39,14.34,3.3,0,19.33,96.53
9/19/2011,22.68,54.57,11.06,2.63,0,24.53,96.39
9/20/2011,23.7,56.23,11.03,2.51,0,24.4,96.53
9/21/2011,22.46,58.75,11.59,2.02,0,22.32,96.79
9/22/2011,21.91,59.73,12.64,2.07,0,16.23,96.73
9/23/2011,21.73,63.75,13.58,2.75,0.54,13.38,96.54
9/24/2011,22.06,62.11,13.02,3.09,0.14,11.72,96.39
9/25/2011,21.98,62.91,13.25,2.67,0.02,23.21,96.52
9/26/2011,22.55,62.45,13.94,2.64,0.12,22.32,96.82
9/27/2011,23.32,62.52,14.61,3.29,0.23,20.54,96.73
9/28/2011,24.92,56.38,13.52,2.49,0,21.17,96.52
9/29/2011,26.41,49.05,11.85,2.24,0,21.19,96.43
9/30/2011,25.92,50.57,13.09,1.47,0,20.99,96.39
10/1/2011,25.44,49.01,11.78,2.3,0,20.06,96.38
10/2/2011,28.03,37.22,9.16,2.23,0,18.68,96.57
10/3/2011,25.93,50.04,12.91,2.27,0.01,8.68,97
10/4/2011,27.3,37.18,10.32,1.97,0,20.38,96.75
10/5/2011,25.32,43.42,10.33,1.79,0,21.01,96.6
10/6/2011,24.35,38.99,7.23,2.04,0,20.78,96.68
10/7/2011,24.07,38.68,5.87,2.13,0,21.65,96.77
10/8/2011,24,36.14,4.4,1.91,0,21.37,96.59
10/9/2011,25.25,25.81,2.49,2.23,0,20.85,96.7
10/10/2011,26.2,26.97,4.14,1.91,0,20.5,96.91
10/11/2011,25.86,30.87,5.52,1.99,0,19.41,97.03
10/12/2011,24.88,39.31,7.79,1.7,0,19.66,96.77
10/13/2011,25.11,40.03,8.2,1.99,0,19.42,96.66
10/14/2011,24.86,38.87,7.61,2.39,0,19.41,96.54
10/15/2011,25.33,28.32,3.64,1.7,0,19.39,96.54
10/16/2011,24.74,30.44,4.19,2.05,0,18.81,96.62
10/17/2011,24.3,33.24,5.6,2.36,0,17.22,96.55
10/18/2011,22.56,38.41,7.02,1.46,0,16.92,96.54
10/19/2011,22.29,39.67,6.18,2.62,0,18.86,96.69
10/20/2011,21.52,45.87,8.17,1.84,0.02,17.39,96.54
10/21/2011,19.77,58.43,10.56,0.95,0.68,7.74,96.29
10/22/2011,19.62,62.66,11.71,2.04,0.78,12.69,96.3
10/23/2011,18.7,65.47,10.81,2.49,0.88,14.33,96.38
10/24/2011,17.69,67.87,11.23,5.15,18.76,11.49,95.95
10/25/2011,17.55,69.42,11.23,1.44,3.42,18.29,96.12
10/26/2011,17.88,64.94,10.25,2.47,0.01,18,96.26
10/27/2011,16.09,75.46,11.51,3.57,10.18,8.41,96.53
10/28/2011,15.35,68.77,8.74,2.54,0,17.35,96.74
10/29/2011,15.92,61.56,7.2,2.42,0,18.45,96.7
10/30/2011,17.57,53.03,6.85,1.42,0,17.31,96.57
10/31/2011,19.83,51.74,7.92,2.3,0,17.46,96.49
11/1/2011,20,58.04,9.86,1.45,0,17.23,96.49
11/2/2011,18.31,59.85,9.49,3.05,0.01,14.25,96.28
11/3/2011,17.55,73.86,12.55,4.97,13.84,9.5,95.99
11/4/2011,15.02,78.92,11.23,6.82,16,12.61,95.99
11/5/2011,13.44,74.66,8.74,2.66,5.65,13.34,96.78
11/6/2011,13.29,72.43,7.65,2.46,0.22,16.67,96.9
11/7/2011,12.83,64.49,5.46,2.03,0,17.44,96.67
11/8/2011,13.61,55.62,4.04,1.35,0,13.35,96.7
11/9/2011,17.38,46.37,4.99,1.59,0,16.39,96.64
11/10/2011,18.77,48.06,6.78,1.35,0,16.02,96.55
11/11/2011,19.66,43.66,6.19,1.53,0,10.33,96.43
11/12/2011,18.89,41.15,4.76,2.94,0.14,8.3,96.35
11/13/2011,19.11,38.74,3.65,2.88,0.01,7.65,96.34
11/14/2011,15.64,64.7,8.43,3.65,1.25,11.84,96.53
11/15/2011,14.69,71.02,8.78,1.55,0.11,13.49,96.65
11/16/2011,14.63,62.04,6.6,2.02,0,13.28,96.55
11/17/2011,16.8,56.65,7.54,1.29,0.14,7.28,96.52
11/18/2011,17,59.76,8.05,2.49,0.02,14.65,96.4
11/19/2011,15.2,73.44,9.92,3.63,15.67,7.59,96.05
11/20/2011,12.31,88.05,10.34,5.11,28.83,9.25,95.93
11/21/2011,12.61,87.65,10.58,2.32,8.88,8.82,96.67
11/22/2011,12.06,85.2,9.54,2.15,2.91,8.63,96.9
11/23/2011,11.03,79.2,7.2,2.02,2.42,13.43,96.54
11/24/2011,11.31,79.53,7.81,2.06,3.38,9.59,96.67
11/25/2011,12.5,65.83,5.5,2.03,0.18,14.39,96.93
11/26/2011,12.59,70.22,6.58,2.03,0,14.54,96.99
11/27/2011,12.74,74.11,7.5,1.75,0,14.44,96.86
11/28/2011,12.75,66.29,6.07,1.51,0,14.77,96.9
11/29/2011,13.57,57.79,4.68,1.58,0,14.31,97.07
11/30/2011,14.04,53.64,3.94,1.25,0,14.53,97.16
12/1/2011,14.03,52.38,3.55,1.56,0,14.24,97.26
12/2/2011,12.87,68.6,6.33,1.28,0.23,14.18,97.32
12/3/2011,11.31,75.92,6.7,3.22,0.25,11.84,97.09
12/4/2011,10.21,67.57,3.51,1.98,0,14.38,97.09
12/5/2011,11.05,65.23,4.1,1.67,0,14.31,97.18
12/6/2011,12.35,65.53,5.28,1.77,0,14.22,97.32
12/7/2011,14.21,56.53,4.78,1.38,0,13.26,97.46
12/8/2011,14.3,53.13,4,1.53,0,9.81,97.41
12/9/2011,13.27,57.96,4.96,1.25,0,8.21,97.14
12/10/2011,13.12,64.5,5.87,1.59,0,12.67,97
12/11/2011,12.37,72.69,6.92,1.29,0,12.89,97.09
12/12/2011,12.66,70.05,6.63,2.18,0,13.76,97.33
12/13/2011,13.82,58.66,4.78,1.17,0,13.56,97.32
12/14/2011,12.85,65.44,5.72,1.28,0,13.46,97.41
12/15/2011,12.41,71.1,6.4,2.52,0,14.05,97.65
12/16/2011,12.37,65.57,5.24,1.61,0,14.07,97.71
12/17/2011,10.97,72.81,5.32,2.66,0.07,13.77,97.47
12/18/2011,12.39,82.63,9.18,1.44,0.36,11.42,97.04
12/19/2011,12.51,79.62,8.72,1.99,0.21,13.3,97.01
12/20/2011,12.31,67.99,5.87,1.39,0,13.67,97.42
12/21/2011,12.82,49.5,1.39,1.81,0,13.81,97.53
12/22/2011,13.89,52.46,3.31,1.33,0,13.83,97.51
12/23/2011,13.1,64.24,5.86,1.29,0.03,13.59,97.47
12/24/2011,12.85,68.31,6.51,1.43,0.12,11.65,97.28
12/25/2011,13.24,58.99,4.53,1.34,0.13,13.18,97.18
12/26/2011,12.4,62.34,4.35,1.46,0,13.47,97.36
12/27/2011,12.44,72.33,6.54,1.41,0,13.6,97.53
12/28/2011,10.99,74.52,6.27,1.88,0,10.35,97.58
12/29/2011,9.64,63.28,1.93,1.43,0,13.45,97.73
12/30/2011,9.86,58.46,0.95,2.25,0,14.15,97.84
12/31/2011,10.29,54.15,0.3,1.4,0,14.24,97.81
1/1/2012,11.4,54,1.4,1.12,0,14.12,97.69
1/2/2012,11.12,64.96,3.91,2.25,0,14.24,97.85
1/3/2012,12.79,51.23,1.78,1.47,0,14.44,97.71
1/4/2012,13.14,50.15,1.81,1.36,0,12.35,97.73
1/5/2012,14.06,46.84,1.61,1.5,0,14.25,97.74
1/6/2012,13.74,42.54,0.24,1.34,0,14.66,97.52
1/7/2012,14.13,37.62,-1.47,1.19,0,12.52,97.15
1/8/2012,13.7,42.74,0.15,1.6,0,10.83,97.15
1/9/2012,12.94,42.75,-0.3,1.52,0,12.69,97.18
1/10/2012,13.64,41.29,-0.18,1.36,0,13.24,97.21
1/11/2012,13.81,42.8,0.57,1.3,0.03,11.36,97.26
1/12/2012,11.91,58.43,3.77,1.85,0,10.9,97.35
1/13/2012,12.71,50.52,1.63,1.42,0,14.12,97.29
1/14/2012,13.03,49.89,1.65,1.2,0,14.35,97.17
1/15/2012,12.53,50.22,1.09,1.83,0,11.79,96.93
1/16/2012,10.34,77.9,6.41,3.06,3.23,13.34,96.76
1/17/2012,9.37,75.5,4.85,2.73,0.28,13.23,96.94
1/18/2012,9.29,69.68,2.96,2.43,0,15.23,97.37
1/19/2012,9.32,51.09,-1.31,1.66,0,14.86,97.63
1/20/2012,9.06,47.68,-2.78,1.66,0,15.61,97.56
1/21/2012,8.78,46.82,-3.3,1.47,0,15.57,97.23
1/22/2012,9.6,50.79,-1.42,1.28,0,15.87,96.93
1/23/2012,8.94,71.27,3.19,1.54,0.18,14.18,96.92
1/24/2012,9.97,73.66,4.93,1.29,2.34,9.75,96.9
1/25/2012,9.81,78.44,5.84,2.44,21.6,9.67,96.73
1/26/2012,10.37,86.35,7.95,2.05,6.26,10.05,96.59
1/27/2012,10.64,86.03,8.14,1.92,5.9,11.58,96.73
1/28/2012,8.44,73.17,3.35,1.69,0.51,15.68,96.89
1/29/2012,9.52,58.1,0.56,1.71,0,17.01,96.95
1/30/2012,10.4,51.89,-0.46,1.75,0,15.51,96.85
1/31/2012,12.21,45.39,-0.7,1.76,0,16.69,96.85
2/1/2012,11.89,60.01,2.97,2.72,0.69,11.87,96.65
2/2/2012,9.95,85.54,7.38,1.91,2.71,12.72,96.71
2/3/2012,7.98,73.78,2.94,2.44,0.6,13.49,96.97
2/4/2012,4.34,60.84,-4.19,3.1,0,17.8,97.5
2/5/2012,4.88,51.36,-5.79,2.89,0,18.29,98.07
2/6/2012,8.32,58.25,-0.3,2.53,0,17.92,97.92
2/7/2012,10.06,72.21,4.23,2.67,0,18.16,97.35
2/8/2012,9.93,73.21,4.75,2.25,0,17.33,96.94
2/9/2012,5.5,67.29,-1.35,2.53,0,16.85,96.88
2/10/2012,6.39,64.56,-1.46,1.91,0,18.71,96.98
2/11/2012,7.82,63.12,-0.04,1.37,0,18.77,96.87
2/12/2012,8.04,69.37,2,1.96,0,17.16,96.66
2/13/2012,6.7,60.01,-2.26,2.18,0,18.42,96.8
2/14/2012,7.42,61.31,-1,1.97,0,18.99,97.01
2/15/2012,8.43,51.07,-2.32,1.42,0,19,96.82
2/16/2012,11.56,45.21,-1.51,2.09,0,18.03,96.81
2/17/2012,11.81,51.28,0.24,1.71,0,18.96,96.7
2/18/2012,10.23,64.79,2.82,2.02,0,17.85,96.73
2/19/2012,10.47,67.08,3.01,2.22,0,17.8,96.86
2/20/2012,10.92,63.89,2.86,1.8,0.54,19.6,97.12
2/21/2012,10.57,60.58,1.79,2.06,0.22,20.42,97.25
2/22/2012,10.75,56.83,0.8,2.38,0.01,19.62,97.08
2/23/2012,12.43,47.91,0.21,1.27,0.01,18.31,96.84
2/24/2012,10.73,55.69,1.98,2.32,0.04,14.82,97.16
2/25/2012,13.23,44.48,0.12,1.41,0,20.68,97.2
2/26/2012,13.21,41.26,-1.12,1.36,0,20.32,97.05
2/27/2012,13.05,40.28,-1.88,1.78,0,20.57,96.85
2/28/2012,13.59,46.84,0.15,1.79,0,18.04,96.65
2/29/2012,13.35,59.86,3.96,1.73,0,21.19,96.92
3/1/2012,12.12,70.8,5.51,1.81,0,21.84,97.21
3/2/2012,12.14,64.67,4.41,2.09,0,22.11,97.47
3/3/2012,12.77,57.12,2.1,2.6,0,22.43,97.54
3/4/2012,13.49,55.75,2.88,2.66,0,22.36,97.53
3/5/2012,14.89,54.04,3.55,3,0,22.43,97.3
3/6/2012,14.17,52.6,2.41,2.56,0,22.32,97.13
3/7/2012,13.1,59.12,3.73,3.2,0,22.52,97.07
3/8/2012,13.83,40.95,-2.47,2.61,0,23.44,97.26
3/9/2012,15.32,40.78,0.64,2.29,0,23.24,97.02
3/10/2012,16.85,35.7,-0.55,2.01,0,23.77,97.02
3/11/2012,15.13,39.42,-0.44,1.52,0,23.11,96.92
3/12/2012,16.63,36.32,-0.63,1.28,0,23.61,96.79
3/13/2012,17.66,36.2,0.22,2.34,0,23.34,96.87
3/14/2012,17.29,40.64,1.24,2.91,0,23.31,97.05
3/15/2012,16.05,48.73,3.19,2.02,0,23.98,97.27
3/16/2012,16.29,48.65,3.03,1.6,0,23.39,97.25
3/17/2012,17.89,43.61,2.87,1.83,0.02,21.86,97.21
3/18/2012,15.22,61.6,7,2.15,0.04,17.03,97.22
3/19/2012,15.12,57.74,5.25,2.35,0.02,20.9,96.92
3/20/2012,15.39,50.48,3.42,2.5,0.13,19.92,96.71
3/21/2012,14.61,44.22,-0.46,3.06,0,24.96,96.56
3/22/2012,18.62,34.93,0.05,1.69,0,23.01,96.29
3/23/2012,21.08,44.2,7.99,4.09,0.37,4.75,95.99
3/24/2012,21.91,47.97,9.47,2.04,0.42,16.96,96.26
3/25/2012,21.32,57.54,11.19,1.36,0.14,20.35,96.27
3/26/2012,22.91,41.7,7.43,1.92,0,22.03,96.04
3/27/2012,24.28,34.15,5.39,2.37,0.11,21.27,96.05
3/28/2012,21.59,49.19,9.2,2.73,5.01,15.69,96.12
3/29/2012,18.22,63.35,9.76,2.13,0.18,15.78,96.33
3/30/2012,15.23,68.55,8.6,3.39,0.48,21.54,96.33
3/31/2012,14.8,69.88,8.48,3.43,3.84,19.46,96.11
4/1/2012,14.12,74.7,9.16,2.44,6.38,15.25,95.97
4/2/2012,14.07,70.78,7.93,1.96,4.51,18.05,95.96
4/3/2012,13.63,70.36,7.45,2.15,2.85,16.11,95.94
4/4/2012,11.95,80.22,8.36,2.41,7.63,15.44,96.06
4/5/2012,12.27,71.43,6.53,3.1,2.06,20.68,96.2
4/6/2012,12.22,64.64,4.58,2.15,0.11,23.12,96.36
4/7/2012,13.04,54.81,2.36,1.74,0,25.06,96.27
4/8/2012,17.15,46.95,2.06,2.2,0,27.54,96.18
4/9/2012,19.3,41.94,4.28,3.36,0,26.01,96.08
4/10/2012,15.76,66.9,8.66,1.68,0.02,18.24,96.43
4/11/2012,14.21,70.38,8.21,1.98,1.93,15.01,96.2
4/12/2012,13.01,79.09,9.05,3.46,10.37,14.34,96.12
4/13/2012,13.17,65.53,5.85,2.08,1.22,24.66,96.79
4/14/2012,13.88,63.08,5.67,2.22,0.34,28.57,96.91
4/15/2012,13.58,70.4,7.57,3,4.85,21.61,96.81
4/16/2012,13,57.7,3.15,3.41,0,29.05,96.9
4/17/2012,15.47,45.47,0.54,3.07,0,29.16,96.92
4/18/2012,16.64,56.66,6.25,2.22,0,28.65,96.6
4/19/2012,15.4,63.41,7.2,2.64,0,22.58,96.42
4/20/2012,16.09,65.08,7.99,3.16,0,28.69,96.32
4/21/2012,17.48,63.78,9.04,2.78,0,27.41,96.41
4/22/2012,16.97,63.28,8.29,3.63,0,25.22,96.64
4/23/2012,17.12,59.93,7.41,3.83,0,29.12,96.65
4/24/2012,17.09,59.7,7.59,3.32,0,28.11,96.37
4/25/2012,16.99,63.02,8.57,2.75,0,28.11,96.04
4/26/2012,16.25,64.3,8.17,2.33,0,26.25,96.03
4/27/2012,16.73,67.47,9.31,2.48,4.72,22.47,96.03
4/28/2012,13.34,66.63,6.21,4.3,7.16,25.69,96.43
4/29/2012,12.1,70.41,6.5,3.53,2.85,24.76,96.63
4/30/2012,12.82,62.86,4.73,2.36,0.07,28.18,96.68
5/1/2012,13.6,61.75,5.13,2.13,0,28.74,96.48
5/2/2012,15,58.86,5.03,2.05,0,30.53,96.47
5/3/2012,16.36,64.89,8.69,2.83,0,28.89,96.59
5/4/2012,16.94,64.17,8.78,2.27,0,28.06,96.46
5/5/2012,17.74,64.64,9.72,2.96,0,29.79,96.44
5/6/2012,18.74,60.03,9.32,2.28,0,29.11,96.59
5/7/2012,19.79,50.38,6.95,2.62,0,28.58,96.65
5/8/2012,19.82,52.6,9.04,1.95,0,19.01,96.47
5/9/2012,27.35,36.8,8.11,1.46,0,24.95,96.12
5/10/2012,29.28,28.75,7.31,2.63,0,27.61,96.38
5/11/2012,29.13,33.81,9.21,2.18,0,29.7,96.65
5/12/2012,29.85,33.11,9.19,2.1,0,29.13,96.73
5/13/2012,29.49,34.28,9.95,2.21,0,28.33,96.43
5/14/2012,29.63,30.26,8.1,2.52,0,25.4,96.26
5/15/2012,28.54,26.45,5.75,1.93,0,27.71,96.37
5/16/2012,29.18,27.96,6.61,2.12,0,25.6,96.41
5/17/2012,28.97,30.83,7.78,3.07,0,23.34,96.18
5/18/2012,21.89,49.78,9.8,2.86,0,20.89,96.27
5/19/2012,18.69,59.35,9.79,3.4,0.04,22.34,96.47
5/20/2012,16.87,54.03,6.69,3.27,0.09,26.09,96.8
5/21/2012,17.49,48.73,4.68,4.42,0,30.93,96.85
5/22/2012,21.64,44.16,7.45,2.8,0,29.47,96.58
5/23/2012,24.62,38.7,7.25,1.95,0,29.71,96.58
5/24/2012,26,37.63,8.59,2.38,0,28.6,96.41
5/25/2012,21.93,53.21,10.03,3.53,0,30.56,96.47
5/26/2012,20.72,56.16,10.48,4.49,0.07,29.99,96.56
5/27/2012,20.98,52.33,9.46,4.15,0,30.65,96.47
5/28/2012,22.02,51.62,9.97,3.33,0,30.27,96.31
5/29/2012,23.09,49.07,9.8,3.93,0.01,30.25,96.25
5/30/2012,22.84,51.28,10.31,3.25,0,28.81,96.21
5/31/2012,22.16,60.28,12.63,3.35,0,30.04,96.22
6/1/2012,21.9,62.21,13.28,3.33,0,29.68,96.44
6/2/2012,23.04,55.18,12.55,3.62,0,27.87,96.53
6/3/2012,23.61,53.49,12.38,3.92,0,29.47,96.5
6/4/2012,25.02,50.55,12.01,4.2,0,29.74,96.46
6/5/2012,25.74,48.81,12.37,4.38,0,29.73,96.43
6/6/2012,26.71,47.45,12.1,3.72,0.04,27.42,96.07
6/7/2012,23.75,56.56,13.16,3.67,0.07,30.12,96.22
6/8/2012,22.64,57.6,12.45,3.87,0.27,21.6,96.57
6/9/2012,22.59,47.98,8.51,4.83,0.05,30.95,96.75
6/10/2012,24.51,45.57,9.42,4.87,0,30.85,96.63
6/11/2012,24.82,54.46,13.18,5.14,0,30.87,96.48
6/12/2012,22.6,50.95,10.02,5.51,0,30,96.32
6/13/2012,22.57,49.99,9.25,4.04,0,31.36,96.17
6/14/2012,22.59,52.59,9.87,3.87,0,31.15,96.41
6/15/2012,23.47,52.98,11.58,3.85,0,30.98,96.68
6/16/2012,24.32,50.93,11.76,4.87,0,31.08,96.74
6/17/2012,24.31,52.69,12.39,4.62,0,30.29,96.54
6/18/2012,24.08,55.15,13.28,4.7,0,30.72,96.31
6/19/2012,24,49.43,11,3.27,0,30.63,96.38
6/20/2012,24.85,44.81,10.17,2.87,0,31.21,96.54
6/21/2012,25.72,40.55,9.26,3.15,0,31.52,96.59
6/22/2012,25.73,50.68,13.13,4.26,0.03,31.65,96.6
6/23/2012,27.73,42.38,11.12,3.98,0,28.53,96.57
6/24/2012,34.24,23.03,6.07,1.54,0.26,16.2,96.46
6/25/2012,35.12,21.17,8.2,2.16,0.08,17.96,96.44
6/26/2012,34.7,26.82,11.05,3.51,0.12,21.31,96.57
6/27/2012,34.68,22.74,9.04,2.45,0,20.76,96.48
6/28/2012,32.01,28.6,10.15,2.92,0,27.35,96.33
6/29/2012,28.06,42.34,12.47,3.48,0,26.32,96.4
6/30/2012,24.34,51.3,12.53,4.5,0,27.8,96.65
7/1/2012,23.67,46.15,9.31,5,0,31.12,96.49
7/2/2012,27.16,37.22,8.24,3.59,0,28.61,96.15
7/3/2012,31.24,30.92,8.96,2.59,0,26.38,96.27
7/4/2012,29.71,34.82,9.97,3.37,0,25.03,96.27
7/5/2012,25.92,47.45,12.16,4.24,0,28.76,96.27
7/6/2012,26.46,43.44,10.85,4.08,0,27.91,96.16
7/7/2012,27.76,41.51,11.39,3.25,0.08,21.62,96.15
7/8/2012,26.89,49.02,13.98,3.57,0.03,23.73,96.31
7/9/2012,25.75,49.66,13.13,3.55,0,28.73,96.47
7/10/2012,25.38,47.45,11.11,3.93,0,27.92,96.57
7/11/2012,25.94,46.4,11.4,4.33,0,27.25,96.65
7/12/2012,29.21,38.95,10.92,3.58,0.24,19.27,96.5
7/13/2012,31.54,33.36,10.22,2.77,0.08,28.84,96.33
7/14/2012,30,37.39,10.75,3.89,0,29.94,96.33
7/15/2012,30.73,31.91,8.28,3.54,0,28.13,96.33
7/16/2012,35.71,18.04,3.51,1.71,0,24.06,96.38
7/17/2012,38.87,12.56,3.69,1.95,0,22.65,96.53
7/18/2012,36.33,17.83,6.09,2.39,0,26.08,96.38
7/19/2012,31.25,29.81,8.26,2.44,0,29.57,96.24
7/20/2012,33.04,19.69,3.87,2.98,0,26.22,96.28
7/21/2012,34.92,16.14,3.44,2.32,0,26.42,96.44
7/22/2012,32.24,20.93,3.96,2.99,0,27.94,96.67
7/23/2012,27.85,34.03,7.78,2.84,0,29.82,96.4
7/24/2012,26.37,41.71,9.6,2.75,0,28.94,96.18
7/25/2012,23.64,52.99,12.12,3.3,0,30.24,96.28
7/26/2012,23.4,54.81,12.17,3.14,0,27.88,96.47
7/27/2012,24.29,54.87,13.18,3.27,0,27.67,96.53
7/28/2012,24.77,52.02,12.74,3.53,0,30.06,96.36
7/29/2012,27.47,44.34,11.6,3.19,0,29.25,96.33
7/30/2012,29.85,39.59,12.03,2.99,0,25.93,96.52
7/31/2012,33.68,28.62,7.68,2.06,0,26.09,96.41
8/1/2012,33.23,30.99,9.25,2.46,0,21.33,96.25
8/2/2012,34.72,23.88,8.27,2.47,0,22.27,96.29
8/3/2012,35.22,22.24,7.96,2.17,0,24.02,96.43
8/4/2012,30.41,27.98,8.25,2.85,0,25.06,96.43
8/5/2012,25.13,47.38,10.98,3.41,0,28.78,96.48
8/6/2012,25,49.08,11.24,4.44,0,29.6,96.39
8/7/2012,25.66,45.62,10.64,3.42,0,27.27,96.4
8/8/2012,27.92,45.31,13.3,3.03,0,24.92,96.43
8/9/2012,34.14,24.9,5.41,2.42,0,26.43,96.42
8/10/2012,36.17,15.67,4.04,2.13,0,25.66,96.61
8/11/2012,35.26,17.84,4.93,2.5,0,24.67,96.67
8/12/2012,32.01,29.23,9.77,3.04,0,26.1,96.55
8/13/2012,28.36,36.79,9.79,3.02,0,27.22,96.48
8/14/2012,26.82,40.66,9.47,3.06,0,25.79,96.39
8/15/2012,27.17,39.64,9.27,2.7,0,27.64,96.43
8/16/2012,28.56,40.16,11.42,3.04,0.02,27.33,96.26
8/17/2012,28.72,45.6,13.71,3.17,0.02,26.05,96.39
8/18/2012,31.62,35.05,13.55,2.48,0,15.34,96.35
8/19/2012,33.49,32.89,12.69,3.78,0,20.1,96.5
8/20/2012,36.64,17.25,6.24,2.12,0,24.47,96.49
8/21/2012,37.48,17.02,6.92,2.93,0,22.03,96.51
8/22/2012,34.07,25.6,9.9,2,0,24.03,96.48
8/23/2012,31.09,30.73,10.56,2.98,0,23.21,96.41
8/24/2012,28.11,41.36,11.62,3.24,0,26.04,96.46
8/25/2012,28.52,39.6,11.21,3.31,0,26.18,96.61
8/26/2012,29.45,37.58,10.86,2.75,0,25.96,96.7
8/27/2012,29.53,38.54,12.31,3.08,0,23.8,96.65
8/28/2012,27.98,43.58,12.31,3.02,0,24.36,96.69
8/29/2012,28.03,43.11,11.92,3.42,0,25.68,96.72
8/30/2012,26.81,46.03,11.89,4.36,0,24.64,96.79
8/31/2012,27.48,36.18,8.16,3.01,0,26.09,96.47
9/1/2012,30.9,21.59,4.35,2.41,0,26.23,96.19
9/2/2012,29.58,27.21,5.95,2.12,0,26.8,96.3
9/3/2012,27.6,33.94,7.62,2.25,0,26.44,96.28
9/4/2012,25.09,50.95,11.46,2.7,0,26.23,96.17
9/5/2012,23.98,52.79,11.52,2.89,0,26.46,96.19
9/6/2012,23.64,54.49,12.32,2.5,0,26.04,96.44
9/7/2012,24.9,42.4,7.16,2.69,0,26.35,96.78
9/8/2012,24.02,45.11,8.3,2.54,0,25.93,96.92
9/9/2012,23.48,51.86,10.51,2.62,0,26.27,96.79
9/10/2012,23.47,57.27,12.64,3.19,0,24.6,96.64
9/11/2012,24.01,56.64,12.94,3.27,0,25.1,96.51
9/12/2012,24.59,57.56,13.63,2.77,0,24.93,96.66
9/13/2012,25.78,51.44,12.68,2.95,0,24.76,96.55
9/14/2012,25.99,46.25,10.96,2.45,0,24.71,96.3
9/15/2012,27.3,38.34,9.46,2.01,0,24.44,96.26
9/16/2012,26.88,43.64,11.48,2.38,0,23.62,96.38
9/17/2012,29.5,33.76,8.69,2.46,0,23.3,96.31
9/18/2012,26.28,45.14,12.11,2.95,0,21.13,96.44
9/19/2012,24.6,58.04,14.2,2.49,0,21.86,96.38
9/20/2012,24.56,61.06,14.99,2.49,0,23.64,96.24
9/21/2012,26.14,53.89,13.36,2.44,0,23.78,96.35
9/22/2012,28.73,29.68,6.45,2.68,0.01,23.41,96.36
9/23/2012,26.39,36.17,8.51,3.17,0.73,15.31,96.66
9/24/2012,24.42,56.51,14.87,2.41,5.09,10.05,96.66
9/25/2012,24.9,54.89,13.81,1.56,0.86,22.2,96.26
9/26/2012,22.36,65.67,14.71,2.86,3.23,16.06,96.06
9/27/2012,19.39,79.08,15.55,4.45,24.58,10.25,96.04
9/28/2012,17.22,75.13,12.41,4.39,8.43,17.5,96.5
9/29/2012,18.43,74.93,13.46,2.84,3.04,20.22,96.79
9/30/2012,20.2,69.94,13.6,2.68,0.24,15.96,96.69
10/1/2012,21.26,66.89,13.35,2.69,0.01,22.01,96.7
10/2/2012,22.41,60.67,12.2,2.58,0,21.28,96.67
10/3/2012,22.92,55.23,10.45,1.67,0.01,20.88,96.38
10/4/2012,20.39,74.14,14.59,2.1,0.03,13.45,96.39
10/5/2012,21.77,66.36,13.98,2.5,0,19.39,96.64
10/6/2012,24.21,58.79,14.19,1.86,0,20.85,96.75
10/7/2012,25.22,50.37,12.41,1.41,0,21.08,96.8
10/8/2012,25.86,46.65,11.42,1.76,0,20.68,96.74
10/9/2012,26.65,40.97,10.5,1.38,0,18.5,96.56
10/10/2012,26.35,45.32,12,2.51,0,17.39,96.53
10/11/2012,24,55.93,13.7,2.2,0,19.23,96.55
10/12/2012,21.58,67.54,14.45,2.68,0,14.97,96.59
10/13/2012,19.4,66.46,11.93,2.77,0,19.22,96.53
10/14/2012,18.04,73.15,12.42,2.28,0,16.88,96.31
10/15/2012,19,64.16,11.16,3.38,0.01,19.97,96.32
10/16/2012,21.17,46,7.58,1.85,0,19.66,96.14
10/17/2012,22.19,45.55,8.14,2.17,0,15.49,95.99
10/18/2012,17.7,74.34,12.55,4.34,3.1,15.01,95.76
10/19/2012,15.24,62.64,7.35,1.92,0.74,17.2,95.98
10/20/2012,15.24,63.83,7.78,1.79,0.27,19.02,96.34
10/21/2012,17.3,50.27,5.49,2.11,0,17.58,96.46
10/22/2012,20.82,39.25,4.85,1.6,0,18.72,96.5
10/23/2012,25.27,40.66,10.3,3.42,0.01,16.24,96.4
10/24/2012,22.39,56.03,12.39,3.65,0.32,17,96.3
10/25/2012,18.78,70.17,12.81,4.27,1.96,13.19,96.14
10/26/2012,18.4,78.92,14.23,4.5,2.91,12.59,96.04
10/27/2012,17.87,77.02,13.32,2.89,2.75,10.62,96.15
10/28/2012,17.92,65.59,10.52,1.18,0.11,16.13,96.33
10/29/2012,19.36,62.89,11.7,4.35,2.81,9.54,96
10/30/2012,19.41,78.98,15.47,6.59,22.28,6.11,95.53
10/31/2012,18.68,82.46,15.5,4.09,27.81,7.21,95.56
11/1/2012,19.08,82.12,15.69,3.47,3.5,15.01,96.19
11/2/2012,20.52,70.09,14.51,2.22,0.03,12.83,96.58
11/3/2012,23.05,57,13.56,2.86,0,14.92,96.57
11/4/2012,23.06,57.94,13.81,2.6,0.06,10.03,96.68
11/5/2012,22.15,61.62,13.82,1.91,0.57,12.82,96.52
11/6/2012,20.44,73.11,15.21,2.22,2.48,9.62,96.37
11/7/2012,20.32,64.46,12.38,1.96,1.07,11.01,96.21
11/8/2012,17.23,83.09,14.17,3.29,4.43,4.5,96.41
11/9/2012,15.02,75.23,9.97,2.42,1.4,13.84,96.46
11/10/2012,14.53,76.82,10.2,2.52,1.7,13.53,96.56
11/11/2012,13.35,84.21,10.59,3.37,5.95,10.01,96.57
11/12/2012,11.86,75.44,6.99,2.57,0.13,15.74,96.64
11/13/2012,13.14,64.35,5.73,2.28,0,16.51,96.49
11/14/2012,16,50.68,4.82,1.25,0,14.6,96.17
11/15/2012,15.73,62.98,7.49,1.78,0.02,14.87,96.32
11/16/2012,15.55,65.57,8.12,2.4,0.21,12.23,96.28
11/17/2012,14.55,79.69,10.87,3.58,15.94,9.61,96.09
11/18/2012,13.96,79.99,10.26,2.99,8.62,13.51,96.42
11/19/2012,12.67,73.05,7.39,1.81,0.18,14.8,96.61
11/20/2012,14.23,65.12,6.53,1.92,0,15.43,96.62
11/21/2012,14.86,67.83,7.93,1.6,0,12.32,96.64
11/22/2012,15.34,72.23,9.66,1.67,0.01,14.37,96.69
11/23/2012,17.06,55.52,7.21,1.84,0,13.49,96.62
11/24/2012,16.47,57.16,7.69,1.4,0,9.77,96.65
11/25/2012,16.72,52.17,6.12,1.9,0,10.14,96.35
11/26/2012,16.98,62.01,8.85,2.37,0.33,8.68,96.24
11/27/2012,12.5,81.97,9.24,2.53,1.13,5.91,96.4
11/28/2012,10.6,81.25,7.31,1.85,1.68,12.96,96.48
11/29/2012,9.75,81.78,6.41,2.16,1.2,14.29,96.64
11/30/2012,9.38,81.06,6.16,3.11,8.37,10.89,96.36
12/1/2012,9.42,83.03,6.52,2.67,9.32,9.12,96.21
12/2/2012,8.53,72.92,3.24,1.99,0,13.93,97.01
12/3/2012,8.17,61.63,0.41,1.63,0,14.53,97.66
12/4/2012,8.98,54.67,-0.54,1.77,0,14.41,97.66
12/5/2012,9.95,61.15,1.74,2.02,0,13.74,97.13
12/6/2012,11.93,66.19,4.72,1.55,0,12.84,96.98
12/7/2012,10.95,81.51,7.72,2.32,0.92,11.57,97.04
12/8/2012,12.67,83.08,9.52,1.46,0.51,10.2,96.98
12/9/2012,13.16,62.51,5.38,1.34,0,12.65,96.94
12/10/2012,13.03,59.67,4.44,1.94,0,13.61,96.9
12/11/2012,13.39,56.54,4.52,1.27,0,10.23,96.59
12/12/2012,11.5,65.78,4.26,1.81,0,13.63,96.39
12/13/2012,11.13,72.31,5.82,1.13,0.01,13.59,96.54
12/14/2012,11.85,67.52,5.33,1.6,0,13.33,96.94
12/15/2012,13.04,64.63,5.86,1.19,0,12.53,97.38
12/16/2012,12.51,71.16,6.73,1.84,0,13.67,97.46
12/17/2012,13.75,67.7,7.04,1.65,0,12.47,97.26
12/18/2012,15.34,47.61,3.4,1.37,0,13.63,97.05
12/19/2012,14.76,48.24,3.07,2,0,13.8,97.03
12/20/2012,15.46,45.09,2.83,1.51,0,11.72,97.1
12/21/2012,15.33,47.69,3.44,1.53,0,12.4,97.14
12/22/2012,17.01,40.31,2.57,1.35,0,13.02,97.1
12/23/2012,16.81,40.79,2.09,1.91,0,13.44,97.05
12/24/2012,16.14,51.27,4.77,2.55,0,13.24,96.69
12/25/2012,11.91,79.47,8.13,2.18,0.09,8.45,96.96
12/26/2012,10.1,76.02,5.48,3.39,0,11.59,97.33
12/27/2012,10.3,65.72,3.11,2.21,0,14.37,97.53
12/28/2012,11.93,54.05,1.86,1.58,0,14.51,97.63
12/29/2012,11.14,57.83,1.82,1.58,0,14.09,97.78
12/30/2012,10.96,66.16,3.9,2.15,0,14.16,97.66
12/31/2012,10.56,65.1,3.51,1.18,0,13.85,97.35
1/1/2013,10.04,81.41,6.59,1.45,0,13.06,97.15
1/2/2013,11.08,76.58,6.55,2.13,0,14.21,97.16
1/3/2013,10.76,62.34,3,2.09,0,14.24,97.25
1/4/2013,11.41,55.08,1.66,2.67,0,13.92,97.79
1/5/2013,11.52,53.67,1.52,1.72,0,14.24,97.97
1/6/2013,11.64,51.33,0.87,1.64,0,14.14,97.7
1/7/2013,11.09,52.56,0.67,1.32,0,14.41,97.51
1/8/2013,11.8,50.64,1.07,1.39,0,14.36,97.49
1/9/2013,12.83,47.4,0.96,1.29,0,12.09,97.39
1/10/2013,13.05,40.19,-0.98,1.38,0,14.44,97.18
1/11/2013,12.22,43.36,-1.37,1.45,0,15.14,97.05
1/12/2013,11.86,47.73,-0.64,1.25,0,15.02,97.06
1/13/2013,10.7,70.83,5.02,1.76,0.26,14.5,97.18
1/14/2013,9.15,74.46,4.1,2.39,0.21,15.42,97.28
1/15/2013,9.16,57.58,-0.65,1.8,0,15.54,97.38
1/16/2013,9.65,55.09,-0.49,1.11,0,15.09,97.37
1/17/2013,10.09,72.77,4.71,2.13,0,14.74,97.3
1/18/2013,13.22,74.14,7.8,1.6,0.02,14.58,96.77
1/19/2013,11.12,86.15,8.81,4.87,14.18,8.13,96.08
1/20/2013,10.45,76.79,6.04,1.09,0.36,15.21,96.51
1/21/2013,10.18,87.94,8.21,2.34,1.63,11.92,96.61
1/22/2013,9.94,79.16,5.99,2.1,0.21,12.51,96.98
1/23/2013,9.16,77.44,4.93,2.37,0.05,15.98,97.33
1/24/2013,9.93,65.35,2.62,1.38,0.05,16.35,97.36
1/25/2013,11.49,83.67,8.76,1.69,2.96,12.26,97.26
1/26/2013,13.84,80.35,9.99,1.84,0.11,15.77,97.18
1/27/2013,13.37,71.9,7.46,1.48,0.07,13.74,97.26
1/28/2013,13.51,66.17,6.25,2.51,0.02,16.41,97.39
1/29/2013,15.66,46.3,2.44,1.89,0,16.71,97.5
1/30/2013,16.17,43.61,2.17,1.55,0,16.88,97.74
1/31/2013,16.79,42.08,2.1,1.41,0,17.15,97.74
2/1/2013,15.98,44.46,2.1,1.55,0,17.27,97.47
2/2/2013,12.45,65.19,4.79,2.3,0,17.48,97.16
2/3/2013,10.27,65.5,2.46,3.73,0,17.93,96.98
2/4/2013,11.82,53.82,1.28,1.64,0,16.95,97.18
2/5/2013,11.57,60.28,2.82,2.17,0,16.99,97.43
2/6/2013,11.65,70.66,5.64,2.16,0,17.29,97.28
2/7/2013,9.79,71.36,4.01,3.31,0,15.83,97.02
2/8/2013,9.74,60.48,1.17,2.35,0,16.68,96.77
2/9/2013,9.67,55.7,-0.32,3.3,0,19.05,96.94
2/10/2013,10.83,46.84,-1.7,2.16,0,18.45,97.07
2/11/2013,10.52,68.4,4.15,1.62,0.12,18.38,97.11
2/12/2013,11.21,76.98,6.6,2.98,0.05,18.66,97.12
2/13/2013,12.35,69.11,5.18,3.39,0,19.25,96.93
2/14/2013,15.22,51.03,3.29,1.31,0,18.66,96.75
2/15/2013,15.47,46.55,2.13,1.82,0,18.74,96.76
2/16/2013,15.47,45.61,1.51,1.48,0,19.39,96.68
2/17/2013,13.12,56.68,3.24,1.94,0.02,14.43,96.57
2/18/2013,12.55,58.23,3.74,2.31,6.25,8.82,96.07
2/19/2013,10.6,78.35,6.67,3.03,11.92,9.87,95.97
2/20/2013,10.78,69.72,4.84,1.02,0.25,16.73,96.5
2/21/2013,12.65,70.77,6.92,1.87,0.01,15.99,96.73
2/22/2013,13.33,78.08,9.06,3.18,0.51,16.73,96.62
2/23/2013,12.57,75.53,7.6,2.63,0.56,18.65,96.77
2/24/2013,11.66,66.43,4.3,2.34,0.02,21.22,96.94
2/25/2013,11.79,57.51,1.7,2.56,0,21.22,96.53
2/26/2013,14.02,48.22,1.69,1.8,0,17.88,95.95
2/27/2013,12.26,66.4,5.59,2.6,0.08,10.98,95.88
2/28/2013,10,69.45,3.96,1.9,0.15,14.07,96.32
3/1/2013,10.44,57.78,0.25,2.67,0,21.12,96.24
3/2/2013,11.66,66.2,5.11,1.93,5.08,12.75,95.96
3/3/2013,14.52,68.51,7.87,2.15,10.35,15.11,95.67
3/4/2013,14.08,69.28,8.27,5.76,21.27,11.99,94.55
3/5/2013,13.57,75.34,9.08,6.72,12.83,17.21,94.95
3/6/2013,15.51,83.48,12.54,5.1,2.69,15.08,95.99
3/7/2013,16.83,76.55,12.15,3.78,0.07,19.95,96.4
3/8/2013,15.67,77.74,11.29,3.32,1,18.13,96.44
3/9/2013,14.85,78.58,10.47,3.22,1.81,21.77,96.46
3/10/2013,12.92,77.33,8.36,2.71,0.94,21.05,96.64
3/11/2013,13.33,70.3,7.06,1.51,0.36,23.45,96.68
3/12/2013,13.61,71.44,7.73,3.22,0.15,18.53,96.35
3/13/2013,14.27,82.36,11.14,3.74,6.83,13.17,96.27
3/14/2013,12.61,62.03,4.04,2.53,0.09,19.84,96.43
3/15/2013,17.72,49.92,5.83,1.41,0,19.01,96.22
3/16/2013,19.98,50.44,8.7,2.48,0,12.87,95.93
3/17/2013,16.51,62.91,8.72,3.84,2.37,21.15,95.65
3/18/2013,16.31,75.31,11.2,2.26,0.55,21.38,95.94
3/19/2013,15.7,77.33,11.18,4.53,5.43,20.06,95.9
3/20/2013,15,70.8,8.78,1.55,1.03,22.03,96.47
3/21/2013,17.3,58.26,7.19,2.8,0.01,23.99,96.29
3/22/2013,14.25,74.52,8.8,2.55,2.87,21.43,96.19
3/23/2013,11.19,80.71,7.61,4.01,8.25,14.51,95.94
3/24/2013,12.44,73.14,6.83,1.71,0.59,25.05,96.47
3/25/2013,14.37,65.67,6.49,2.02,0,25,96.57
3/26/2013,14.65,66.06,6.98,2.36,0,24.46,96.31
3/27/2013,14.26,73.67,9.14,3.46,1.34,20.57,96.05
3/28/2013,15.67,73.78,10.01,2.27,1.19,23.33,96.57
3/29/2013,18.31,59.5,8.11,1.13,0,21.92,96.88
3/30/2013,19.3,61.8,10.19,1.55,0.01,25.48,96.86
3/31/2013,18.53,67.49,11,2.09,0.13,22.5,96.38
4/1/2013,15.22,77.21,10.76,2.85,3.35,18.42,96.35
4/2/2013,15.91,62.15,6.01,2.18,0,27.47,96.16
4/3/2013,13.45,69.93,7.56,4.82,7.1,19.87,95.82
4/4/2013,13.11,72.75,7.88,6.05,14.54,23.33,95.75
4/5/2013,12.72,78.22,8.84,4.99,21.98,16.16,96.37
4/6/2013,12.4,67.02,5.1,2.32,0,27.52,96.9
4/7/2013,13.57,61.87,5.13,2.4,0,26.74,96.44
4/8/2013,14.89,65,6.74,2.27,0,27.1,96.33
4/9/2013,15.76,68.86,8.31,2.1,0,27.02,96.65
4/10/2013,18.94,60.98,8.9,1.87,0,27.03,96.74
4/11/2013,18.3,68.85,11.24,2.07,0,26.49,96.71
4/12/2013,17.79,73.15,12.06,2.75,0,23.7,96.47
4/13/2013,18.14,71.84,12.02,2.57,0,26.81,96.38
4/14/2013,17.91,72.51,11.99,2.33,0,26.04,96.6
4/15/2013,19.76,70.06,13.22,2.3,0,27.28,96.71
4/16/2013,23.17,58.14,12.1,2.15,0,26.39,96.49
4/17/2013,26.71,42.82,10.55,1.71,0,24.3,96.44
4/18/2013,26.1,43.33,10.15,2.27,0,25.23,96.45
4/19/2013,25.74,39.9,8.26,2.83,0,27.6,96.29
4/20/2013,25.89,39.31,8.61,2.58,0,26.36,96.32
4/21/2013,25.3,37.87,7.94,2.51,0,26.25,96.49
4/22/2013,20.12,47.6,6.91,2.26,0,27.39,96.32
4/23/2013,18.56,58.15,8.79,2.71,0,28.59,96
4/24/2013,20.08,51.2,8.23,2.58,0,27.94,96.01
4/25/2013,19.1,49.03,5.77,2.38,0,28.73,96.24
4/26/2013,17.98,61.44,8.81,2.5,0,29.37,96.45
4/27/2013,16.98,67.41,10.01,2.96,0.02,28.4,96.1
4/28/2013,13.07,59.53,4.7,3.31,0.01,17,96.02
4/29/2013,11.88,61,2.93,2.3,0,29.98,96.08
4/30/2013,14.1,60.44,5.3,2.24,0,29.67,96.18
5/1/2013,14.76,65.24,6.73,2.54,0,24.44,96.29
5/2/2013,15.32,65.32,7.66,2.54,0,21.41,96.38
5/3/2013,16.18,67.78,9.11,2.78,0,19.64,96.36
5/4/2013,18.2,62.26,9.35,2.44,0,28.91,96.42
5/5/2013,20.11,55.88,9.27,2.26,0,29.18,96.61
5/6/2013,23.83,42.1,7.78,2.24,0,28.57,96.73
5/7/2013,26.03,33.23,5.69,2.99,0,26.23,96.65
5/8/2013,26.3,33.17,6.72,2.06,0,27.06,96.6
5/9/2013,25.91,32.91,5.63,2.26,0,28.31,96.6
5/10/2013,25.38,33.59,6.25,2.11,0,29.09,96.56
5/11/2013,25.41,43.07,9.49,2.46,0,30.43,96.46
5/12/2013,23.29,54.01,12.41,2.11,0,25.87,96.41
5/13/2013,22.47,57.14,11.91,1.79,0,21.54,96.38
5/14/2013,19.27,67.16,12.03,2.95,0.93,23.72,96.19
5/15/2013,16.15,68.61,9.74,3.45,3.89,23.39,95.96
5/16/2013,15.02,60.7,6.33,2.85,1.04,21.76,96.01
5/17/2013,15.25,64,7.48,2.86,0.66,26.75,96.1
5/18/2013,15.79,58.29,6.17,3.24,0.51,20.96,96.68
5/19/2013,15.44,58.74,5.61,3.54,0,30.66,96.85
5/20/2013,15.15,63.76,6.92,3.47,0.23,27.1,96.6
5/21/2013,15.28,59.45,6.12,2.84,0.02,30.21,96.7
5/22/2013,16.81,54.27,4.96,2.96,0,31.55,96.67
5/23/2013,18.7,51.54,6.16,2.77,0,31.36,96.61
5/24/2013,18.52,62.69,9.86,2.54,0,31.01,96.66
5/25/2013,18.79,60.08,9.22,2.34,0.01,31.15,96.68
5/26/2013,17.75,64.94,9.85,2.84,0,27.63,96.5
5/27/2013,17.01,60.23,8.16,3,0,24.62,96.43
5/28/2013,16.53,59.47,6.9,2.76,0,28.9,96.52
5/29/2013,17.89,57.67,8.41,3.33,0,29.41,96.73
5/30/2013,17.68,60.54,8.72,3.96,0,28.93,96.63
5/31/2013,19.05,52.91,7.29,3.34,0,27.45,96.59
6/1/2013,22.52,44.94,7.02,2.94,0,30.82,96.39
6/2/2013,24.94,35.46,6.31,2.53,0,30.53,96.24
6/3/2013,23.8,40.98,7.73,2.32,0,31,96.24
6/4/2013,21.44,49.09,8.5,2.55,0,29.31,96.28
6/5/2013,20.08,54.6,9.05,2.31,0,27.3,96.39
6/6/2013,19.33,56.31,8.82,2.9,0,28.62,96.73
6/7/2013,18.47,59.26,8.87,3.25,0,31.5,96.83
6/8/2013,18.4,55.82,7.53,3.43,0,31.81,96.78
6/9/2013,18.58,58.08,8.53,3.07,0,31.76,96.69
6/10/2013,20.74,56.48,9.57,3.03,0,31.99,96.7
6/11/2013,21.25,57.1,10.48,3.71,0,31.14,96.86
6/12/2013,22.98,54.79,11.16,3.65,0,31.31,96.77
6/13/2013,23.77,56.67,12.94,3.43,0,28.81,96.5
6/14/2013,25,53.49,12.95,3.66,0,29.82,96.35
6/15/2013,25.92,49.81,12.61,3.55,0,30.24,96.33
6/16/2013,24.95,49.75,12.02,3.15,0,29.61,96.27
6/17/2013,21.48,59.19,12.15,4.01,0,30.86,96.46
6/18/2013,19.57,52.93,7.84,4.88,0,29.11,96.56
6/19/2013,20.38,52.93,8.12,4.83,0,32.57,96.5
6/20/2013,21.39,54.67,9.59,4.5,0,31.73,96.5
6/21/2013,22.48,54.06,10.53,4.3,0,31.6,96.51
6/22/2013,25.42,47.28,10.68,3.46,0,31.43,96.31
6/23/2013,29.18,33.88,8.86,2.13,0,30.98,96.18
6/24/2013,31.56,26.74,7.21,2.34,0,31.15,96.13
6/25/2013,30.75,31.99,9.49,2.19,0,30.34,96.29
6/26/2013,32.46,28.39,9.95,2.48,0,26.7,96.28
6/27/2013,31.5,28.1,8.33,2.53,0,30.26,96.33
6/28/2013,27.78,33,6.22,2.56,0,32.36,96.21
6/29/2013,30.21,27.22,6.13,2.69,0,30.4,96.14
6/30/2013,28.78,36.59,10.41,3.09,0,28.22,96.25
7/1/2013,26.67,45.38,11.5,3.35,0,30.9,96.31
7/2/2013,26.92,43.25,11.06,3.17,0,30.39,96.42
7/3/2013,27.53,44.41,11.55,2.89,0,31.07,96.42
7/4/2013,28.06,43.72,12.52,2.68,0,30.04,96.31
7/5/2013,29.33,40.75,12.94,2.88,0,29.61,96.26
7/6/2013,30.97,39.39,12.94,2.48,0,28.65,96.28
7/7/2013,34.09,31.64,11.74,2.29,0.28,24.41,96.3
7/8/2013,33.97,23.55,8.41,3.2,0.13,26.04,96.27
7/9/2013,31.69,26.4,8.99,2.29,0,25.96,96.26
7/10/2013,33.76,24.03,9.04,1.9,0.24,26.16,96.13
7/11/2013,32.56,26.84,9.94,2.66,0.16,16.56,96.12
7/12/2013,31.89,25.93,7.89,2.72,0,28.36,96.37
7/13/2013,29.51,27.36,5.88,3.15,0,30.14,96.62
7/14/2013,27.09,39.08,8.22,3.14,0,31.08,96.67
7/15/2013,27.69,39.24,8.76,3.71,0,30.23,96.63
7/16/2013,28.84,34.07,7.46,3.64,0,28.96,96.6
7/17/2013,28.22,36.16,7.8,3.38,0,30.82,96.66
7/18/2013,26.57,40.68,8.8,3.21,0,31.2,96.57
7/19/2013,24.41,48.81,10.83,3.39,0,30.94,96.39
7/20/2013,24.01,50.71,11.26,3.59,0,30.9,96.36
7/21/2013,24.93,47.58,10.53,3.14,0,30.79,96.43
7/22/2013,26.04,44.69,10.72,3.17,0,27.85,96.41
7/23/2013,26,44.23,9.86,3.06,0,30.36,96.44
7/24/2013,26.76,44.78,11.12,3.15,0,30.4,96.54
7/25/2013,26.06,48.77,12.6,2.91,0,30.35,96.54
7/26/2013,25.52,53.44,13.01,3.41,0,29.47,96.38
7/27/2013,25.57,50,11.53,2.94,0,29.16,96.36
7/28/2013,27.13,41.81,10.08,2.61,0,29.57,96.59
7/29/2013,27.64,41.61,11.17,3.36,0,30.2,96.71
7/30/2013,30.47,40.53,11.9,2.92,0,28.13,96.54
7/31/2013,35.13,21.26,5.84,2.48,0,27.94,96.24
8/1/2013,33.62,26.42,9.66,2.65,0,24.36,96.12
8/2/2013,28.76,48.75,15.24,4.13,0,23,96.37
8/3/2013,30.23,39.58,12.66,2.62,0.01,21.75,96.56
8/4/2013,32.17,32.54,12.22,3.08,0.26,20.6,96.48
8/5/2013,32.28,33.26,11.88,2.87,0.32,25.38,96.37
8/6/2013,31.26,35.56,11.3,2.99,0.38,26.45,96.36
8/7/2013,29.53,37.52,11.79,3.31,0.11,28.42,96.3
8/8/2013,28.84,37.25,10.1,3.24,0,28.24,96.38
8/9/2013,32.57,25.24,6.27,2.67,0,27.9,96.39
8/10/2013,35.6,13.04,1.9,3.34,0,24.51,96.29
8/11/2013,36.35,11.61,0.87,3.96,0,20.89,96.17
8/12/2013,37.06,10.57,0.37,3.69,0,23.85,96.08
8/13/2013,35.79,13.81,2.46,2.09,0,25.61,96.16
8/14/2013,33.43,17.2,2.91,2.83,0,27.68,96.31
8/15/2013,32.3,19.59,3.32,2.77,0,28.61,96.33
8/16/2013,30.35,32.92,8.53,2.95,0,28.69,96.44
8/17/2013,27.67,44.15,11.49,4.13,0,27.92,96.34
8/18/2013,31.12,38.22,10.49,2.68,0,26.68,96.01
8/19/2013,35.12,20.42,7.55,2.5,0.11,21.67,96.35
8/20/2013,33.8,26.05,10.01,2.16,0,19.64,96.6
8/21/2013,32.92,29.31,10.95,2,0,20.79,96.56
8/22/2013,34.05,25.52,10.14,2.5,0.09,14.35,96.26
8/23/2013,32.35,31.47,12.24,3.13,0.03,22.58,96.18
8/24/2013,27.97,46.51,13.23,3.3,0,25.58,96.38
8/25/2013,25.29,55.77,14.55,3.13,0,26.79,96.2
8/26/2013,23.65,56.4,13.1,3.37,0,21.91,96.09
8/27/2013,24.16,55.7,13.6,2.97,0,21.61,96.16
8/28/2013,24.07,55.23,13.55,3.35,0,24.79,96.24
8/29/2013,24.31,55.13,13.8,3.01,0,26.78,96.36
8/30/2013,25.25,51.68,12.77,2.75,0,27.11,96.44
8/31/2013,26.7,45.43,11.61,2.53,0,27.15,96.44
9/1/2013,27.7,38.27,9.47,2.14,0,26.59,96.34
9/2/2013,28.31,30.79,6.68,1.98,0,26.23,96.4
9/3/2013,29.16,25.28,4.59,2.33,0.01,26.52,96.5
9/4/2013,27.12,35.53,8.47,3.14,0,25.98,96.46
9/5/2013,23.59,58.35,13.59,2.56,0,21.28,96.41
9/6/2013,22.81,58.46,12.9,2.97,0.29,15.73,96.38
9/7/2013,23.43,57.56,13.14,2.5,0.14,19.89,96.42
9/8/2013,23.31,61.35,14.66,3.38,0,19.2,96.84
9/9/2013,24.3,55.09,13.19,3.22,0,24.84,96.88
9/10/2013,24.8,52.17,12.07,3.07,0,25.28,96.53
9/11/2013,23.23,61.64,14.29,2.65,0,20.82,96.38
9/12/2013,23.62,61.41,14.65,2.68,0,19.45,96.53
9/13/2013,23.27,61.45,14.18,2.59,6.84,12.12,96.67
9/14/2013,21.29,65.41,13.82,2.35,2.66,18.34,96.7
9/15/2013,21.73,66.6,14.24,2.59,2.45,19.82,96.47
9/16/2013,20.51,78.03,16.17,1.91,15.53,12.6,96.51
9/17/2013,20.7,76.42,15.96,2.46,11.71,14.07,96.56
9/18/2013,21.18,68.18,14.35,2.68,0,19.8,96.63
9/19/2013,20.86,68.17,13.91,2.22,0,18.94,96.48
9/20/2013,24.68,54.29,12.81,2.35,0,22.4,96.33
9/21/2013,28.09,37.63,10.36,1.77,0,22.54,96.49
9/22/2013,27.67,45.26,12.67,2.69,0,22.13,96.66
9/23/2013,23.93,65.49,16.13,2.75,0,11.76,96.7
9/24/2013,23.21,65.17,15.53,3.09,0,21.84,96.43
9/25/2013,22.55,63.08,14.2,2.44,0,17.98,96.28
9/26/2013,21.66,66.64,14.35,2.35,0,21.24,96.4
9/27/2013,23.47,55.46,12.09,3.45,0,21.78,96.43
9/28/2013,22.51,60.66,13.72,2.78,0.11,19.7,96.52
9/29/2013,22.63,69.28,15.72,2.32,0.1,18.82,96.61
9/30/2013,23.06,66.46,15.62,1.78,0.01,19.46,96.45
10/1/2013,23.59,67.82,16.28,2.2,0.02,20.42,96.28
10/2/2013,23.2,70.63,16.91,2.3,0.25,17.51,96.09
10/3/2013,22.66,70.78,16.51,2.61,0,15.32,96.22
10/4/2013,22.53,70.14,16.25,2.69,0,16.35,96.64
10/5/2013,23.32,65.3,15.27,2.64,0,21.06,96.84
10/6/2013,22.23,64.11,13.94,2.16,0,17.46,96.73
10/7/2013,21.35,63.57,12.86,2.07,0,20.89,96.6
10/8/2013,22.14,63.92,13.81,2.59,0,21.03,96.4
10/9/2013,23.3,62.89,14.36,1.99,0,20.72,96.2
10/10/2013,22.76,62.55,14.19,1.94,0,19.92,96.18
10/11/2013,21.63,69.74,15.08,2.12,0,13.9,96.37
10/12/2013,20.86,64.3,12.74,2.18,0,18.43,96.78
10/13/2013,19.6,62.57,11.12,2.72,0,19.06,96.87
10/14/2013,20.27,60.24,10.7,3.14,0,19.92,96.82
10/15/2013,21.88,54.3,10.46,2.44,0,19.76,96.83
10/16/2013,23.28,50.38,10.54,2.31,0,20.11,96.78
10/17/2013,23.59,45.48,8.62,1.87,0,18.92,96.51
10/18/2013,20.95,65.3,13.08,2.04,0,18.12,96.6
10/19/2013,21.27,56.16,10.93,2.15,0,18.18,96.75
10/20/2013,20.93,58.76,11.59,1.5,0,17.97,96.76
10/21/2013,20.95,49.44,8.25,2.42,0,19.3,96.59
10/22/2013,20.3,50.64,8.37,2.26,0,13.25,96.54
10/23/2013,21.38,60.92,11.67,1.88,0.04,16.5,96.68
10/24/2013,22.03,50.6,9.73,2.31,0.02,16.52,96.54
10/25/2013,18.9,70.13,12.59,3.02,4.53,14.54,96.43
10/26/2013,17.19,67.65,10.09,2.53,2.79,16.9,96.66
10/27/2013,19.74,60.61,10.13,3.36,1.04,14.85,96.56
10/28/2013,21.98,45.12,7.14,2.16,0,14.54,96.62
10/29/2013,19.62,62.32,11.31,3.36,0,16.75,96.78
10/30/2013,16.09,53.59,5.43,3.03,0,16.71,96.73
10/31/2013,15.38,47.06,1.77,2.61,0,17.92,96.71
11/1/2013,18.34,36.14,0.5,2.02,0,17.69,96.74
11/2/2013,21.31,29.22,1.48,2.14,0,17.57,96.65
11/3/2013,21.09,39.76,5.57,2.08,0,13,96.98
11/4/2013,20.2,51.81,8.36,1.94,0,15.29,97.1
11/5/2013,20.08,51.61,8.54,2.22,0,16.72,97.01
11/6/2013,20.55,55.42,9.05,2.05,0.01,16.77,96.82
11/7/2013,18.64,69.53,11.78,2.3,0.01,14.32,96.94
11/8/2013,17.76,68.01,10.79,2.72,0,16.23,96.93
11/9/2013,17.33,66.18,9.95,3.7,0,16.29,97.06
11/10/2013,17.12,46.67,3.2,2.67,0,16.53,97.11
11/11/2013,18.87,33.41,0.45,1.42,0,16.56,96.89
11/12/2013,20.1,37.02,2.98,1.61,0,16.41,96.61
11/13/2013,18.65,59.12,9.64,1.68,0.2,16.09,96.51
11/14/2013,17.56,62.62,8.9,2.19,0.37,15.88,96.52
11/15/2013,17.78,44.89,3.33,2.07,0,15.79,96.49
11/16/2013,13.86,62.99,6.22,1.79,0.89,15.35,96.32
11/17/2013,11.42,60.67,3.64,1.89,0.51,14.35,96.51
11/18/2013,11.38,69.33,5.57,1.86,0.54,14.12,96.67
11/19/2013,13.16,75.71,8.35,1.55,0.5,15.39,96.59
11/20/2013,13.2,70.33,7.19,1.73,0.08,15,96.73
11/21/2013,13.01,55.33,2.13,1.52,0,15.02,96.61
11/22/2013,13.43,75.6,8.75,3.04,7.43,8.52,96.31
11/23/2013,16.04,84.34,13.3,2.71,6.68,12.65,96.31
11/24/2013,15.47,85.62,12.86,3.29,11.82,12.71,96.07
11/25/2013,11.62,70.7,5.84,2.3,0.98,13.95,96.29
11/26/2013,12.71,48.19,1.13,1.38,0,14.05,96.45
11/27/2013,13.34,47.72,1.54,2.07,0,13.41,96.48
11/28/2013,13.51,48.19,1.38,1.71,0.07,12.91,96.62
11/29/2013,15.01,50.28,3.85,1.67,0.03,12.97,96.72
11/30/2013,15.37,53.58,5.38,1.52,0,12.19,96.53
12/1/2013,11.7,64.91,4.75,1.5,0,14.06,96.08
12/2/2013,12.08,52.1,1.81,1.84,0,14.48,96.25
12/3/2013,12.43,44.13,-0.66,1.76,0,12.78,96.64
12/4/2013,12.87,66.67,6.64,1.51,1.89,9.78,96.95
12/5/2013,15.42,57.18,6.38,1.36,0,13.15,96.92
12/6/2013,15.86,50.95,5,1.61,0,7.4,96.84
12/7/2013,14.52,58.14,5.64,1.75,0.01,9.57,97.09
12/8/2013,13.79,52.82,3.39,2.09,0,13.31,97.14
12/9/2013,13.33,44.45,0.78,1.23,0,13.56,97.12
12/10/2013,13.49,43.37,0.22,1.76,0,11.8,97.09
12/11/2013,13.01,46.39,1.56,1.87,0.03,7.47,97.16
12/12/2013,14.1,49.17,2.66,2.18,0,12.58,97.28
12/13/2013,14.1,55.22,4.29,2.42,0,7.56,97.39
12/14/2013,12.33,71.26,6.84,1.61,0.05,12.18,97.36
12/15/2013,13.32,58.15,4.66,2.13,0,11.6,97.39
12/16/2013,12.33,59.93,4.24,1.51,0.65,4.27,97.37
12/17/2013,11.87,71.19,6.48,1.44,2.35,10.29,97.57
12/18/2013,12.32,67.23,5.64,1.1,0.05,13.31,97.55
12/19/2013,12.94,72.82,7.6,1.59,2.54,13.03,97.42
12/20/2013,9.46,70.87,3.5,3.45,1.78,12.63,97.51
12/21/2013,8.3,62.57,0.6,2.22,0,14.07,97.45
12/22/2013,10.91,57.34,2.04,1.09,0,13.53,97.46
12/23/2013,11.52,50.64,0.9,1.59,0,12.93,97.4
12/24/2013,11.18,53.95,0.96,2.75,0,12.19,97.15
12/25/2013,12.49,66.48,5.98,4.53,2.06,11.75,96.98
12/26/2013,14.4,83.27,11.28,1.7,1.15,12.54,97.09
12/27/2013,14.42,70.06,7.87,1.73,0,13.63,96.85
12/28/2013,11.99,83.57,9.07,2.36,5.93,11.33,96.94
12/29/2013,8.77,63.25,0.86,4.02,0.1,14.1,97.38
12/30/2013,9.8,33.71,-7.07,1.56,0,14.3,97.27
12/31/2013,9.78,38.19,-4.15,1.67,0,12.84,97.25
1/1/2014,11.05,44.77,-1.69,1.52,0,13.57,97.1
1/2/2014,12.13,54.81,1.98,1.25,0,13.75,97.11
1/3/2014,13.43,63.44,5.39,1.16,0,13.69,97.22
1/4/2014,13.38,75.31,8.39,1.5,0,13.7,97.38
1/5/2014,13.88,59.38,5.19,1.64,0,14.15,97.11
1/6/2014,13.73,46.7,1.16,1.92,0,14.25,96.9
1/7/2014,14.87,35.12,-1.68,1.96,0,14.07,96.79
1/8/2014,16.67,33.44,-0.5,2.18,0,13.5,96.6
1/9/2014,16.74,33.29,-0.47,2.68,0.01,12.26,96.22
1/10/2014,13.51,57.8,4.63,2.41,8.63,5.71,96.08
1/11/2014,12.72,71.21,6.88,1.14,0.26,13.55,96.65
1/12/2014,13.58,53.86,3.05,1.26,0,12.93,97.16
1/13/2014,12.4,66.51,5.65,2.06,0.44,11.79,97.32
1/14/2014,10.93,70.71,4.93,2.9,0.11,14.2,97.26
1/15/2014,12.67,54.94,2.83,1.09,0,14.31,96.75
1/16/2014,11.22,77.83,7.21,1.35,5.87,7.53,96.45
1/17/2014,10.92,84.54,8.12,3.87,14.27,8.54,95.76
1/18/2014,10.51,79.68,6.86,4.22,11.23,10.52,95.68
1/19/2014,11.87,86.97,9.66,3.98,19.3,10.12,96.17
1/20/2014,9.98,78.9,5.97,2.01,0.57,9.79,96.79
1/21/2014,9.58,69.98,3.44,1.33,0,15.63,96.97
1/22/2014,9.84,79.55,6.21,1.6,5.2,5.49,96.77
1/23/2014,9.61,79.49,5.71,3.29,3.08,9.77,97.02
1/24/2014,9.57,65.92,2.34,2.55,0,16.15,97.45
1/25/2014,10.31,68.5,3.75,2.38,0,16.06,97.47
1/26/2014,12.05,72.34,6.36,1.97,0.04,15.96,97.36
1/27/2014,12.49,74.04,7.27,1.71,0.52,14.85,97.09
1/28/2014,11.74,78.22,7.49,2.18,0.67,12.06,96.52
1/29/2014,8.06,85.48,5.64,2.99,14.62,6.89,95.95
1/30/2014,8.81,80.49,5.24,2.54,4.51,10.23,96.53
1/31/2014,9.2,86.52,6.96,1.07,0.46,12.65,96.93
2/1/2014,11.41,84.85,8.7,1.77,0.7,15.97,96.88
2/2/2014,11.38,81.57,7.99,2.24,0.34,10.07,96.71
2/3/2014,10.75,77.52,6.28,1.49,0.06,17.06,96.66
2/4/2014,12.21,71.3,6.27,1.32,0.11,17.08,96.77
2/5/2014,12.44,65.78,5.05,1.4,0,17.54,96.87
2/6/2014,13.56,66.12,6.23,3.12,3.37,17.17,96.81
2/7/2014,11.58,73.71,5.94,1.92,0.74,17.7,97.12
2/8/2014,11.18,68.03,4.35,1.21,0,17.5,97
2/9/2014,13.18,70.41,7.41,2.86,2.34,16.49,96.68
2/10/2014,10.91,69.05,4.69,2.88,0.18,16.14,97.16
2/11/2014,10.64,53.02,-0.29,1.28,0,17.57,97.27
2/12/2014,12.38,61.27,3.88,1.48,0,18.9,97.29
2/13/2014,14.95,55.18,4.59,1.21,0,18.86,97.14
2/14/2014,15.86,46.15,2.34,2.63,0,18.26,96.68
2/15/2014,13.23,68.92,6.99,2.81,5.9,15.33,96.15
2/16/2014,10.29,81.43,6.93,4.76,1.38,8.15,96.18
2/17/2014,8.43,79.94,4.65,1.61,0.83,10.42,96.04
2/18/2014,8.99,82.53,5.89,1.71,4.38,12.3,96.58
2/19/2014,10.23,76.19,5.52,1.85,0.72,19.84,97.21
2/20/2014,11.25,67.16,3.8,2.05,0,20.46,97.21
2/21/2014,12.69,65.38,5.27,1.72,0.05,20.26,97.11
2/22/2014,12.27,66.67,5.11,3.25,0.17,20.38,96.94
2/23/2014,14.05,54.66,3.08,3.36,0.04,20.13,96.54
2/24/2014,11.29,78.72,7.38,1.97,1.52,15.74,96.94
2/25/2014,11.37,70.79,5.12,2.78,0,20.57,97.04
2/26/2014,11.99,69.26,5.36,3.16,0,20.87,97.43
2/27/2014,11.55,57.83,0.93,2.81,0,21.18,97.68
2/28/2014,12.93,64.28,5.16,2.66,0,21.18,97.5
3/1/2014,14.12,66.18,6.72,1.65,0.02,21,97.17
3/2/2014,14.8,78.64,10.45,1.77,0.2,20.57,96.95
3/3/2014,14.03,75.86,9.06,2.85,0.21,18.59,96.88
3/4/2014,13.33,63.8,5.36,3.83,0.01,21.67,96.86
3/5/2014,13.36,65.19,5.28,3.49,0,22.39,96.69
3/6/2014,16.21,52.56,4.53,1.88,0.01,22.22,96.36
3/7/2014,20.39,39.96,4.47,1.62,0.01,21.53,96.29
3/8/2014,19.19,41.11,4.6,3.46,4.33,10.54,96.42
3/9/2014,18.57,53.99,7.62,2.14,0.87,15.74,96.27
3/10/2014,14.69,77.53,9.97,2.59,5.44,13.85,96
3/11/2014,13.18,83.83,10.25,2.07,5.31,13.87,96.04
3/12/2014,14.18,77.53,9.5,1.33,4.43,20.8,96.38
3/13/2014,14.22,69.37,7.57,2.05,0.01,18.6,96.73
3/14/2014,12.96,66.07,5.34,2.54,0.06,21.49,96.95
3/15/2014,14.37,52.34,2.69,2.02,0,23.66,96.98
3/16/2014,16.39,40.32,1.17,1.83,0,22.93,96.89
3/17/2014,18.38,40.96,3.32,1.83,0.01,19.08,96.83
3/18/2014,18.61,49.29,6.95,2.13,0.06,13.78,96.84
3/19/2014,17.39,55.1,6.51,2.04,0,23.8,96.75
3/20/2014,13.48,74.25,8.26,1.82,0.03,13.45,96.85
3/21/2014,14.4,67.47,7.02,2.43,0,24.78,96.84
3/22/2014,13.55,72.38,7.73,2.17,0,21.55,96.78
3/23/2014,14.92,69.27,8.29,2.88,0,24.44,96.69
3/24/2014,15.2,58.82,5.27,2.52,0,25.23,96.99
3/25/2014,15.61,54.18,3.5,3.92,0,25.86,97.26
3/26/2014,13.09,64.22,5.24,3.32,0,25.91,97.02
3/27/2014,12.32,64.25,4.34,2.29,0,26.18,96.31
3/28/2014,10.13,74.97,5.67,3.5,11.79,11.61,95.44
3/29/2014,10.85,77.71,6.62,3.97,7.93,17.66,95.77
3/30/2014,13.74,63.9,5.38,1.96,0.03,26.39,96.41
3/31/2014,14.42,64.38,5.86,2.37,0,24.86,96.28
4/1/2014,16.82,48.51,4.49,3.93,0.02,21.46,95.73
4/2/2014,12.53,75.4,8.12,5.13,16.56,12.59,95.6
4/3/2014,11.66,75.55,7.06,3.38,6.3,21.87,96.42
4/4/2014,13.84,63.15,5.16,2.57,0,26.47,96.88
4/5/2014,18.21,53.89,6.86,2.42,0,26.85,96.76
4/6/2014,21.94,41.86,5.76,1.31,0,26.86,96.47
4/7/2014,23.47,38.08,5.91,1.44,0,26.47,96.41
4/8/2014,24.37,39.28,7.16,1.68,0,23.67,96.46
4/9/2014,24.31,41.81,8.29,2.25,0,26.01,96.44
4/10/2014,23.72,45.07,9.43,1.93,0,21.98,96.39
4/11/2014,23.36,44.37,8.24,1.84,0,23.2,96.35
4/12/2014,21.52,49.69,8.53,2.03,0,25.18,96.42
4/13/2014,22.8,43.49,7.5,1.48,0,20.42,96.16
4/14/2014,20.21,53.85,9.2,2.42,0,26.29,96.22
4/15/2014,19.13,58.92,9.28,2.09,0,28.14,96.36
4/16/2014,19.1,66.64,11.63,2.78,0,27.37,96.43
4/17/2014,18.91,68.22,11.84,2.33,0,24.34,96.45
4/18/2014,18.38,66.9,11.32,2.61,0.01,25.7,96.4
4/19/2014,16.02,68.18,9.22,1.82,0,20.3,96.25
4/20/2014,15.7,66.78,8.49,4.51,0.16,25.88,96.09
4/21/2014,13.81,75.48,9.02,3.74,17.95,17.35,96.1
4/22/2014,16.62,64.21,8.31,1.93,0.46,28.94,96.69
4/23/2014,18.17,62.44,8.95,2.16,0.02,29.11,96.87
4/24/2014,17.76,66.27,10.09,2.84,0.05,28.66,96.99
4/25/2014,18.14,56.1,7.11,3.8,0,29.57,96.93
4/26/2014,18.99,51.36,6.25,3.39,0,29.39,96.74
4/27/2014,20.57,55.34,8.95,3.22,0,29.28,96.59
4/28/2014,21.64,49.55,8.3,2.33,0,29.86,96.37
4/29/2014,21.47,51.63,9.12,2.63,0,29.79,96.28
4/30/2014,21.99,50.78,9.06,2.18,0,29.1,96.13
5/1/2014,22.58,50.68,10.02,3.06,0,28.34,96.09
5/2/2014,23.33,53,11.42,1.96,0,20.56,96.01
5/3/2014,23.98,49.27,10.33,2.19,0,28.8,95.92
5/4/2014,23.69,46.81,9.14,1.75,0,29.44,95.88
5/5/2014,25.9,42.06,10.05,1.95,0,24.86,95.81
5/6/2014,22.36,61.44,13.44,1.96,0.29,12.56,96.17
5/7/2014,25.04,51.71,11.59,1.59,0.22,22.76,96.43
5/8/2014,23.47,55.83,12.59,2.62,0,26.98,96.61
5/9/2014,23.13,52.13,10.57,2.72,0,28.62,96.56
5/10/2014,23.81,53.06,11.85,2.53,0,28.86,96.54
5/11/2014,26.13,47.25,11.75,2.38,0,29.65,96.38
5/12/2014,30.12,31.94,8.52,2.12,0,26.24,96.15
5/13/2014,29.88,33.13,9.7,2.01,0,23.63,96.33
5/14/2014,31.66,30.77,9.93,2.62,0.11,23.23,96.42
5/15/2014,29.45,36.53,11.22,2.78,0.12,18,96.31
5/16/2014,24.39,48.19,10.98,2.91,0,23.49,95.97
5/17/2014,20.45,58.7,10.29,2.71,0.01,30.85,95.87
5/18/2014,20.61,57.91,9.86,2.33,0,30.31,95.86
5/19/2014,19.19,60.55,10.01,3.12,0.04,28.89,96.03
5/20/2014,17.77,62.93,9.46,3.76,0.05,28.78,96.16
5/21/2014,17.24,64.94,9.99,3.96,2.96,24.82,96.45
5/22/2014,17.7,55.31,7.23,2.63,0.09,23.79,96.62
5/23/2014,17.62,58.63,7.63,3.65,0.03,30.88,96.44
5/24/2014,17.27,59.86,7.96,3.5,0.05,30.46,96.4
5/25/2014,17.34,57.13,7.28,4.23,0,31.05,96.57
5/26/2014,18,57.55,8.31,4.21,0,30.53,96.76
5/27/2014,17.82,54.6,6.66,3.38,0.05,30.39,96.95
5/28/2014,19.9,55.77,8.96,4,0,31.57,96.84
5/29/2014,21.98,55.01,10.62,3.95,0.01,30.76,96.68
5/30/2014,22.7,51.65,10.24,4.23,0,30.82,96.56
5/31/2014,21.39,54.05,9.45,3.89,0,30.98,96.32
6/1/2014,21.29,51.14,8.41,3.52,0,31.89,96.41
6/2/2014,22.69,42.24,5.73,3.99,0,32.49,96.53
6/3/2014,23.5,40.31,6.23,2.51,0,30.91,96.61
6/4/2014,24.2,42.56,8.72,2.49,0,28.9,96.45
6/5/2014,25.36,44.45,9.76,3.43,0,15.51,96.15
6/6/2014,20.63,59.97,11.55,3.5,0,27.82,96.27
6/7/2014,21.15,57.05,10.7,2.38,0,32.02,96.58
6/8/2014,22.57,55.19,11.4,2.66,0,31.06,96.69
6/9/2014,21.57,56.11,10.75,3.92,0,31.45,96.64
6/10/2014,21.36,54.79,10.48,4.56,0.02,30.32,96.43
6/11/2014,23.62,55.67,12.73,3.41,0,28.21,96.26
6/12/2014,28.48,37.59,9.19,2.24,0,27.93,96.29
6/13/2014,31.68,25.77,7.66,2.73,0,28.19,96.29
6/14/2014,31.31,26.7,8.17,2.61,0,28.58,96.17
6/15/2014,26.27,45.12,11.89,3.09,0,30.32,96.14
6/16/2014,23.59,56.19,12.93,3.46,0,26.79,96.23
6/17/2014,24.01,53.67,12.91,3.07,0,27.94,96.29
6/18/2014,22.57,57.58,13.06,3.83,0,21.63,96.47
6/19/2014,21.83,58.09,12.46,3.64,0,24.26,96.54
6/20/2014,21.53,51.83,9.49,2.71,0.02,30.61,96.55
6/21/2014,21.7,51.72,9.41,2.44,0.02,31.81,96.68
6/22/2014,21.48,54.82,10.34,2.63,0.01,30.67,96.81
6/23/2014,20.67,59.56,11.36,3.42,0.05,28.9,96.83
6/24/2014,20.63,56.94,10.83,3.62,0.25,29.91,96.85
6/25/2014,21.57,56.81,10.96,3.9,0,31.5,96.68
6/26/2014,23.62,54.16,11.75,4.2,0,30.86,96.49
6/27/2014,25.24,49.74,11.61,3.84,0,31.39,96.44
6/28/2014,25.59,48.66,11.8,3.14,0,31.31,96.63
6/29/2014,26.54,44.17,10.28,3.35,0,31.16,96.7
6/30/2014,27.94,32.92,5.27,2.36,0,29.42,96.63
7/1/2014,25.85,34.97,6.57,3.26,0,27.94,96.61
7/2/2014,21.9,54.58,10.81,4.21,0.22,29.76,96.64
7/3/2014,22.24,50.68,9.41,3.97,0.02,31.86,96.59
7/4/2014,23.85,49.27,10.11,3.21,0,31.51,96.62
7/5/2014,23.51,55.72,12.24,2.98,0,30.64,96.73
7/6/2014,22.79,53.98,10.69,3.57,0,30.73,96.73
7/7/2014,24.18,53.72,12.42,4.97,0,30.76,96.58
7/8/2014,26.59,45.58,10.98,4.18,0,30.73,96.29
7/9/2014,29.01,37.42,10.48,2.64,0,28.23,96.22
7/10/2014,28.57,37.07,10.4,2.79,0,22.83,96.42
7/11/2014,28.13,38.42,11.01,2.84,0.03,26.52,96.51
7/12/2014,26.92,40.9,10.2,2.71,0,30.11,96.55
7/13/2014,26.51,37.07,8.1,2.63,0,30.11,96.56
7/14/2014,27.78,34.48,8.6,3.28,0,29.5,96.4
7/15/2014,31.3,33.5,10.4,3.25,0,29.38,96.23
7/16/2014,31.19,34.08,11.76,3.02,0,28.63,96.43
7/17/2014,29.95,42.03,14.01,2.83,0,28.29,96.53
7/18/2014,26.78,49.43,13.77,3.29,0,27.92,96.53
7/19/2014,25.4,46.08,10.81,3.36,0,29.04,96.56
7/20/2014,25.31,50.68,12.23,3.51,0,31.43,96.7
7/21/2014,26.21,45.43,10.83,3.3,0,30.7,96.54
7/22/2014,26.64,49.62,12.9,3.09,0,29.97,96.34
7/23/2014,24.58,54.65,13.71,3.75,0,29.61,96.31
7/24/2014,23.77,55.9,13.24,4.16,0,29.39,96.23
7/25/2014,23.84,55.2,13.1,4.12,0,28.89,96.16
7/26/2014,24.47,53.27,12.63,3.58,0,29.85,96.4
7/27/2014,24.36,55.83,13.45,3.49,0,29.81,96.65
7/28/2014,24.58,55.21,13.41,3.5,0,30.41,96.59
7/29/2014,25.16,52.45,12.7,2.6,0,30.57,96.31
7/30/2014,25.81,50.07,12.47,2.52,0,30.28,96.28
7/31/2014,25.18,50.93,12.06,2.74,0,30.15,96.56
8/1/2014,23.21,56.3,12.38,3.03,0,28.68,96.58
8/2/2014,24.04,55.25,12.81,4.43,0,29.12,96.29
8/3/2014,24.52,53.8,12.66,4.43,0,29.12,96.19
8/4/2014,25.14,55.27,14.14,3.64,0,28.16,96.55
8/5/2014,29.14,40.01,11.75,3.33,0,26.19,96.57
8/6/2014,27.97,40.38,11.36,3.6,0,27.37,96.6
8/7/2014,26.61,42.78,9.97,3.42,0,28.5,96.39
8/8/2014,26.61,50.97,13.76,4.17,0,28.37,96.23
8/9/2014,26.08,54.51,14.62,4.09,0.03,27.85,96.2
8/10/2014,27.41,50.97,14.48,4.11,0,27.59,96.39
8/11/2014,26.97,48.86,13.44,3.32,0,27.65,96.56
8/12/2014,26.75,48.76,12.55,3.6,0,29.16,96.46
8/13/2014,26.82,47.08,11.81,4.25,0,28.39,96.33
8/14/2014,27.46,43.82,10.58,3.75,0,28.38,96.29
8/15/2014,27.66,39.02,9.65,3.14,0,27.97,96.36
8/16/2014,28.22,43.83,11.69,3.57,0,27.73,96.23
8/17/2014,27.86,50.29,14.51,2.95,0.01,26.68,96
8/18/2014,26.84,52.89,14.56,3.37,0.01,24.53,96.2
8/19/2014,27.67,48.88,14.27,3.2,0.4,23.29,96.48
8/20/2014,30.36,35.51,11.76,2.52,0.02,25,96.52
8/21/2014,28.59,33.9,9.46,2.65,0,25.44,96.51
8/22/2014,25.84,46.39,11.64,3.69,0,26.85,96.53
8/23/2014,26.13,47.34,11.77,4.21,0,27.1,96.52
8/24/2014,26.76,47.61,12.58,3.65,0.01,25.73,96.45
8/25/2014,29.31,44.11,13.79,2.77,0.01,23.33,96.4
8/26/2014,31.62,38.75,13.46,2.33,2.43,19.53,96.44
8/27/2014,33.37,31.28,12.54,2.19,1.25,21.77,96.37
8/28/2014,29.54,38.76,13.09,2.84,0.24,16.82,96.49
8/29/2014,31.07,35.01,12.57,2.77,0.11,21.52,96.37
8/30/2014,27.72,44.35,12.93,4.02,0.06,21.53,96.4
8/31/2014,26.57,49.75,13.77,3.49,0,25.88,96.31
9/1/2014,26.33,50.99,13.65,3.2,0,24.96,96.31
9/2/2014,26.35,55.69,15.31,3.08,0.05,24.86,96.35
9/3/2014,26.6,53.01,14.94,3.07,0,24.15,96.33
9/4/2014,26.98,49.74,13.78,2.85,0,23.84,96.43
9/5/2014,25.99,49.36,12.67,2.56,0,25.21,96.56
9/6/2014,25.82,51.37,12.33,2.45,0,24.99,96.42
9/7/2014,24.67,55.83,13.3,2.65,0,25.5,96.4
9/8/2014,24.92,58.31,14.68,2.34,0,25.77,96.43
9/9/2014,25.57,56.98,14.79,2.38,0,25.92,96.46
9/10/2014,25.11,50.29,11.82,2.49,0,25.63,96.51
9/11/2014,25.14,49.41,11.41,2.21,0,25.01,96.59
9/12/2014,26.24,44.6,10.85,1.94,0,24.09,96.6
9/13/2014,27.15,43.26,11.9,2.51,0,21.52,96.61
9/14/2014,25.9,53.23,13.09,3.05,0,20.88,96.62
9/15/2014,27.29,41.43,10.79,3.2,0,20.44,96.24
9/16/2014,25.61,50.7,12.95,4.37,0,20.55,96.1
9/17/2014,23.3,62.11,14.49,3.59,0.02,18.69,96.17
9/18/2014,22.02,63.54,13.76,2.88,0.18,20.12,96.21
9/19/2014,20.84,64.66,13.11,1.93,0.05,16.75,96.38
9/20/2014,23.48,56.53,13.3,2.14,0.54,13.43,96.51
9/21/2014,23.15,65.37,15.88,2.24,9.89,10.45,96.57
9/22/2014,21.75,65.63,13.87,2.39,0.34,20.08,96.6
9/23/2014,21.43,58.51,11.34,2.22,0,23.72,96.59
9/24/2014,21.34,62.83,12.41,1.86,0,22.97,96.58
9/25/2014,21.58,62.31,12.66,2.26,0,20.57,96.61
9/26/2014,21.42,61.43,12.63,2.21,0,16.27,96.66
9/27/2014,20.77,64.48,12.84,2.23,0,19.83,96.76
9/28/2014,21.02,62.7,12.67,2.2,0,16.47,96.87
9/29/2014,21.28,66.18,13.96,3.79,0.01,16.98,96.84
9/30/2014,22.7,67.59,15.28,4.08,0.02,19.83,96.55
10/1/2014,25.06,59.85,14.46,2.25,0,21.15,96.45
10/2/2014,27.35,41.43,10.38,2.4,0,20.43,96.54
10/3/2014,27.32,38.1,10.27,2.03,0,19.79,96.63
10/4/2014,23.91,55.64,12.49,2.23,0,20.97,96.62
10/5/2014,22.54,60.16,12.88,3.4,0,21.21,96.49
10/6/2014,21.43,61.02,12.69,3.95,0,20,96.43
10/7/2014,21.46,56.9,10.84,2.87,0,21.39,96.3
10/8/2014,21.07,62.25,12.67,1.98,0,20.69,96.41
10/9/2014,21.2,58.55,10.77,2.03,0.01,19.45,96.52
10/10/2014,22.85,46.35,8.46,2.32,0,20.08,96.46
10/11/2014,22.24,55.13,11.82,3.64,0.99,16.63,96.22
10/12/2014,18.72,67.15,11.73,3.15,1.47,14.35,96.45
10/13/2014,17.49,59.59,8.42,1.9,0,19.57,96.48
10/14/2014,18.91,62.77,11.18,3.36,0.21,16.73,96.56
10/15/2014,21.5,52.96,10.09,1.81,0,19.88,96.6
10/16/2014,22.84,53.1,11.1,1.6,0,19.57,96.54
10/17/2014,24.99,45.37,10.37,2.06,0,17.78,96.49
10/18/2014,24.23,44.5,10.55,1.47,0,16.29,96.53
10/19/2014,26.85,23.69,2.04,2.2,0,18.19,96.17
10/20/2014,27.09,18.05,-1.04,2.54,0,18.61,96.53
10/21/2014,27.14,19.87,0.81,2.19,0,17.09,96.91
10/22/2014,27.09,19.48,0.63,1.53,0,18.54,96.83
10/23/2014,25.97,22.44,1.1,2.1,0,18.57,96.55
10/24/2014,23.1,35.53,5.52,2.33,0,18.39,96.4
10/25/2014,22.23,34.07,4.61,1.36,0,16.22,96.58
10/26/2014,24.14,27.85,3.48,1.47,0,17.52,96.7
10/27/2014,25.77,23.91,2.29,2.26,0.11,14.73,96.49
10/28/2014,25.89,25.55,3.36,3.52,0,11.98,96.12
10/29/2014,20.82,47.11,8.98,2.01,0.05,6.75,96.23
10/30/2014,24.27,30.87,4.49,2.45,0,15.58,96.41
10/31/2014,23.64,28.97,3.3,2.45,0,16.98,96.6
11/1/2014,23.57,27.89,3.39,1.59,0,12.46,96.69
11/2/2014,20.19,53.63,10.28,1.59,4.29,9.65,96.7
11/3/2014,19.37,64.08,11.33,1.5,0.21,16.38,96.63
11/4/2014,15.95,82.95,12.81,4.46,32.51,11.89,96.35
11/5/2014,14.61,69.1,8.49,2.47,2.38,13.41,96.45
11/6/2014,14.04,58.28,4.98,1.87,0,17.32,96.85
11/7/2014,17.07,46.63,4.52,1.14,0,15.05,96.84
11/8/2014,17.25,68.81,10.81,1.76,2.46,16.11,96.78
11/9/2014,14.44,80.62,10.79,2.88,9.6,9.14,96.57
11/10/2014,13.99,69.18,7.77,1.05,1.39,15.95,96.49
11/11/2014,15.35,73.2,10.28,3.08,3.71,13.74,96.4
11/12/2014,16.83,81.19,13.35,2.14,2.42,11.98,96.53
11/13/2014,16.58,80.07,12.58,1.89,0.18,13.68,96.57
11/14/2014,16.87,80.76,13.12,2.69,2.73,12.55,96.53
11/15/2014,15.95,82.6,12.84,1.98,3.68,7.88,96.57
11/16/2014,13.88,77.76,9.92,2.73,0.33,7.51,96.37
11/17/2014,14.77,71.94,9.17,1.79,0,14.4,96.12
11/18/2014,15.98,69.83,10.09,1.63,0,15.27,96.15
11/19/2014,18.57,56.05,8.74,2.41,0,13.74,96.02
11/20/2014,18.18,52.49,7.4,2.33,0.04,11.64,95.82
11/21/2014,18.93,57.28,10,2.58,1.9,8.23,95.77
11/22/2014,18.11,58.21,8.95,3.01,13.85,10.52,95.63
11/23/2014,16.84,76.46,12.31,3,13.34,12.38,95.98
11/24/2014,14.24,85.62,11.68,3.3,12.14,8.78,96.47
11/25/2014,14.43,80.25,10.77,1.07,1.09,14.12,96.77
11/26/2014,14.64,76.59,10.07,2.42,4.09,14.09,96.35
11/27/2014,13.2,82.71,10.23,5.56,17.34,11.87,95.42
11/28/2014,12.74,88.68,10.92,6.46,100.91,2.72,94.04
11/29/2014,11.22,88.88,9.37,4.03,9.54,6.65,94.44
11/30/2014,12.7,89.79,11.01,5.15,21.52,8.8,95.52
12/1/2014,14.01,90.11,12.31,2.44,11.21,8.1,95.9
12/2/2014,13.2,89.54,11.49,1.55,1.16,11.09,96.32
12/3/2014,12.81,88.77,10.88,2.35,2.54,9.74,96.3
12/4/2014,11.08,84.27,8.32,2.11,0.82,12.32,96.77
12/5/2014,10.32,77.72,6.15,1.61,0,13.94,97.07
12/6/2014,10.54,78.73,6.68,1.52,0,12.32,97.18
12/7/2014,10.16,81.39,6.82,1.95,0,12.74,97.3
12/8/2014,10.75,73.32,5.72,1.14,0,13.26,97.42
12/9/2014,10.83,72.28,5.5,2.32,0,14.26,97.53
12/10/2014,11.23,70.9,5.59,2.34,0,13.93,97.42
12/11/2014,11.41,81.57,8.31,2.21,0,12.86,97.43
12/12/2014,11.84,81.84,8.51,1.9,0.03,11.7,97.16
12/13/2014,11.49,75.28,6.67,3.59,21.12,9.31,96.61
12/14/2014,9.04,88.33,7.17,4.46,13.56,9.14,96.7
12/15/2014,10.48,91.71,9.16,2.29,16.9,7.44,97.07
12/16/2014,11.47,83.52,8.49,0.99,1.62,13.06,97.35
12/17/2014,11.63,86.08,9.27,1.93,0,12.26,97.25
12/18/2014,12.23,75.48,7.56,1.2,0,13.38,97.44
12/19/2014,12.7,72.49,7.4,1.22,0,13.39,97.61
12/20/2014,12.96,76.27,8.56,1,0,13.39,97.62
12/21/2014,13.77,72.6,8.42,1.25,0,12.71,97.44
12/22/2014,12.18,77.22,7.84,1.62,0,10.86,97.35
12/23/2014,11.48,71.56,6.06,1.47,0,10.63,97.38
12/24/2014,11.36,69.79,5.46,1.65,0,12.36,97.46
12/25/2014,11.91,68.25,5.63,1.54,0,13.41,97.65
12/26/2014,10.47,76.22,6.08,1.84,0,13.79,97.63
12/27/2014,11.18,70.51,5.24,1.4,0,13.98,97.58
12/28/2014,8.71,83.54,5.83,1.45,0.06,13.56,97.35
12/29/2014,9.58,83.19,6.6,2.31,0.04,13.22,97.27
12/30/2014,10.47,69.9,4.5,1.51,0,13.75,97.24
12/31/2014,10.19,81.45,6.86,1.77,0,11.23,97.63
1/1/2015,9.95,76.39,5.66,1.7,0,14.17,97.8
1/2/2015,9.71,67.83,3.48,1.56,0,14.34,98.05
1/3/2015,9.76,63.99,2.73,1.65,0,14.14,98.11
1/4/2015,9.52,72.2,4.28,1.79,0,14.12,98
1/5/2015,9.86,74.26,4.97,1.21,0,13.99,97.69
1/6/2015,8.99,87.34,6.81,1.11,0.02,13.57,97.46
1/7/2015,9.37,80.12,5.7,1.63,0.01,13.86,97.44
1/8/2015,9.88,69.09,3.68,1.35,0,13.9,97.82
1/9/2015,10.8,69.63,5.1,1.77,0,9.87,98.14
1/10/2015,12.06,59.95,3.93,1.57,0,10.58,98.02
1/11/2015,11.23,71.9,6.25,1.24,0.03,4.69,97.74
1/12/2015,13.73,75.09,9.03,1.83,0.09,8.87,97.49
1/13/2015,14.63,72.36,8.9,1.54,0.85,2.95,97.28
1/14/2015,12.62,79.83,8.41,1.36,0.14,12.87,97.2
1/15/2015,11.32,73.99,6.34,2.02,0.03,14.39,97.13
1/16/2015,8.58,89.26,6.89,2.56,7.52,6.92,97.12
1/17/2015,7.5,79.66,3.94,1.85,0.15,15.21,97.39
1/18/2015,9.11,84.69,6.58,3.5,11.62,10.19,96.67
1/19/2015,8.68,84.05,5.8,3.46,6.19,10.98,96.49
1/20/2015,8.36,81.2,4.8,1.89,4.55,15.33,96.55
1/21/2015,8.71,79.15,5.03,2.03,0.53,12.4,96.87
1/22/2015,8.79,84.23,6.15,1.27,0.51,13.01,97.35
1/23/2015,10.1,86.42,7.73,2.8,0.13,15.89,97.31
1/24/2015,8.76,82.92,5.64,2.44,0.02,15.94,97.12
1/25/2015,10.06,70.08,4.14,1.39,0,16.15,97.13
1/26/2015,11.16,62.56,3.49,1.36,0,16.52,97.41
1/27/2015,10.88,65.88,3.93,1.24,0,16.49,97.5
1/28/2015,10.55,71.64,4.94,1.48,0.01,15.97,97.35
1/29/2015,9.71,83.76,6.83,1.5,0.05,12.15,97.16
1/30/2015,11.28,80.86,7.88,1.3,0.09,15.82,96.84
1/31/2015,11.22,92.61,10.05,1.4,0.92,9.91,96.58
2/1/2015,9.26,80.36,5.61,3.55,0.23,12.8,96.76
2/2/2015,7.37,77.36,2.94,1.81,0.01,17.24,96.67
2/3/2015,8.41,79.99,4.77,1.45,0.06,15.12,96.44
2/4/2015,8.28,93.61,7.3,2.32,2.59,12.55,96.53
2/5/2015,6.33,77.32,2.05,2.12,0.02,17.24,96.8
2/6/2015,5.25,78.98,1.25,1.72,0.02,16.52,96.55
2/7/2015,6.99,78.29,3.1,1.3,0.09,17.23,96.46
2/8/2015,7.17,76.73,2.8,1.94,0,14.24,96.35
2/9/2015,9.2,75.09,4.48,1.52,0.22,12.34,96.24
2/10/2015,9.97,81.23,6.36,1.31,0.28,17.73,96.42
2/11/2015,11.12,77.75,6.71,2.31,0.09,15.79,96.5
2/12/2015,10.13,86.26,7.8,1.67,1.42,14.49,96.76
2/13/2015,9.75,85.75,7.25,2.19,1.13,13.93,97.15
2/14/2015,10.28,74.48,5.25,1.56,0.09,18.7,97.41
2/15/2015,11.72,73.27,6.44,1.37,0.18,19.39,97.24
2/16/2015,11.55,81.89,8.16,2.18,0.62,18.61,97.08
2/17/2015,9.54,81.45,6.06,2.75,1.75,14.5,97.02
2/18/2015,8.37,87.19,6.21,2.35,1.65,9.78,96.5
2/19/2015,9.17,80.38,5.47,1.7,0.72,12.11,96.45
2/20/2015,8.66,84.53,5.88,2.23,0.16,16.27,96.58
2/21/2015,11.01,83.25,7.86,1.6,0.49,14.03,96.6
2/22/2015,11.52,80.7,7.81,1.68,0.1,19.9,96.91
2/23/2015,12.41,76.83,7.74,2.51,0.02,20.58,97.04
2/24/2015,11.49,79.86,7.71,3.9,0.02,18,97.5
2/25/2015,10.05,70.67,3.72,3.47,0,21.56,97.69
2/26/2015,11.09,68.06,4.09,2.38,0,21.31,97.42
2/27/2015,11.67,79.45,7.81,2.17,0,19.25,97.4
2/28/2015,12.4,79.27,8.28,2.23,0,21.04,97.41
3/1/2015,12.9,78.17,8.4,2.38,0,21.28,97.31
3/2/2015,15.91,65.98,7.98,1.58,0,21.31,97.21
3/3/2015,17.12,61.47,8.36,1.51,0,18.98,97.24
3/4/2015,17.07,68.66,10.04,1.21,0,15.55,97.12
3/5/2015,17.06,71.12,10.6,1.7,0,21.43,96.88
3/6/2015,18.04,53.97,6.68,2.03,0,21.73,96.91
3/7/2015,17.48,54.78,6.52,1.96,0,20.92,97.12
3/8/2015,15.94,62.96,6.96,1.76,0,21.93,96.93
3/9/2015,16.83,59.01,7.12,1.5,0,22.61,96.9
3/10/2015,17.37,54.21,6.13,1.34,0,19.74,97.11
3/11/2015,16.48,60.24,6.83,1.71,0,22.29,97.28
3/12/2015,14.73,61.94,5.72,1.44,0.01,23.49,97.15
3/13/2015,11.98,79.19,7.97,2.25,0.06,16.8,96.93
3/14/2015,12.99,75.75,7.99,2.63,0.07,22.09,96.64
3/15/2015,12.87,71.57,6.32,1.68,0.01,23.78,96.5
3/16/2015,13.12,69.82,6.15,1.34,0,23.76,96.53
3/17/2015,11.42,79.6,7.36,2.83,2.21,22.98,96.57
3/18/2015,10,83.37,7.04,2.51,3.63,16.85,96.19
3/19/2015,10.25,81.09,6.71,2.51,6.48,16.86,95.69
3/20/2015,10.72,81.1,7.31,3.69,3.69,16.6,95.56
3/21/2015,11.35,79.78,7.56,3.49,2.62,14.89,95.79
3/22/2015,11.78,81.04,8.33,2.03,10.79,15.13,95.74
3/23/2015,10.88,85.87,8.45,2.13,14.46,16.48,95.84
3/24/2015,10.01,81.27,6.5,4.37,11.28,16.07,95.94
3/25/2015,10.68,83.36,7.76,3.19,6.64,15.8,96.37
3/26/2015,11.1,73.21,5.7,2.52,0.04,25.46,97.09
3/27/2015,14.76,70.93,8.42,3.1,0,25.21,97.36
3/28/2015,16.53,72.67,10.71,2.27,0,25.49,97.32
3/29/2015,18.07,66.47,10.06,1.99,0,25.94,97.38
3/30/2015,18.12,58.81,8.36,2.11,0,26.61,97.43
3/31/2015,19.84,59.34,10.08,1.55,0,25.84,97.22
4/1/2015,22.52,54.08,10.91,1.4,0,25.13,96.93
4/2/2015,22.63,54.83,11.52,1.63,0,25.35,96.76
4/3/2015,24.52,52.1,12.75,1.3,0.05,21.63,96.35
4/4/2015,20.74,61.92,11.76,2.81,0.07,19.63,95.93
4/5/2015,14.44,81.07,11.02,2.58,0.79,12.06,95.95
4/6/2015,14.71,79.75,10.71,1.48,0.74,16.41,95.97
4/7/2015,14.82,79,10.65,2.05,0.1,19.09,96.32
4/8/2015,14.9,73.54,9.2,2.37,0.02,23.2,96.65
4/9/2015,15.33,71.01,8.86,1.47,0.01,27.94,96.83
4/10/2015,15.48,73.02,9.63,2.59,0.04,22.37,96.87
4/11/2015,15.37,73.33,9.9,2.78,0.02,20.25,96.8
4/12/2015,17.19,64.37,8.34,1.65,0,26.83,96.47
4/13/2015,18.59,65.1,9.83,1.88,0,27.81,96.56
4/14/2015,16.5,70.1,10.22,2.89,0.05,23.01,96.5
4/15/2015,14.71,72.05,8.72,2.33,0,26.51,96.57
4/16/2015,16.39,68.09,9.34,2.27,0,27.43,96.62
4/17/2015,17.53,69.32,10.34,2.58,0,27.56,96.47
4/18/2015,17.18,72.24,11.21,2.29,0,26.16,96.49
4/19/2015,16.17,74.82,11.09,3.03,0,26.84,96.48
4/20/2015,16.78,70.9,10.38,2.96,0,28.25,96.4
4/21/2015,17.33,72.41,11.3,2.98,0.02,19.04,96.41
4/22/2015,17.16,72.52,11.64,2.79,0.01,24.82,96.72
4/23/2015,18.76,68.93,11.86,1.71,0,27.79,96.56
4/24/2015,17.8,68.84,10.97,1.88,0,24.99,96.62
4/25/2015,18.32,60.57,8.41,1.75,0,27.45,96.6
4/26/2015,17.45,70.11,10.99,2.73,0.01,28.46,96.63
4/27/2015,17.78,65.69,9.88,2.47,0.01,28.6,96.65
4/28/2015,17.4,65.76,9.31,2.41,0,28.13,96.62
4/29/2015,18.7,62.57,9.87,3.07,0,28.51,96.78
4/30/2015,19.37,61.67,10.18,3.13,0,29.02,96.65
5/1/2015,21.48,57.23,10.79,2.79,0,28.45,96.46
5/2/2015,26.27,43.37,9.36,2.04,0,28.19,96.21
5/3/2015,25.4,45.9,10.89,1.98,0,26.3,96.12
5/4/2015,19.69,59.02,10.21,2.36,0,24.3,96.26
5/5/2015,19.11,72.09,13.41,2.46,0,27.16,96.44
5/6/2015,21.6,60.23,11.95,2.06,0,29.64,96.44
5/7/2015,22.59,50.66,9.97,2.54,0,29.66,96.64
5/8/2015,21.18,55.21,8.93,2.29,0,31.26,96.96
5/9/2015,22.18,55.82,10.81,2.44,0,30.53,96.76
5/10/2015,23.67,51.52,11.42,1.87,0,30.45,96.67
5/11/2015,27.59,37.57,8.54,1.65,0,29.9,96.65
5/12/2015,30.36,26.17,5.64,1.9,0,28.67,96.69
5/13/2015,30.05,28.54,6.53,2.71,0,28.84,96.72
5/14/2015,28.87,36.18,10.03,2.36,0,27.17,96.68
5/15/2015,23.76,51.27,10.87,2.81,0,29.57,96.8
5/16/2015,22.77,51.48,9.92,2.42,0,30.17,96.56
5/17/2015,23.34,54.53,11.97,2.38,0,28.54,96.28
5/18/2015,20.59,62.79,11.83,3.24,0,28.63,96.2
5/19/2015,19.39,67.15,12.42,3.4,0.03,20.38,96.24
5/20/2015,19.21,58.15,9.37,4.06,0.04,25.86,96.49
5/21/2015,21.3,58.27,10.79,3.25,0.05,29.48,96.57
5/22/2015,21.57,59.7,12.07,2.97,0.18,26.21,96.38
5/23/2015,19.53,60.59,10.33,2.99,0.12,20.23,96.25
5/24/2015,18.04,68.76,11.53,3.04,1.01,21.67,96.13
5/25/2015,18.45,64.57,10.62,2.53,0.72,23.36,96.28
5/26/2015,21.26,58.22,11.1,2.08,0.02,28.34,96.36
5/27/2015,24.29,50.31,10.98,2.7,0,29.15,96.14
5/28/2015,21.33,62.88,12.77,3.41,0.01,21.83,96.23
5/29/2015,21.08,59.32,11.72,2.85,0.06,30.13,96.45
5/30/2015,23.59,53.08,11.27,2.65,0,30.69,96.52
5/31/2015,21.69,61.82,13.07,3.31,0.09,25.99,96.57
6/1/2015,21.57,60.01,12.01,3.87,0.07,29.16,96.44
6/2/2015,23.92,55.31,12.61,3.12,0.01,29.43,96.23
6/3/2015,27.04,44.41,11.87,2.09,0.01,27.76,96.35
6/4/2015,27.81,40.38,11.9,2.82,0,25.95,96.39
6/5/2015,29.99,35.81,11.11,3.32,0,24.76,96.24
6/6/2015,30.23,30.73,9.31,3.63,1.69,18.49,96.2
6/7/2015,26.9,42.34,11.22,3.26,0,27.79,96.25
6/8/2015,22.13,61.24,13.18,3.54,0,27.35,96.4
6/9/2015,22.12,59.74,12.6,3.22,0.07,28.71,96.33
6/10/2015,22.09,61.16,13.17,3.06,0.01,22.83,96.32
6/11/2015,20.61,61.7,12.14,3.38,0.04,22.93,96.44
6/12/2015,20.17,58.17,10.51,2.91,0.03,30.68,96.5
6/13/2015,19.38,56.22,9.36,3.13,0.03,27.32,96.59
6/14/2015,19.53,51.49,8.15,2.79,0,30.24,96.61
6/15/2015,20.12,53.96,9.03,2.91,0.03,30,96.78
6/16/2015,21.75,53.07,9.5,4.16,0,31.8,96.66
6/17/2015,23.33,51.22,10.45,3.26,0.01,31.67,96.45
6/18/2015,25.34,39.8,8.43,2.21,0,31.75,96.3
6/19/2015,25.26,48.35,11.45,2.7,0,31.56,96.35
6/20/2015,25.35,51.05,12.91,2.54,0,29.46,96.53
6/21/2015,26.01,44.38,10.61,2.22,0,30.92,96.64
6/22/2015,26.14,42.91,10.24,2.85,0,29.34,96.62
6/23/2015,23.37,53,10.38,3.12,0,29.28,96.64
6/24/2015,22.98,54.73,11.72,4.04,0,28.86,96.64
6/25/2015,23.77,54.06,12.27,4.09,0,31.22,96.66
6/26/2015,26.05,52.6,13.62,3.61,0,30.93,96.57
6/27/2015,29.09,40.98,11.76,2.35,0,30.33,96.48
6/28/2015,28.29,43.99,12.41,2.36,0,29.21,96.64
6/29/2015,27.81,40.11,9.64,2.87,0,30.27,96.63
6/30/2015,28.03,45.23,10.83,2.27,0,31.01,96.47
7/1/2015,26.28,49.1,12.49,3.29,0,30.49,96.51
7/2/2015,25.87,52.54,13.77,3.85,0.02,30.54,96.59
7/3/2015,26.14,51.08,13.32,3.66,0,30.01,96.69
7/4/2015,26.69,50.47,13.82,3.39,0,29.93,96.64
7/5/2015,30.24,45.25,14.63,2.53,0.02,26.92,96.43
7/6/2015,32.53,38.8,14.3,4.15,18.3,24.69,96.4
7/7/2015,30.82,43.09,15.24,3.28,0.06,24.81,96.44
7/8/2015,31.35,38.99,13.92,3.01,0,27.76,96.4
7/9/2015,29.03,42.64,12.78,3,0.01,27.74,96.53
7/10/2015,27.3,42.76,11.44,3.54,0,28.57,96.75
7/11/2015,29.06,42.2,13.05,2.17,0,25.34,96.68
7/12/2015,31.54,38.17,13.41,2.73,0.09,25.31,96.63
7/13/2015,32.43,33.16,12.4,3,0.02,20.67,96.55
7/14/2015,34.42,26.53,10.41,2.02,0.42,27.56,96.33
7/15/2015,33.15,30.83,11.34,2.31,0.2,22.78,96.23
7/16/2015,29.44,41,13.92,2.29,0.95,10.13,96.23
7/17/2015,28.31,48.67,15.1,3.17,0,28.01,96.42
7/18/2015,28.58,47.75,14.84,3.93,0.01,28.81,96.55
7/19/2015,29.37,45.51,14.39,3.7,0.03,27.47,96.49
7/20/2015,34.24,28.23,10.74,2.64,0,23.69,96.2
7/21/2015,35.49,23.28,9.62,3.72,0,28.56,96.3
7/22/2015,36.64,21.9,9.06,3.54,0,26.7,96.36
7/23/2015,34.09,25.13,8.71,2.72,0,27.73,96.36
7/24/2015,27.75,42.81,11.43,3.63,0,30.04,96.5
7/25/2015,26.96,49.08,12.86,4.04,0,30.76,96.37
7/26/2015,27.2,46.46,12.74,3.18,0,30.21,96.4
7/27/2015,30.47,37.15,11.33,2.57,0,28.25,96.29
7/28/2015,29.77,45.66,15.23,3.08,0,27.69,96.26
7/29/2015,27.54,51.07,15.02,3.42,0,28.12,96.32
7/30/2015,27.66,52.47,15.33,3.82,0,24.96,96.12
7/31/2015,26.08,56.25,15.64,4.44,0.01,27.3,96.05
8/1/2015,26.3,53.29,14.83,4.24,0,27.96,96.03
8/2/2015,24.89,58.8,15.35,3.56,0,28.14,96.31
8/3/2015,25.84,56,15.26,3.8,0,26.93,96.55
8/4/2015,27.5,54.49,15.97,3.74,0.25,24.85,96.4
8/5/2015,31.12,42,14.55,3.86,0.97,16.96,96.21
8/6/2015,34.66,28.39,11.2,3.83,0.09,18.08,96.22
8/7/2015,30.54,37.2,13.35,2.92,3.94,10.18,96.35
8/8/2015,31.14,45.94,16.23,2.7,0.15,24.12,96.26
8/9/2015,31.11,45.93,16.87,2.72,0.07,16.16,96.5
8/10/2015,32,39.95,15.87,2.65,0.01,17.72,96.55
8/11/2015,32.3,39.17,14.89,2.87,0.05,24.28,96.36
8/12/2015,32.8,38,14.47,2.93,0.01,17.36,96.62
8/13/2015,30.46,42.19,15.57,3.54,0.11,14.38,96.95
8/14/2015,25.91,46.04,12.83,3.43,0,23.36,96.75
8/15/2015,23.45,50.35,10.68,3.91,0,28.04,96.58
8/16/2015,23.59,54.46,11.88,3.94,0,28.57,96.43
8/17/2015,24.48,60.34,15.14,4.24,0,26.88,96.28
8/18/2015,23.77,57.2,13.71,3.05,0,26.66,96.32
8/19/2015,25.35,54.11,13.76,3.29,0,28.36,96.4
8/20/2015,25.96,51.95,13.31,2.85,0,25.49,96.72
8/21/2015,26.63,48.26,12.33,2.86,0,24.66,96.75
8/22/2015,24.3,55.26,13.3,3.53,0,25.36,96.66
8/23/2015,23.63,57.08,12.99,3.91,0,27.52,96.53
8/24/2015,23.81,53.86,11.93,3.63,0.05,27.84,96.53
8/25/2015,24.41,53.7,12.62,3.4,0.01,27.67,96.5
8/26/2015,24.32,53.31,12.58,3.12,0.02,27.72,96.48
8/27/2015,25.31,54.91,13.94,3.79,0.03,27.45,96.37
8/28/2015,29.42,45.28,13.53,2.93,0.06,22.73,96.15
8/29/2015,30.85,39.12,13.31,3.03,0,23.24,96.07
8/30/2015,27.81,56,17.45,3.12,0.01,22.88,96.37
8/31/2015,27.1,54.78,16.12,3.52,0.01,23.51,96.58
9/1/2015,25.71,53.91,13.93,2.81,0.06,19.76,96.64
9/2/2015,23.62,60.48,14.5,3.7,0.01,25.04,96.53
9/3/2015,22.09,57.01,12.34,3.9,0.02,18.52,96.55
9/4/2015,21.93,54.57,10.75,3.64,0,26.38,96.52
9/5/2015,22.62,52.33,10.49,3,0,25.54,96.48
9/6/2015,24.56,47.12,10.64,2.41,0,25.87,96.62
9/7/2015,24.74,49.21,11.55,2.54,0,25.08,96.65
9/8/2015,23.74,54.01,12.44,2.72,0,25.1,96.52
9/9/2015,23.96,56.03,13.08,3.31,0,25.23,96.38
9/10/2015,25.89,49.26,12.54,3.42,0,24.03,96.33
9/11/2015,25.09,51.92,13.27,3.52,0,23.03,96.29
9/12/2015,22.37,56.19,11.83,2.74,0,24.35,96.43
9/13/2015,23.19,52.88,11.48,3.01,0,24.86,96.48
9/14/2015,23.38,59.47,13.53,3.03,0,24.88,96.53
9/15/2015,23.19,60.02,13.57,2.77,0,24.89,96.36
9/16/2015,22.14,61.27,12.98,2.31,0,23.73,96.24
9/17/2015,22.52,60.7,13.15,2.86,0,24.06,96.29
9/18/2015,22.17,57.52,12.4,4.03,0,23.84,96.32
9/19/2015,24.32,49.63,10.36,2.46,0,24.19,96.51
9/20/2015,27.46,42.98,12.33,1.31,0,16.57,96.74
9/21/2015,28.86,32.58,8.91,2.26,0,18.56,96.64
9/22/2015,29.62,26.72,7.53,3.01,0,19.86,96.47
9/23/2015,25.41,38.02,9.79,2.96,0.19,11.2,96.5
9/24/2015,24.97,47.09,11.85,2.22,0.23,19.1,96.61
9/25/2015,24.52,50.63,12.08,2.48,0.05,22.36,96.55
9/26/2015,23,53.22,11.73,2.4,0.01,22.03,96.43
9/27/2015,23.22,53.97,12.48,1.39,0.26,16.2,96.39
9/28/2015,23.25,55.2,13.02,2.54,9.09,10.03,96.25
9/29/2015,22.05,64.15,14.29,2.07,4.05,17.68,96.29
9/30/2015,22.36,62.6,13.81,1.56,0,20.9,96.57
10/1/2015,23.19,58.4,12.72,1.31,0.01,20.43,96.83
10/2/2015,24.28,46.61,10.63,1.11,0,20.8,96.63
10/3/2015,24.95,46.63,11.63,1.37,0,18.81,96.69
10/4/2015,28.43,36.41,10.9,1.74,0,17.94,96.96
10/5/2015,28,36.74,10.01,3.64,0,16.76,96.93
10/6/2015,24.94,49.04,12.89,2.21,0,19.42,96.78
10/7/2015,22.18,63.63,14.18,3.4,0.02,18.04,96.54
10/8/2015,18.8,62.76,10.58,3.46,0.17,17.29,96.38
10/9/2015,18.24,57.19,8.44,1.52,0,21.54,96.22
10/10/2015,20.34,62.19,11.33,2.91,0.11,20.22,96.13
10/11/2015,21.23,72.4,15.21,2.92,0.13,19.01,96.11
10/12/2015,20.37,72.86,14.61,2.78,0.32,10,96.25
10/13/2015,19.19,69.84,12.62,2.6,1.75,15.74,96.32
10/14/2015,19.22,69.25,12.7,2.42,0.62,18.81,96.29
10/15/2015,19.86,64.06,11.79,1.49,0.08,20.32,96.26
10/16/2015,22.62,46.86,8.86,2.17,0.01,17.71,96.08
10/17/2015,22.11,60.55,13.71,4.35,1.11,10.13,96.1
10/18/2015,21.06,63.16,13.06,4.18,0.69,15.52,96.1
10/19/2015,19.89,66.37,12.99,5.33,1.3,14,95.92
10/20/2015,18.99,66.82,12.07,3.98,0.73,15.83,96.09
10/21/2015,20.49,53.66,9.65,1.81,0.02,18.11,96.47
10/22/2015,21,46.23,8.33,1.71,0,13.18,96.72
10/23/2015,20.04,55.54,10.68,1.32,0.27,9.8,96.73
10/24/2015,19.8,71.58,14.21,1.31,3.04,14.12,96.52
10/25/2015,20.71,69.49,14.26,1.79,2.44,12.6,96.46
10/26/2015,19.46,72.02,13.62,2.63,0.3,14.16,96.54
10/27/2015,17.69,77.08,13.01,2.02,0.37,15.22,96.69
10/28/2015,17.21,73.44,11.76,1.7,0.46,16.63,96.78
10/29/2015,18.08,65.99,10.56,1.65,0,18.05,96.6
10/30/2015,18.63,62.8,10.39,2.09,0.08,16.83,96.52
10/31/2015,17.64,73.53,11.96,2.27,0.61,16.43,96.51
11/1/2015,14,78.12,9.98,3.22,10.59,10.98,96.4
11/2/2015,13.88,71.32,8.35,2.66,0.01,9.22,96.62
11/3/2015,15.57,63.69,7.74,1.45,0,17.76,96.97
11/4/2015,16.91,58.46,7.68,1.39,0,17.35,97.05
11/5/2015,18.8,54.39,8.35,2.31,0,16.93,96.95
11/6/2015,20.97,46.53,7.53,1.22,0,16.8,96.89
11/7/2015,22.15,40.43,6.92,1.85,0,16.68,96.87
11/8/2015,21.34,43.73,7.41,2.58,0,16.28,97.21
11/9/2015,20.13,48.95,7.58,1.86,0,16.31,97.48
11/10/2015,19.1,50.02,7.45,1.99,0,16.31,97.38
11/11/2015,19.03,48.62,6.57,1.55,0,16.19,97.08
11/12/2015,19.45,43.63,5.59,1.55,0,15.29,97.08
11/13/2015,19.83,43.33,5.8,1.91,0,15.08,97.34
11/14/2015,19.7,42.34,5.29,1.27,0,15.45,97.23
11/15/2015,18.24,48.2,5.64,2.4,0,14.91,97.21
11/16/2015,15.97,58.65,6.36,2.02,0.01,14.72,97.1
11/17/2015,16.36,63.78,7.55,2.15,0.09,15.21,97.08
11/18/2015,17.21,44.33,3.11,2.2,0,15.52,97.23
11/19/2015,16.75,42.47,2.01,1.35,0,15.48,97.46
11/20/2015,17.02,36.21,-0.38,1.46,0,15.6,97.59
11/21/2015,14.92,55.02,4.24,1.44,0.12,15.46,97.17
11/22/2015,12.7,68.43,6.31,3.06,0.88,8.06,96.57
11/23/2015,9.6,71.27,4.27,1.91,0.56,14.06,96.59
11/24/2015,9.88,57.87,0.92,2.38,0,15.53,97.3
11/25/2015,11.75,46.72,-0.42,2.2,0,15.13,97.53
11/26/2015,12.99,57.92,3.88,1.88,0.01,15.03,97
11/27/2015,13.93,55.19,3.95,1.49,0,14.73,96.53
11/28/2015,13.61,59.19,4.85,1.48,0,14.73,96.79
11/29/2015,15.49,48.39,3.56,1.29,0,9.57,97.35
11/30/2015,16.18,34.77,-0.16,1.67,0,13.18,97.81
12/1/2015,16.71,33.8,-0.33,1.64,0,13.47,97.66
12/2/2015,15.27,50.04,3.77,2.27,0.02,5.69,97.57
12/3/2015,15.77,45.65,3.27,2.06,0,14.07,97.44
12/4/2015,17.16,45.31,4.41,1.46,0,13.9,97.64
12/5/2015,17.68,39.99,2.75,1.21,0,12.72,97.54
12/6/2015,17.11,44.49,3.51,1.65,0,11.34,97.36
12/7/2015,17.05,39.86,2.28,1.8,0,7.66,97.44
12/8/2015,16.57,45.18,3.79,1.7,0,9.75,97.56
12/9/2015,15.27,47.55,2.9,1.93,0,9.81,97.48
12/10/2015,13.15,47.08,1.36,1.73,0,9.98,97.5
12/11/2015,13.27,49.91,2.19,1.72,0,12.14,97.45
12/12/2015,13.16,47.86,1.5,1.45,0,13.12,97.26
12/13/2015,14.29,36.39,-1.28,1.56,0,12.58,97.02
12/14/2015,15.76,29.68,-2.58,1.48,0,11.41,97.05
12/15/2015,16.58,26.64,-3.34,1.75,0,12.02,97.42
12/16/2015,17.01,30.04,-1.41,1.68,0,12.06,97.65
12/17/2015,17.59,28.63,-1.65,1.42,0,11.28,97.67
12/18/2015,17.53,26.11,-2.94,1.14,0,13.35,97.55
12/19/2015,17.06,30.12,-1.46,2.25,0,13.55,97.33
12/20/2015,15.54,44.15,1.9,1.88,0,8.61,97.31
12/21/2015,15.36,62.77,6.34,1.96,0,10.2,97.44
12/22/2015,16.25,43.51,2.28,1.7,0,11.34,97.65
12/23/2015,15.26,48.86,2.56,2.08,0,12.8,97.57
12/24/2015,13.69,56.69,4.06,1.45,0,12.18,97.59
12/25/2015,14.49,45.34,1.37,1.4,0,13.4,97.57
12/26/2015,14.29,34.14,-2.19,1.69,0,9.66,97.36
12/27/2015,16.1,30.25,-3.1,2.09,0,8.71,97.16
12/28/2015,13.6,39.41,-1.12,2.07,0,11.19,97.6
12/29/2015,14.5,37.89,-0.72,1.31,0,13.34,97.91
12/30/2015,15.22,40.79,0.55,1.13,0,13.4,97.72
12/31/2015,14.56,45.13,1.42,1.02,0,13.72,97.43
1/1/2016,14.92,47.72,2.08,2.04,0,13.47,97.32
1/2/2016,14.59,48.2,1.78,1.98,0.02,13.88,97.35
1/3/2016,14.72,49.41,2.68,1.22,0.1,13.78,97.29
1/4/2016,14.95,68.46,8.16,1.76,0.35,12.34,96.92
1/5/2016,13.48,85.24,10.91,3.16,11.58,5.9,96.75
1/6/2016,11.16,67.05,4.03,2.3,0,14.59,97.12
1/7/2016,14.02,49.78,2.75,1.7,0,14.02,97.02
1/8/2016,15.82,64.05,8.59,2.6,0.19,8.55,96.64
1/9/2016,14.76,79.24,10.69,2.15,0.12,13.16,96.77
1/10/2016,13.21,76.86,8.61,1.79,0.09,12.98,96.88
1/11/2016,13.27,65.88,6.45,0.95,0.01,13.77,97.03
1/12/2016,13.93,64.8,6.29,2.31,0,14.14,96.97
1/13/2016,15.18,42.2,0.9,1.67,0,13.75,96.97
1/14/2016,15.67,42.85,1.59,1.59,0,14.12,97.04
1/15/2016,15.27,57.42,5.67,1.83,0.01,13.88,97.17
1/16/2016,13.41,59.77,3.85,2.44,0.02,13.64,97.04
1/17/2016,14.87,46.14,2.44,1.78,0,14.21,97.08
1/18/2016,14.9,48.28,3.35,1.64,0,13.9,97.03
1/19/2016,14.16,53.7,3.81,1.6,0,14.73,96.75
1/20/2016,13.61,58.44,4.63,1.42,0,14.33,96.9
1/21/2016,14.87,62.6,6.85,1.25,0,14.23,97.17
1/22/2016,16.36,49.1,4.32,1.27,0,14.91,97.38
1/23/2016,17.21,36.43,1.27,2.08,0,14.15,97.68
1/24/2016,16.58,41.99,2.45,2.14,0,13.64,97.69
1/25/2016,14.79,40.78,0.92,1.58,0,10.3,97.82
1/26/2016,14.43,47.93,2.32,1.2,0,15.71,97.81
1/27/2016,13.53,51.02,2.75,1.02,0,15.55,97.53
1/28/2016,12.51,61.34,4.58,1.45,0,11.92,97.48
1/29/2016,11.13,77.37,6.84,2.03,0.01,11.74,97.64
1/30/2016,11.33,64.99,3.74,2.91,0.05,16.91,97.93
1/31/2016,12.51,55.56,2,2.75,0,16.44,97.85
2/1/2016,14.31,42.67,-0.58,1.33,0,15.45,97.64
2/2/2016,15.3,40.62,0.18,1.5,0,15.69,97.46
2/3/2016,15.58,42.8,1.58,1.2,0,14.93,97.29
2/4/2016,16.47,37.25,0.94,1.47,0,14.3,97.21
2/5/2016,15,56.87,6.09,2.51,0.01,6.57,97.3
2/6/2016,16.69,40.69,1.5,2.51,0,16.37,97.25
2/7/2016,15.06,55.18,4.81,1.82,0,17.5,97.6
2/8/2016,15.5,60.54,6.4,1.66,0,17.95,97.61
2/9/2016,14.06,70.77,7.82,1.48,0,17.63,97.72
2/10/2016,14.16,67.8,7.03,2.08,0.09,18.09,97.38
2/11/2016,13.98,78.15,9.76,1.68,0.23,14.18,97.18
2/12/2016,15.68,66.34,8.16,1.98,0.07,17.54,97.18
2/13/2016,16.14,67.01,9.18,1.73,0.47,15.75,97.13
2/14/2016,14.23,73.49,9.12,2.6,2.03,16.33,97.12
2/15/2016,10.42,73.17,5.32,3.91,9.56,11.67,97.04
2/16/2016,8.48,68.02,1.81,2.07,0.71,17.2,97.21
2/17/2016,7.96,52.82,-2.66,1.4,0,19.55,97.35
2/18/2016,9.84,58.02,0.77,2.6,0.61,15.28,96.62
2/19/2016,12.02,60.34,3.02,2.76,0.78,11.87,96.08
2/20/2016,12.61,40.55,-1.77,1.38,0.01,17.78,96.44
2/21/2016,13.34,50.22,1.42,2.24,0.4,17.02,96.63
2/22/2016,11.88,72.76,6.57,2.06,2.93,15.74,97.15
2/23/2016,12.86,59.43,3.11,2.54,0.01,20.43,97.34
2/24/2016,14.01,52.01,2.33,1.79,0.05,20.18,97.18
2/25/2016,12.57,59.68,3.26,2,0.02,21.18,97.13
2/26/2016,12.91,66.5,5.68,2.78,1.88,20.42,96.74
2/27/2016,10.56,77.81,6.42,4.48,10.16,13.9,96.4
2/28/2016,9.09,72.09,3.55,1.89,2.22,18.2,96.47
2/29/2016,9.61,65.6,2.76,2.18,0.44,19.82,96.96
3/1/2016,12.48,45.28,-1.83,2.09,0,21.83,97.38
3/2/2016,14.8,41.65,-0.79,1.42,0,21.82,97.29
3/3/2016,14.51,49.44,1.46,1.83,0.01,19.14,96.76
3/4/2016,13.95,66.77,6.75,1.68,0.16,19.98,96.32
3/5/2016,12.83,70.53,6.94,2.28,0.38,16.22,96.52
3/6/2016,11,66.13,3.72,3.43,0.01,22.71,96.6
3/7/2016,10.42,70.19,4.05,2.48,1.26,22.7,96.59
3/8/2016,11.68,64.97,4.03,3.17,0.33,22.57,96.69
3/9/2016,12.28,55.4,1.32,2.44,0,23.44,96.85
3/10/2016,11.47,63.85,4.04,2.42,0.07,23.06,96.74
3/11/2016,10.85,59.03,1,2.79,0,23.98,96.67
3/12/2016,12.49,43.13,-2.14,1.48,0,23.99,96.63
3/13/2016,14.81,37.33,-1.39,1.93,0,22.03,96.54
3/14/2016,13.59,49.22,1.44,2.42,0,21.81,96.5
3/15/2016,13.43,64.12,5.13,1.3,0,22.6,96.83
3/16/2016,15.67,54.11,4.54,1.62,0,23.86,96.76
3/17/2016,16.78,50.34,4.03,1.49,0.02,22.2,96.62
3/18/2016,14.31,62.05,5.76,1.48,0.06,24.25,96.52
3/19/2016,13.93,64.14,6.08,1.84,0.06,23.15,96.43
3/20/2016,13.05,67.17,5.86,1.97,0.35,17.46,96.29
3/21/2016,10.53,78.76,6.55,3.8,6.49,16.79,96.24
3/22/2016,11.77,76.75,7.39,4.55,7.27,15.34,96.49
3/23/2016,10.33,85.18,7.79,3.05,17.09,14.21,96.19
3/24/2016,11.8,70.44,5.57,2.41,2.4,18.57,96.69
3/25/2016,13.56,56.04,3.01,1.98,0.02,25.67,97.33
3/26/2016,16.36,49.45,3.79,1.56,0,22.32,97.28
3/27/2016,15.69,62.37,7.23,1.82,0.01,22.03,97.02
3/28/2016,15.99,66.99,8.46,2.22,0.04,25.23,96.85
3/29/2016,18.08,58.16,6.97,1.63,0.01,26.14,96.45
3/30/2016,17.52,57.39,7.07,2.25,0,24.18,96.19
3/31/2016,13.78,66.97,6.99,4.58,0.15,19.99,96.43
4/1/2016,12.68,57.03,2.11,2.92,0,27.51,96.35
4/2/2016,12.19,66.34,5.19,2.09,0,23.96,96.11
4/3/2016,14.26,68.38,7.28,2.29,0.05,24.77,96.39
4/4/2016,14.6,75.46,9.69,2.64,0.87,21.95,96.4
4/5/2016,14.47,71.11,8.45,3.18,2.02,13.04,96.23
4/6/2016,13.79,61.74,4.46,3.27,0,27.99,96.26
4/7/2016,15.74,60.3,6.29,2.55,0,26.89,96.19
4/8/2016,16.82,59.18,6.82,2.69,0,27.02,96.45
4/9/2016,14.59,58,4.73,2.26,0,24.8,96.32
4/10/2016,13.51,69.37,6.73,2.23,0,23.65,96.16
4/11/2016,14.66,66.64,7.16,2.54,0,25.29,96.18
4/12/2016,14.8,68.27,7.79,2.59,0,27.28,96.42
4/13/2016,16.44,63.6,7.8,1.85,0,28.31,96.49
4/14/2016,16.54,61.53,7.51,1.87,0,26.85,96.35
4/15/2016,16.89,58.61,6.87,1.95,0,28.24,96.37
4/16/2016,17.25,63.42,9.06,2.39,0.04,26.89,96.47
4/17/2016,18.43,64.17,10.36,1.73,0.17,25.36,96.35
4/18/2016,19.33,62.79,10.55,2.5,0.01,26.88,96.09
4/19/2016,17.25,66.74,9.8,3.16,0.28,19.35,96.22
4/20/2016,15.37,62.92,7.03,2.92,0.46,26.83,96.68
4/21/2016,15.58,57.12,5.93,2.02,0.01,22.36,96.76
4/22/2016,20.02,49.21,7.26,1.86,0,28.76,96.63
4/23/2016,20.19,53.77,8.46,2.04,0,29.24,96.47
4/24/2016,19.85,59.7,9.8,2.49,0.02,26.95,96.23
4/25/2016,20.19,58.66,9.98,3.11,0.07,27.41,96.03
4/26/2016,20.32,54.46,8.6,2.84,0,28.98,96.06
4/27/2016,19.86,50.39,6.28,2.44,0,29.83,96.12
4/28/2016,19.27,51.55,7.04,2.29,0,22.03,96.1
4/29/2016,19.59,56.02,8.86,2.75,0,28.67,96.17
4/30/2016,19.25,57.58,8.81,2.79,0,27.93,96.45
5/1/2016,21.79,53.55,9.58,2.7,0.06,29.16,96.27
5/2/2016,23.52,44.37,9.04,2.53,0.01,28.88,96.07
5/3/2016,24.1,44.24,9.59,1.76,0.05,19.29,96.15
5/4/2016,21.36,65.81,14.35,1.46,6.34,15.25,96.24
5/5/2016,18.77,65.18,10.68,3.97,0.43,24.07,96.18
5/6/2016,17.13,64.12,9.54,3.41,1.16,20.67,96.23
5/7/2016,17.28,64.25,9.41,3.57,0.19,26.41,95.88
5/8/2016,16.74,70.96,11.14,4.39,15.76,13.13,95.47
5/9/2016,17.03,67.36,10.15,4.15,8.95,23.81,95.74
5/10/2016,15.36,75.58,10.75,4.13,9.12,16.23,95.86
5/11/2016,15.16,69.29,8.69,4.57,1.62,27.7,96.18
5/12/2016,15.72,68.12,9.04,3.11,2.3,24.96,96.47
5/13/2016,16.46,63.57,8.33,2.4,0.83,29.52,96.69
5/14/2016,17.33,59.49,7.25,3.9,0.04,31.35,96.71
5/15/2016,18.65,59.1,8.74,3.32,0.02,30.3,96.67
5/16/2016,21.14,54.28,9.41,3.03,0,25.98,96.51
5/17/2016,19.41,65.74,11.75,3.38,2.4,20.01,96.22
5/18/2016,18.59,66.52,11.12,3.18,0.32,21.66,96.48
5/19/2016,20.87,61.63,11.86,3.24,0.01,29.76,96.59
5/20/2016,25.19,46.03,10.3,2.22,0,29.28,96.43
5/21/2016,27.22,39.82,10.39,2.35,0,27.97,96.41
5/22/2016,26.02,45.67,11.25,2.59,0,29.89,96.63
5/23/2016,28.87,35.92,8.59,2.45,0,29.92,96.53
5/24/2016,24.81,45.33,10.37,3.04,0,30.31,96.35
5/25/2016,21.22,61.77,12.29,3.56,0,30.27,96.17
5/26/2016,19.67,60.95,10.54,2.57,0,29.36,96.25
5/27/2016,20.45,55.87,8.71,3.8,0,26.97,96.54
5/28/2016,19.21,60.67,9.97,3.36,0,31.59,96.97
5/29/2016,19.7,60.12,10.19,3.19,0,31.59,96.83
5/30/2016,19.52,59.61,9.72,4.06,0,31.28,96.57
5/31/2016,20.72,55.48,9.36,4.05,0,31.72,96.45
6/1/2016,22.63,51.09,9.82,2.57,0,31.26,96.32
6/2/2016,22,52.59,9.94,2.73,0,31.3,96.34
6/3/2016,20.29,54.46,8.99,2.66,0,30.24,96.41
6/4/2016,20.44,52.04,8.04,3.91,0,32.29,96.41
6/5/2016,21.62,53.44,9.52,3.56,0.01,31.25,96.37
6/6/2016,23.72,52,11.35,3.71,0.05,31.01,96.41
6/7/2016,27.29,42.32,10.36,2.43,0,28.97,96.39
6/8/2016,31.01,33.66,10.33,2.38,0,28.42,96.44
6/9/2016,26.11,50.88,13.7,3.19,0.01,29.54,96.55
6/10/2016,23.95,54.89,12.72,4.13,0.01,30.8,96.4
6/11/2016,23.36,53.8,12.06,4.61,0.02,29.57,96.35
6/12/2016,24.04,48.61,10.57,4.09,0,30.94,96.52
6/13/2016,25.25,49.51,11.37,3.97,0.01,31.32,96.53
6/14/2016,24.55,55.46,13.42,4.28,0.02,30.59,96.3
6/15/2016,21.89,61.69,13.26,3.77,0.04,30.39,96.28
6/16/2016,19.81,54.69,9.27,4.2,0.08,19.87,96.34
6/17/2016,20.72,54.21,9.39,5.01,0,30.94,96.47
6/18/2016,22.94,47.64,8.97,3.9,0,31.7,96.79
6/19/2016,24.91,41.73,7.87,3.22,0,31.94,96.87
6/20/2016,26.55,40.83,9.03,2.66,0,31.63,96.53
6/21/2016,28.5,32.74,8.37,2.33,0,31.17,96.27
6/22/2016,29.52,31.09,8.98,2.81,0,29.77,96.43
6/23/2016,31.91,23.95,6.56,2.83,0,29.41,96.54
6/24/2016,30.16,30.93,8.7,2.92,0,29.44,96.55
6/25/2016,26.41,43.92,11.35,3.22,0,28.91,96.48
6/26/2016,22.07,54.45,11.11,3.54,0,29.56,96.53
6/27/2016,22.32,54.54,11.42,3.37,0,31.21,96.38
6/28/2016,23.52,55.66,12.57,2.65,0,30.98,96.29
6/29/2016,24.71,59.59,14.89,2.88,0,29.53,96.46
6/30/2016,25.26,56.92,14.76,2.95,0.07,28.21,96.61
7/1/2016,23.81,56.7,13.76,3.86,0.22,27.75,96.65
7/2/2016,24.4,54.99,13.51,3.99,0.03,30.06,96.38
7/3/2016,23.76,60.24,14.52,3.72,0.08,29.02,96.4
7/4/2016,24.03,59.08,14.45,3.33,0.02,30.29,96.55
7/5/2016,25.12,57.78,14.82,2.51,0,29.97,96.58
7/6/2016,24.58,59.75,15.17,3.36,0,24,96.52
7/7/2016,24.69,56.32,14.1,3.4,0.02,26.38,96.54
7/8/2016,26.83,51.65,14.05,4.36,0,30.76,96.45
7/9/2016,28.16,49.6,14.24,3.25,0,30.8,96.33
7/10/2016,28.9,46.97,14.01,2.94,0,29.57,96.31
7/11/2016,29.53,46.14,14.56,3.33,0,28.49,96.28
7/12/2016,29.51,43.13,13.58,4.06,0,27.85,96.36
7/13/2016,29.26,38.18,10.75,3.64,0,28.27,96.39
7/14/2016,30.78,32.03,9.3,2.78,0,28.61,96.29
7/15/2016,34.79,20.22,5.96,2.54,0,25.89,96.1
7/16/2016,33.2,32.57,12.43,2.53,0,26.61,96.12
7/17/2016,30.55,38.1,11.6,3.53,0,27.77,96.26
7/18/2016,35.34,24.42,9.59,3.05,0,26.22,96.18
7/19/2016,36.96,21.65,9.45,3.84,0.01,23.7,96.28
7/20/2016,34.93,30.26,13.25,3.08,0.07,26.18,96.46
7/21/2016,33.67,32.29,13.06,2.79,0.07,27.02,96.41
7/22/2016,29.43,35.82,11.23,3.93,0.03,28.39,96.45
7/23/2016,30.02,34.41,9.83,3.18,0.02,28.63,96.23
7/24/2016,34.21,24.29,8.79,2.36,0.02,25.75,96.13
7/25/2016,37.11,18.69,7.38,2,0,22.76,96.25
7/26/2016,34.52,25.94,10.51,2.39,0,23.82,96.55
7/27/2016,29.91,39.15,11.7,3.5,0,28.64,96.55
7/28/2016,29.78,40.25,12.74,3.11,0,22.62,96.32
7/29/2016,29.81,42.67,13.32,3.59,0,26.76,96.39
7/30/2016,31.23,40.15,12.81,3.4,0,24.22,96.51
7/31/2016,32.33,35.57,13.13,3.4,0,27.3,96.47
8/1/2016,31.37,36.26,12.13,3.9,0,27.86,96.5
8/2/2016,31.1,37.25,11.96,3.6,0.01,27.37,96.52
8/3/2016,32.7,31.55,11.04,3.07,0,25.87,96.35
8/4/2016,35.17,23.81,9.26,2.77,0.05,21.55,96.37
8/5/2016,33.13,25.09,7.81,2.76,0,28.72,96.51
8/6/2016,32.36,26.53,6.62,2.24,0,29.66,96.42
8/7/2016,34.23,23.82,7.31,2.2,0,28.58,96.19
8/8/2016,36.24,16.85,5.45,2.09,0,25.12,96.16
8/9/2016,34.4,17.54,4.62,2.78,0,27.79,96.26
8/10/2016,31.28,23.39,4.82,3.08,0,28.08,96.22
8/11/2016,29.94,32.89,8.13,2.36,0,28.67,96.19
8/12/2016,29.04,39.81,12.32,2.52,0,28.79,96.38
8/13/2016,30.46,41.07,12.74,2.48,0.01,27.82,96.34
8/14/2016,33.72,30.71,11.91,3.25,1.52,24.19,96.25
8/15/2016,34.11,26.31,10.44,2.32,0.01,18.98,96.28
8/16/2016,32.63,28.1,10.96,2.88,0,20.85,96.32
8/17/2016,30.07,39.22,13.61,2.99,0,24.21,96.39
8/18/2016,28.74,40.06,11.99,3.25,0,27.33,96.26
8/19/2016,27.73,45.16,12.7,3.55,0,27.47,96.33
8/20/2016,28.82,43.63,13.43,3.85,0.01,24.3,96.5
8/21/2016,30.17,43.53,14.27,3.23,0.13,24.26,96.58
8/22/2016,33.46,31.58,12.41,2.33,0.24,23.86,96.46
8/23/2016,32.05,39.58,14.89,2.35,0.01,24.95,96.44
8/24/2016,31,43.34,15.58,2.36,0.01,25.39,96.18
8/25/2016,31.07,40.03,14.89,2.47,0.03,22.64,95.97
8/26/2016,32.67,35.33,13.55,2.82,0.4,11.9,96.12
8/27/2016,33.24,32.84,13.64,2.91,0.1,15.49,96.47
8/28/2016,35.13,27.85,11.95,3.8,0,24.2,96.63
8/29/2016,32.76,35.82,14.3,1.95,0,21.67,96.73
8/30/2016,31.21,32.57,11.67,3.29,0,24.94,96.63
8/31/2016,26.78,42.99,11.27,3.74,0,25.35,96.62
9/1/2016,27,47.25,12.48,3.08,0.01,14.24,96.58
9/2/2016,30.63,36,12.54,1.96,3.66,12.37,96.52
9/3/2016,30.79,38.56,13.9,1.3,0.01,13.85,96.52
9/4/2016,30.25,38.43,13.72,2.94,0,15.72,96.71
9/5/2016,33.9,27.51,10.88,1.67,0,21.44,96.7
9/6/2016,34.41,26.3,10.69,2.5,0,22.02,96.6
9/7/2016,31.35,33.62,12.53,3.12,0.03,23.18,96.54
9/8/2016,28.01,49.31,15.03,3.03,0.11,23.65,96.52
9/9/2016,26.11,55.79,15.37,3.82,0.25,23.57,96.57
9/10/2016,24.4,55.8,13.69,3.28,0.03,23.57,96.55
9/11/2016,25.34,57.08,14.54,2.97,0.36,24.9,96.36
9/12/2016,23.59,62.49,15.08,3.09,1.12,24.9,96.45
9/13/2016,22.6,60.26,12.77,2.81,0.17,25.28,96.72
9/14/2016,21.58,60.62,12.75,4.26,1.67,14.8,96.62
9/15/2016,20.32,55.01,9.48,4.89,0,24.69,96.54
9/16/2016,21.54,49.67,8.27,4.38,0,24.25,96.54
9/17/2016,23.51,52.94,11.44,2.56,0.02,24.28,96.47
9/18/2016,24.09,55.98,12.94,2.45,0,20.89,96.68
9/19/2016,23.85,55.03,13.22,2.2,0.02,12.13,96.63
9/20/2016,23.53,54.87,11.84,2.04,0,23.75,96.5
9/21/2016,22.05,62.53,13.28,2.84,0,18.7,96.59
9/22/2016,21.31,61.39,12.32,2.64,0.01,23.75,96.84
9/23/2016,21.63,59.75,11.96,3.49,0.01,23.91,96.85
9/24/2016,22.24,57.73,11.66,3.04,0,23.66,96.69
9/25/2016,23.22,59.63,13.17,3.51,0.01,23.32,96.59
9/26/2016,23.49,61.3,14.06,3.44,0.01,19.84,96.54
9/27/2016,25.05,54.65,13.56,3.43,0.01,21.91,96.48
9/28/2016,26.77,39.21,10.21,2.75,0,21.44,96.36
9/29/2016,24.46,44.13,9.37,2.3,0,22,96.09
9/30/2016,23.01,48.72,10.21,2.7,0,21.42,96.29
10/1/2016,24.12,42.61,8.93,2.06,0,21.45,96.32
10/2/2016,24.4,45.43,10.11,2.31,0,20.95,96.33
10/3/2016,26.43,39.74,8.42,1.78,0,20.39,96.33
10/4/2016,25.84,39.8,9.13,2.45,0,19.59,96.45
10/5/2016,27.26,30.1,6.94,1.42,0.01,15.85,96.26
10/6/2016,28.05,32.4,8.93,1.11,0.02,18.74,96.06
10/7/2016,27.7,37.32,10.5,1.88,0.09,17.33,96.3
10/8/2016,24.08,49.55,12,2.85,0.02,18.97,96.63
10/9/2016,21.7,59.81,12.03,2.63,0.13,19.55,96.72
10/10/2016,20.88,58.24,10.64,2.57,0.06,21.06,96.63
10/11/2016,18.97,61.86,10.4,2.29,0.09,20.3,96.49
10/12/2016,18.99,67.45,12.18,3.54,3.3,20.24,96.15
10/13/2016,18.47,74.23,13.28,4.84,8.05,16.35,95.97
10/14/2016,18.33,74.01,12.93,2.04,1.85,19.2,96.1
10/15/2016,19.19,69.19,12.37,2.03,0.05,17.89,96.19
10/16/2016,19.55,63.15,11.58,1.2,0.01,15.84,96.52
10/17/2016,23.44,49.81,11.16,1.45,0.01,13.47,96.93
10/18/2016,23.82,53.1,13.28,1.46,0.13,11.14,96.91
10/19/2016,24.28,48.91,11.15,2.57,0,18.72,96.53
10/20/2016,22.89,48.56,10.86,1.41,0,16.33,96.23
10/21/2016,22.11,54.3,11.35,2.05,0,18.26,96.17
10/22/2016,20.61,59.83,10.98,3.76,0,19.03,96.18
10/23/2016,19.81,59.63,10.68,3.75,0.04,17.61,95.94
10/24/2016,19.54,65.06,11.86,2.62,0.04,12.6,95.8
10/25/2016,21.81,55.2,12.11,1.99,0.28,7.99,96.2
10/26/2016,20.14,59.48,11.98,3.34,1.57,5.38,96.61
10/27/2016,22.17,49,10.37,2.46,0,10.42,96.83
10/28/2016,23.38,38.5,7.89,1.88,0,12.98,96.98
10/29/2016,23.15,39.28,7.73,1.93,0,8.79,96.93
10/30/2016,23.85,40.67,8.57,1.4,0,14.01,96.63
10/31/2016,23.44,38.35,7.3,1.99,0,15.95,96.64
11/1/2016,23.71,37.77,7.98,1.6,0.03,10.78,96.88
11/2/2016,23.34,37.16,6.78,2.43,0.01,13.95,96.81
11/3/2016,23.36,32.78,5.44,2.66,0.34,7.92,96.55
11/4/2016,19.83,54.25,9.87,2.34,1.84,7.89,96.55
11/5/2016,19.8,56.67,10.36,2.63,0.15,14.32,96.46
11/6/2016,17.57,69.03,11.45,1.79,5.21,12.09,96.34
11/7/2016,14.21,76.48,9.95,2.16,6.32,9.12,96.54
11/8/2016,12.97,62.63,5.14,2.87,0.19,17.22,97.21
11/9/2016,13.69,45.33,0.93,1.41,0,17.09,97.47
11/10/2016,14.39,51.53,3.13,1.78,0.07,12.17,97.33
11/11/2016,14.91,67.45,8.33,2.72,0.05,16.07,97.15
11/12/2016,15.2,61.09,6.89,1.69,0,16.09,96.95
11/13/2016,15.2,57.03,6.01,1.06,0,12.14,96.69
11/14/2016,16.34,45.59,3.44,1.79,0,16.02,96.62
11/15/2016,16.62,40.52,2.18,1.12,0,15.07,96.56
11/16/2016,16.64,39.49,1.86,2.14,0,15.83,96.59
11/17/2016,16.47,36.61,0.39,1.7,0,16.08,96.61
11/18/2016,15.31,44.75,1.94,1.62,0.07,15.76,96.53
11/19/2016,13.5,65.99,6.7,1.11,0.34,15.27,96.63
11/20/2016,13.95,69.37,7.58,1.27,0.29,15.09,96.51
11/21/2016,14.91,82.79,11.63,2.92,3.63,14.47,96.15
11/22/2016,12.74,84.81,10.2,4.42,28.62,5.78,95.63
11/23/2016,10.37,84.61,7.82,3.95,16.57,9.52,95.98
11/24/2016,11.55,75.67,7.03,2.62,1.7,13.71,96.5
11/25/2016,13.15,66.04,6.51,3.66,6.28,14.37,96.05
11/26/2016,13.82,77.98,9.77,5.26,4.64,12.37,95.72
11/27/2016,12.93,86,10.55,4.46,7.87,8.17,95.99
11/28/2016,12.9,76.95,8.51,1.44,1.73,13.6,96.32
11/29/2016,14.13,58.91,5.51,1.13,0,12.27,96.38
11/30/2016,14.91,58.66,6.41,2.04,0.01,9.26,96.74
12/1/2016,16.3,56.7,7.15,2.4,0,11.58,96.92
12/2/2016,16.5,62.57,9.28,3.15,5.31,4.65,96.49
12/3/2016,17.37,67.54,10.78,3.62,12.33,5.73,95.87
12/4/2016,14.76,82.09,11.42,4.31,1.4,10.47,96.04
12/5/2016,14.84,85.83,12.33,3.2,9.3,12.45,96.64
12/6/2016,14.46,83.5,11.36,1.98,1.1,11.37,97.03
12/7/2016,15.44,63.97,8.06,1.51,0.13,12.55,97.05
12/8/2016,14.96,65.84,7.99,1.91,0,10.94,97.22
12/9/2016,14.98,62.81,7.3,1.44,0,13.51,97.39
12/10/2016,14.53,59.65,6.21,1.8,0,12.34,97.31
12/11/2016,14.7,60.75,6.58,1.56,0.3,12.39,97.09
12/12/2016,13.87,63.16,6.23,1.56,0,12.92,97.07
12/13/2016,12.97,62.74,5.16,1.43,0,13.76,97.08
12/14/2016,13.13,68.96,6.86,1.87,1.79,12.3,97.18
12/15/2016,11.58,77.84,7.43,1.21,1.42,11.3,97.34
12/16/2016,9.01,88.81,7.2,2.94,14.28,7.43,97.04
12/17/2016,8.48,85.95,6.15,1.51,6.27,9.71,96.48
12/18/2016,8.14,75.48,3.38,1.35,0.13,12.84,96.39
12/19/2016,8.93,87.34,6.87,2.3,2.08,9.29,96.64
12/20/2016,10.22,81.37,6.65,1.39,0.39,13.08,97.05
12/21/2016,10,71.34,4.25,1.88,0,13.67,97.34
12/22/2016,10.96,62.97,3.44,1.46,0,13.38,97.54
12/23/2016,11.75,60.91,3.84,1.46,0,12.73,97.73
12/24/2016,11.88,62.81,4.27,1.33,0,13.39,97.73
12/25/2016,10.84,68.88,4.8,2.4,0,11.25,97.68
12/26/2016,11.28,65.43,4.29,1.77,0,6.02,97.58
12/27/2016,12.81,56.03,3.32,1.24,0,13.13,97.44
12/28/2016,13.19,60.47,5.09,1.45,0,13.52,97.36
12/29/2016,11.44,68.83,5.23,1.87,0,13.64,97.53
12/30/2016,11.65,62.31,3.73,1.35,0,13.76,97.64
12/31/2016,10.85,58.56,2.36,1.62,0,13.68,97.5
1/1/2017,11.07,54.47,1.4,1.5,0,13.21,97.12
1/2/2017,10.61,47.4,-1.51,2.28,0,12.91,96.72
1/3/2017,11.32,46.89,-1.08,2.06,0,13.28,97.21
1/4/2017,12.35,48.94,0.69,1.71,0,14.09,97.3
1/5/2017,12.91,45.37,0.18,1.73,0,13.22,97.03
1/6/2017,12.69,47.76,1.05,1.34,0,12.26,97.03
1/7/2017,12.52,47.22,0.52,1.48,0,13.36,97.23
1/8/2017,11.57,56.33,2.71,1.94,0,9.64,97.27
1/9/2017,11.01,64.14,3.62,1.32,0,14.16,97.2
1/10/2017,9.78,72.03,4.11,1.48,0,14.79,97.13
1/11/2017,10.64,70.95,5.22,2.71,0.03,13.32,96.99
1/12/2017,11.53,64.07,3.72,2.17,0,14.98,97.08
1/13/2017,10.44,68.94,3.96,1.5,0.01,14.72,97.32
1/14/2017,10.02,81.27,6.77,2.45,0.02,8.37,96.97
1/15/2017,8.21,69.7,1.87,2.39,0,15.29,96.97
1/16/2017,9.86,55.46,0.08,1.38,0,15.18,97.08
1/17/2017,9.78,60.23,1.03,1.54,0.01,15.49,96.83
1/18/2017,9.37,75.03,4.54,1.24,0.26,14.53,96.43
1/19/2017,7.07,80.99,3.67,2.34,6.51,6.71,96.38
1/20/2017,6.35,72.35,1.12,1.72,0.35,15.05,96.69
1/21/2017,6.19,81.17,3.07,1.7,4.07,9.13,96.63
1/22/2017,7.17,74.48,2.34,1.37,0.02,15.85,96.95
1/23/2017,7.11,84.36,4.42,1.7,1.77,11.52,97.08
1/24/2017,7.38,67.83,0.86,1.74,0,16.13,97.27
1/25/2017,9.51,55.04,0,2,0,15.06,97
1/26/2017,11.94,46.91,-0.28,3.76,1.78,13.81,96.62
1/27/2017,11.92,82.35,8.75,2.89,2.49,11.11,97.04
1/28/2017,11.24,72.19,5.68,1.96,0.07,16.26,97.24
1/29/2017,12.85,60.33,4.49,1.01,0,16.48,97.15
1/30/2017,14.3,53.45,3.77,1.78,0,16.52,96.92
1/31/2017,11.81,67.71,5.47,2.42,0.23,8.56,96.58
2/1/2017,11.85,73.27,6.51,1.33,0.13,15.74,96.83
2/2/2017,12.49,66.88,5.7,1.68,0.01,16.81,97.1
2/3/2017,12.54,72.04,6.83,1.26,0.06,16.45,97.34
2/4/2017,12.38,73.96,7.1,1.44,0.04,17.48,97.46
2/5/2017,13.01,71.3,7.04,2.52,0.23,17.61,97.65
2/6/2017,14.9,49.05,2.17,1.96,0.31,18.39,97.53
2/7/2017,15.48,40.37,0.03,1.41,0,18.21,97.27
2/8/2017,12.71,58,3.17,2.73,0,18.18,97.09
2/9/2017,13.34,56.44,2.73,2.82,0.07,15.86,96.7
2/10/2017,9.8,86.88,7.59,2.31,1.87,10.29,96.21
2/11/2017,11.63,79.29,7.98,3.42,17.04,10.39,95.34
2/12/2017,15.13,71.61,9.22,5.47,7.45,12.97,94.99
2/13/2017,12.32,73.01,7.1,2.69,0.77,16.5,96.35
2/14/2017,12.35,72.51,6.98,1.46,0,16.78,96.74
2/15/2017,14.13,53.7,2.77,1.57,0,18.83,96.81
2/16/2017,15.72,50.94,4.32,2.22,0,18.21,97.04
2/17/2017,15.7,51.33,4.22,1.79,0,18.89,97.01
2/18/2017,14.43,59.83,5.29,1.62,0.05,18.9,96.84
2/19/2017,10.75,85.83,8.34,2.31,4.44,12.29,96.42
2/20/2017,10.23,73.67,5.04,1.01,1.08,11.4,96.02
2/21/2017,11.29,68.67,5.03,1.03,1.57,17.19,96.09
2/22/2017,11.62,85.75,9.05,1.27,11.54,12.24,96.16
2/23/2017,12.07,85.38,9.41,2.5,2.96,14.06,96.33
2/24/2017,12.79,89.07,10.88,1.85,2.75,10.98,96.61
2/25/2017,13.37,80.14,9.49,1.61,0,14.96,96.87
2/26/2017,13.57,71.88,7.73,1.44,0,14.46,96.89
2/27/2017,13.39,73.41,8.04,1.62,0,17.88,96.79
2/28/2017,13.29,73.66,7.8,1.96,0,20.37,96.71
3/1/2017,16.28,57.93,6.46,1.49,0,20.15,96.59
3/2/2017,18.93,45.46,5.23,1.54,0,19.95,96.44
3/3/2017,12.72,68.9,6.88,2.86,0.1,13.12,96.51
3/4/2017,12.1,76.19,7.23,1.79,0.12,18.41,96.66
3/5/2017,14.79,75.99,9.83,2.28,0.09,21.56,97.04
3/6/2017,16.7,67.49,9.53,1.88,0.01,21.65,97.28
3/7/2017,18.68,56.91,8.55,1.78,0.06,22.05,97.09
3/8/2017,21.62,48.26,8.62,1.65,0,22.14,96.94
3/9/2017,22.68,46.76,8.73,1.62,0,22.49,96.92
3/10/2017,21.97,46.33,8.1,1.62,0,22.2,96.9
3/11/2017,20.83,42.85,5.52,2.43,0,23.25,96.79
3/12/2017,17.37,57.35,7.42,2.69,0.06,22.91,96.84
3/13/2017,11.74,73.21,6.27,3.08,0.64,17.29,96.77
3/14/2017,11.32,69.16,4.8,1.71,0.11,22.76,96.37
3/15/2017,13.33,66.64,6.32,1.6,0.1,20.11,96.3
3/16/2017,13.01,69.53,6.51,2.05,0.3,19.69,96.22
3/17/2017,14.04,67.84,6.69,1.42,0.03,18.35,96.11
3/18/2017,16.2,55.58,5.52,1.37,0.34,20.27,96.32
3/19/2017,14.58,67.01,8,1.27,2.82,17.73,96.47
3/20/2017,15.05,61.25,6.37,1.59,0.06,23.84,96.78
3/21/2017,14.06,70.86,7.72,2.28,0.16,19.69,97.08
3/22/2017,13.22,69.71,6.47,2.39,0.07,23.87,96.79
3/23/2017,10.38,73.81,5.48,2.24,2.2,15.46,96.56
3/24/2017,8.97,72.17,3.35,1.87,0.54,23.68,96.53
3/25/2017,10.39,60.38,1.05,1.79,0,25.04,96.5
3/26/2017,11.47,64.04,3.24,2.74,0.06,26.1,96.56
3/27/2017,13.67,60.58,5.05,1.68,0,23.53,96.96
3/28/2017,15.14,57.36,5.01,2.28,0,26.27,97.1
3/29/2017,18.73,44.19,3.46,1.58,0,25.97,96.9
3/30/2017,21.02,41.55,5.17,2.47,0,21.7,96.9
3/31/2017,21.63,42.91,6.49,1.72,0,21.5,97.04
4/1/2017,19.47,51.24,7.21,1.86,0,23.63,96.93
4/2/2017,20.51,45.04,6.01,1.6,0,24.73,96.5
4/3/2017,19.74,45.22,5.1,2.17,0,26.13,96.44
4/4/2017,19.23,50.28,6.75,2.23,0,26.67,96.37
4/5/2017,19.96,50.08,7.3,2.1,0,26.24,96.1
4/6/2017,21.25,42.56,5.63,2.03,0,24.81,95.77
4/7/2017,20.69,45.4,6.01,1.82,0,25.41,95.73
4/8/2017,20.99,46.02,7.59,2.19,0,25.3,96.18
4/9/2017,22.91,42.21,7.06,2.06,0,24,96.29
4/10/2017,21.87,40.05,5.55,3.05,0,21.4,96.56
4/11/2017,21.38,49.26,8.01,1.58,0,25.15,96.75
4/12/2017,19.48,59.74,10.7,1.76,0.09,22.19,96.71
4/13/2017,18.67,63.25,10.3,1.81,0.1,24.29,96.84
4/14/2017,19.73,58.68,9.96,2.19,0.05,27.08,96.77
4/15/2017,22.67,47.8,8.7,1.34,0,23.02,96.7
4/16/2017,23.51,43.15,8.85,1.47,0,21.17,96.56
4/17/2017,25.93,34.09,6.9,1.74,0,23.67,96.23
4/18/2017,26.71,27.53,4.51,3.15,0,22.57,95.9
4/19/2017,25.74,34.03,6.73,2.37,0,22.26,95.79
4/20/2017,21.39,58.12,11.69,3.22,0.01,26.35,95.82
4/21/2017,18.34,67.08,11.44,2.27,0.05,20.16,96.28
4/22/2017,18.57,66.22,11.2,2.38,0.02,26.67,96.4
4/23/2017,19.09,66.68,11.98,1.91,0.65,18.9,96.36
4/24/2017,18.63,66.84,11.5,2.54,0.07,19.71,96.3
4/25/2017,18.89,62.35,10.3,2.1,0.01,27.65,96.13
4/26/2017,19.72,55.84,8.56,2.12,0.04,28.45,96.02
4/27/2017,20.18,54.48,9.37,2.97,0,27.68,95.9
4/28/2017,19.17,62.33,11.03,3.84,2.44,24.58,96.06
4/29/2017,18.07,68.99,11.49,2.5,1.68,24.09,96.35
4/30/2017,18.44,63.62,10.37,2.54,0.26,21.09,96.57
5/1/2017,19.17,56.9,8.26,3.27,0,29.57,96.49
5/2/2017,23.99,43.88,8.25,2.05,0.03,25,96.01
5/3/2017,24.9,44.33,9.74,2.78,0,28.26,95.86
5/4/2017,20.2,65.93,12.2,2.87,0.01,20.57,95.88
5/5/2017,18.1,65.1,10.64,3,0.01,24.88,96.36
5/6/2017,19.9,56.63,9.56,1.98,0,29.6,96.48
5/7/2017,22.86,48.79,8.43,2.21,0,28.65,96.44
5/8/2017,23.67,44.05,8.08,2.28,0,30.02,96.4
5/9/2017,22.28,45.85,8.78,3.18,0.01,26.98,96.1
5/10/2017,19.27,61.12,10.21,3.62,0.01,27.08,95.86
5/11/2017,18.79,67.47,11.99,3.91,0.98,25.43,95.89
5/12/2017,19.12,61.95,10.34,3.1,0.13,28.26,96.36
5/13/2017,20.02,55.99,9.23,2.41,0.05,27.83,96.72
5/14/2017,21.27,53.66,9.23,3.58,0.04,30.24,96.9
5/15/2017,25.04,42.8,8.46,2.5,0,30.16,96.75
5/16/2017,29.54,30.93,7.96,1.93,0,25.36,96.6
5/17/2017,28.86,31.17,8.53,2.35,0,22.79,96.38
5/18/2017,23.23,48.84,10.17,4.12,0,27.67,96.5
5/19/2017,24.6,37.26,6.95,3.18,0,24.14,96.3
5/20/2017,32.79,23.24,6.48,3.85,0,25.46,96.12
5/21/2017,25.12,45.73,11.71,3.35,0,25.78,96.37
5/22/2017,23.68,55.58,13.07,3.23,0.04,24.74,96.27
5/23/2017,22.79,59.05,12.92,3.42,0.02,27.8,96.15
5/24/2017,20.54,65.36,13.18,2.66,0.02,21.38,96.19
5/25/2017,21.53,65.52,13.99,2.36,0.03,21.35,96.23
5/26/2017,22.36,63.65,14.12,3.11,0.09,20.64,96.25
5/27/2017,21.66,62.31,13.22,3.08,0.05,18.14,96.31
5/28/2017,21.21,57.54,10.79,2.54,0.02,29.74,96.58
5/29/2017,21.35,57.39,10.98,2.89,0.01,26.91,96.58
5/30/2017,21.44,57.71,10.97,4.15,0.06,29.32,96.32
5/31/2017,22.92,58.3,13.11,4,0.01,27.71,96.26
6/1/2017,24.61,57.21,14.33,3.34,0.01,27.95,96.35
6/2/2017,24.71,58.98,15.19,3.34,0.05,25.69,96.4
6/3/2017,24.21,57.47,14.22,4.04,0.01,28.36,96.48
6/4/2017,22.2,53.63,10.44,3.87,0.01,30.28,96.65
6/5/2017,22.38,47.07,7.43,4.04,0,31.9,96.53
6/6/2017,23.71,45.57,8.33,4.05,0,30.32,96.36
6/7/2017,28.06,37.73,8.82,2.58,0,25.5,96.13
6/8/2017,26.04,44.61,11.35,2.54,0,29.06,96.22
6/9/2017,27.37,42.51,11.02,2.77,0,27.48,96.28
6/10/2017,30.84,35.78,10.71,2.7,0,27.47,96.15
6/11/2017,33.97,25.8,8.6,2.69,0,26.24,96.01
6/12/2017,28.76,43.73,13.67,3.17,0.04,29.75,96.01
6/13/2017,23.59,58.91,13.91,3.53,0.03,27.29,96.13
6/14/2017,24.69,54.26,13.2,3.24,0.01,26.37,96.32
6/15/2017,27.23,52.77,15.18,3.11,0.15,29.03,96.34
6/16/2017,32.85,36.53,13.49,2.72,0.16,26.44,96.21
6/17/2017,34.09,28.61,11.41,2.83,0,26.91,96.12
6/18/2017,33.3,31.11,12.36,1.77,0.5,24.71,96.1
6/19/2017,30.99,36.86,13.7,2.96,0,29.18,96.23
6/20/2017,28.22,48.66,14.55,3.11,0,28.68,96.39
6/21/2017,28,47.6,13.2,3.06,0,30.71,96.45
6/22/2017,30.03,35.98,9.34,2.19,0,30.38,96.67
6/23/2017,33.78,19.73,4.32,4.34,0,30.44,96.65
6/24/2017,35.21,22.54,8.88,3.01,0.27,20.19,96.21
6/25/2017,34.75,21.24,8.14,4.02,0.08,24.21,96.09
6/26/2017,33.35,26.88,10,3.17,0,23.15,96.13
6/27/2017,27.47,42,12.3,3.49,0,26.7,96.44
6/28/2017,25.27,46.37,10.6,3.82,0,31.7,96.57
6/29/2017,22.92,53.22,11.61,5.08,0.02,30.84,96.5
6/30/2017,21.58,43.99,6.5,6.33,0,31.76,96.55
7/1/2017,23.18,39.59,4.34,5,0,31.34,96.36
7/2/2017,26.8,38.26,7.1,2.56,0,31.3,96.22
7/3/2017,28.33,36.76,9.61,2.94,0,30.99,96.32
7/4/2017,26.21,49.57,12.96,3.39,0,29.62,96.4
7/5/2017,24.68,56.65,13.94,3.84,0,24.03,96.42
7/6/2017,24.5,55.24,13.19,4.44,0.13,26.71,96.43
7/7/2017,24.34,50.12,11.35,4.31,0,30.46,96.58
7/8/2017,24.92,47.23,10.06,3.53,0,31.42,96.62
7/9/2017,24.86,54.42,13,4.15,0.03,30.93,96.41
7/10/2017,25.09,54.23,13.56,4.94,0.01,29.57,96.15
7/11/2017,28.94,45.07,11.34,3.26,0,29.29,96.11
7/12/2017,33.58,26.69,6.44,2.69,0,28.7,96.35
7/13/2017,34.53,22.4,6.47,2.21,0,29.84,96.43
7/14/2017,35.67,18.89,3.68,2.34,0,29.64,96.34
7/15/2017,35.62,19.23,3.99,2.06,0,29.15,96.28
7/16/2017,36.31,16.5,4.01,2.37,0,26.51,96.24
7/17/2017,34.37,23.65,8.47,2.21,0,23.79,96.11
7/18/2017,30.43,37.73,13.31,3.19,0,27,96.23
7/19/2017,28.38,42.93,12.07,3.53,0,28.5,96.44
7/20/2017,24.6,52.16,12.75,4.05,0,30.1,96.44
7/21/2017,22.78,52.85,11.47,4.19,0.04,30,96.35
7/22/2017,23.58,50.1,11.02,3.74,0,29.67,96.4
7/23/2017,27.38,42.57,10.8,3.86,0,26.03,96.58
7/24/2017,32.44,30.75,9.35,3.63,0,25.33,96.47
7/25/2017,30.16,32.93,10.05,3.05,0,28.18,96.28
7/26/2017,29.97,31.41,7.38,2.59,0,29.76,96.21
7/27/2017,30.06,31.87,9.12,2.95,0,29.72,96.27
7/28/2017,29.89,36.85,10.19,3.1,0,29.66,96.42
7/29/2017,31.54,25.52,5.39,2.64,0,30.16,96.44
7/30/2017,29.16,34.73,9,2.69,0,29.91,96.27
7/31/2017,26.24,48.15,12.24,3.56,0.16,29.67,96.19
8/1/2017,24.38,49.09,11.17,3.62,0,27.19,96.4
8/2/2017,25.98,46.27,11.38,4.1,0,28.8,96.52
8/3/2017,28.68,39.32,10.23,3.6,0,26.89,96.48
8/4/2017,34.21,23.54,7.72,2.12,0,24.54,96.27
8/5/2017,35.42,25.45,10.74,1.94,0.23,20.94,96.26
8/6/2017,36.96,21.46,9.22,2.81,0.18,20.46,96.21
8/7/2017,38.07,16.34,6.49,3.29,0,21.5,96.19
8/8/2017,35.69,19.2,6.74,2.68,0,25.05,96.33
8/9/2017,29.68,29.29,8.45,3.42,0,25.77,96.5
8/10/2017,26.91,36.58,7.81,3.42,0,28.5,96.44
8/11/2017,27.34,42.4,10.74,2.83,0,28.71,96.31
8/12/2017,27.91,45.24,12.74,2.48,0,26.41,96.34
8/13/2017,28.21,46.42,13.69,2.77,0,27.23,96.17
8/14/2017,27.31,51.6,15.08,2.81,0,27.52,96.23
8/15/2017,28.73,48.48,14.49,2.61,0,28.56,96.53
8/16/2017,30.9,40.9,13.5,3.66,0,28.08,96.54
8/17/2017,30.55,33.53,10.13,3.37,0,27.54,96.45
8/18/2017,29.01,42.62,12.71,3.16,0,26.8,96.39
8/19/2017,30.65,46.76,15.39,2.81,0,24.22,96.28
8/20/2017,33.02,34.19,12.3,1.75,0,22.6,96.33
8/21/2017,33.53,30.49,11.63,2.24,0,24.36,96.32
8/22/2017,32.48,31.1,11.7,2.06,0.07,24.45,96.28
8/23/2017,32.08,31.74,12.09,2.65,0.67,21.47,96.24
8/24/2017,33.98,25.8,10.04,2.24,0.26,22.69,96.23
8/25/2017,35.33,21.93,8.94,2.66,0.02,23.36,96.22
8/26/2017,32.76,25.7,9.98,2.5,0.89,20.79,96.19
8/27/2017,29.31,39.44,12.7,3.7,0.13,21.28,96.3
8/28/2017,24.03,53.51,12.67,3.84,0.03,22.84,96.5
8/29/2017,22.77,56.76,12.17,3.25,0,25.45,96.37
8/30/2017,22.76,55.85,11.82,4.02,0.01,25.48,96.24
8/31/2017,24.63,58.13,14.57,4,0,26.22,96.15
9/1/2017,26.14,56.57,15.14,2.78,0,25.97,96.27
9/2/2017,28.93,46.29,13.65,2.43,0,25.82,96.4
9/3/2017,29.2,44.88,13.73,2.58,0,25.6,96.5
9/4/2017,26.62,47.84,11.96,2.91,0,26.5,96.6
9/5/2017,25.79,48.69,11.13,3.72,0,26.23,96.67
9/6/2017,28.01,41.67,10.56,2.58,0,24.36,96.47
9/7/2017,29.06,35.82,9.61,2.27,0,24.8,96.26
9/8/2017,28.72,32.35,7.98,2.09,0,25.86,96.26
9/9/2017,24.56,48.18,10.58,2.93,0,26.06,96.43
9/10/2017,22.27,54.51,11.31,3.76,0,24.72,96.35
9/11/2017,24.65,42.97,8.19,2.84,0,24.53,96.15
9/12/2017,28.27,26.94,4.34,2.17,0,24.41,96.29
9/13/2017,28.84,28.56,7.3,2.28,0,22.56,96.78
9/14/2017,30.52,24.78,6.99,1.1,0,16.64,96.71
9/15/2017,26.44,38.22,9.69,2.71,0,22.56,96.48
9/16/2017,21.53,47.18,8.25,2.79,0,22.06,96.47
9/17/2017,20.86,49.69,8.07,2.14,0,25.02,96.71
9/18/2017,21.71,48.02,7.52,2.3,0,25.21,96.96
9/19/2017,22.61,45.15,7.41,2.77,0,24.81,96.86
9/20/2017,22.36,53.99,10.4,2.54,0,23.72,96.59
9/21/2017,22.45,57.5,12.04,3.48,0,21.96,96.45
9/22/2017,24.17,52.6,11.67,3.01,0,21.75,96.36
9/23/2017,26.32,41.74,10.5,2.3,0,19.1,96.49
9/24/2017,28.91,27.77,6.66,1.86,0,19.35,96.69
9/25/2017,27.72,26.94,5.12,2.29,0,17.65,96.8
9/26/2017,22.94,51.4,11.19,3.07,1.45,9.87,96.77
9/27/2017,23.18,54.61,12.33,3.17,0.06,20.8,96.62
9/28/2017,23.7,54.19,12.54,2.52,0.01,22.03,96.72
9/29/2017,23.63,58.56,13.62,2.57,0.01,21.61,96.65
9/30/2017,24.87,54.16,13.24,2.97,0,22.15,96.52
10/1/2017,25.39,46.17,11.46,2.65,0,20.54,96.46
10/2/2017,27.44,34.85,8.89,2.33,0,21.21,96.32
10/3/2017,28.26,29.42,6.99,1.72,0,21.18,96.28
10/4/2017,28.51,24.23,4.63,2.25,0,20.25,96.38
10/5/2017,26.94,36.82,10.2,2.92,0,18.73,96.6
10/6/2017,26.78,34.62,7.55,2.05,0,18.96,96.6
10/7/2017,24.37,51.27,12.16,1.89,0,20.57,96.51
10/8/2017,26.43,45.96,11.87,1.56,0.46,13.41,96.55
10/9/2017,27.61,35.91,10.07,2.59,0.39,14.67,96.58
10/10/2017,28.41,33.41,9.46,2.65,0.89,15.64,96.54
10/11/2017,27.49,30.78,8.28,2.48,0,13.07,96.76
10/12/2017,29.78,22.81,5.19,2.38,0.05,18.27,97.01
10/13/2017,29.04,25.09,6.18,2.19,0,12.89,97.08
10/14/2017,28.12,21.64,3.12,1.92,0,19.16,96.95
10/15/2017,25.96,25.49,4.06,2.97,0,17.18,96.88
10/16/2017,25.53,27.63,5.21,1.3,0.01,8.11,97.09
10/17/2017,24.4,41.38,9.42,3.11,0.16,13.14,96.99
10/18/2017,19.58,68.56,13.18,3.15,1.04,14.5,96.87
10/19/2017,20.55,69.12,14.03,3.15,0.45,15.62,96.77
10/20/2017,20.87,64.31,12.82,2.84,0.04,18.67,96.83
10/21/2017,21.36,59.72,11.92,2.55,0.05,18.79,96.97
10/22/2017,21.84,59.95,12.16,2.59,0.04,17.85,96.92
10/23/2017,23.85,41.12,7.76,1.57,0.02,18.67,96.72
10/24/2017,24.26,30.36,4.22,1.79,0,18.58,96.78
10/25/2017,24.66,27.31,3.53,2.11,0,18.09,96.83
10/26/2017,24.28,27.59,3.5,2.96,0,18.24,96.97
10/27/2017,23.62,29.93,3.52,1.97,0,17.71,97.14
10/28/2017,23.19,33.28,4.36,1.61,0,18.27,96.84
10/29/2017,23,31.84,2.93,1.45,0,17.96,96.62
10/30/2017,21.47,38.5,4.42,1.62,0,17.99,96.39
10/31/2017,20.24,40.4,4.12,1.81,0,18.02,96.49
11/1/2017,19.81,45.28,4.98,1.6,0,17.97,96.63
11/2/2017,20.11,46.74,5.12,2.43,0,16.06,96.55
11/3/2017,17.82,64.77,10.29,2.13,0.01,13.33,96.44
11/4/2017,17.88,67.59,10.69,1.77,0.08,16.22,96.69
11/5/2017,17.4,59.92,7.9,3.66,0.03,16.79,96.77
11/6/2017,19.1,42.36,3.6,2.26,0,15.24,96.43
11/7/2017,21.78,27.37,0.64,1.66,0,15.13,96.36
11/8/2017,20.2,31.71,1.56,2.42,0,12.42,96.63
11/9/2017,17.8,47.12,4.43,2.63,0,15.56,96.8
11/10/2017,15.41,49.65,2.23,3.4,0,17.33,97.08
11/11/2017,17.41,20.67,-6.84,1.48,0,16.88,97.03
11/12/2017,17.42,28.36,-3.97,1.62,0,16.59,96.96
11/13/2017,16.13,40.75,0.2,1.55,0,16.71,96.7
11/14/2017,14.82,51.5,2.85,1.7,0,16.67,96.5
11/15/2017,16.51,33.79,-1.83,1.27,0,16.15,96.49
11/16/2017,17.53,34.94,-1.34,1.46,0,14.67,96.59
11/17/2017,17.22,37.34,-0.43,1.38,0,15.59,96.55
11/18/2017,17.24,37.3,-0.16,1.15,0,15.37,96.43
11/19/2017,17.86,27.5,-2.3,1.39,0,15.08,96.49
11/20/2017,18.39,24.23,-3.54,2.12,0,14.93,96.82
11/21/2017,18.03,28.46,-1.95,1.52,0,15.01,96.75
11/22/2017,16.83,27.25,-3.11,1.85,0,12.38,96.49
11/23/2017,17.04,22.02,-5.57,1.45,0,14.61,96.66
11/24/2017,18.53,18.43,-6.13,1.59,0,11.88,96.79
11/25/2017,18.97,18.88,-5.64,1.55,0,11.78,96.88
11/26/2017,19.24,22.37,-3.38,1.66,0,11.46,97.08
11/27/2017,20.83,18.99,-4.11,2.1,0,13.73,97.15
11/28/2017,21.06,18.72,-4.14,2.54,0.01,10.72,96.73
11/29/2017,18.62,38.03,2.82,3.66,2.23,11.75,96.31
11/30/2017,13.89,79.56,10.21,3.22,36.21,6.84,96.43
12/1/2017,9.44,67.67,3.08,2.18,0.03,9.95,96.82
12/2/2017,8.85,53.82,-1.38,2.36,0,14.68,96.85
12/3/2017,9.72,53.4,-0.33,2.08,0,14.74,96.99
12/4/2017,11.64,42.49,-1.65,1.82,0,13.98,97.37
12/5/2017,11.93,50.4,0.72,1.93,0,13.86,97.68
12/6/2017,11.68,49.56,0.32,1.24,0,14.21,97.57
12/7/2017,11.03,42.9,-2.14,1.46,0,14.31,97.51
12/8/2017,11.52,39.37,-3.26,1.54,0,14.2,97.58
12/9/2017,13.03,41.15,-1.53,1.53,0.01,13.57,97.54
12/10/2017,14.39,56.28,4.77,1.51,0.01,13.68,97.08
12/11/2017,10.11,85.25,7.6,3.91,21.31,3.66,96.09
12/12/2017,8.53,73.04,3.4,3.11,1.23,8.79,96.47
12/13/2017,7.69,64.81,0.47,2.18,0,13.41,97.18
12/14/2017,11.5,55.47,1.96,1.44,0,13.42,97.18
12/15/2017,11.55,69.94,5.44,1.15,0.07,13.42,96.88
12/16/2017,12.92,85.5,10.38,2.46,3.33,9.19,96.75
12/17/2017,9.82,73.89,4.57,2.78,0.27,12.03,97.07
12/18/2017,10.61,64.36,3.41,1.36,0,13.86,97.28
12/19/2017,10.77,59.25,2.18,1.79,0,13.95,97.22
12/20/2017,10.91,50.53,-0.2,1.34,0,14.08,97.4
12/21/2017,10.39,54.32,0.63,1.63,0,13.92,97.83
12/22/2017,10.77,53.47,0.96,1.89,0,14,98.01
12/23/2017,11.24,54.57,1.79,1.11,0,13.94,97.82
12/24/2017,10.72,58.2,1.91,1.6,0,13.77,97.58
12/25/2017,10.49,61.88,2.49,1.67,0,13.78,97.54
12/26/2017,10.65,58.63,1.78,1.25,0,14.03,97.51
12/27/2017,11.12,74.19,6.2,1.59,0.07,13.35,97.35
12/28/2017,12.2,77.57,7.73,1.92,0.18,13.75,97.18
12/29/2017,12.29,68.57,5.75,2.43,0.12,13.96,97.29
12/30/2017,14.81,47.8,2.87,1.59,0,11.7,97.49
12/31/2017,15.86,47.24,2.95,1.59,1.68,9.96,97.69
1/1/2018,13.23,63.06,4.86,2.49,3.36,14.12,97.84
1/2/2018,13.89,45.06,0.75,2.39,0,14.28,97.87
1/3/2018,13.61,50.26,1.86,1.89,0.85,14.3,97.86
1/4/2018,14.5,52.3,3.33,1.01,0.98,14.26,97.59
1/5/2018,12.73,65.41,5.2,2.58,1.58,14.06,96.68
1/6/2018,9.62,79.55,6.05,4.91,18.03,9.48,95.71
1/7/2018,7.87,89.7,6.25,3.35,19.3,6.88,95.63
1/8/2018,8.52,86.02,6.11,2.93,2.74,12.02,96.45
1/9/2018,10.81,78.16,6.69,2.02,0.62,12.85,97.11
1/10/2018,13.09,86.3,10.76,2.22,3.36,9.89,97.49
1/11/2018,12.06,81.3,8.5,2.33,0.23,13.9,97.47
1/12/2018,12.44,55.24,2.55,1.45,0,14.59,97.07
1/13/2018,11.18,66.37,4.75,1.87,0.14,10.37,97.09
1/14/2018,10.42,80.84,6.85,1.4,1.02,9.05,97.01
1/15/2018,8.46,78.28,4.31,3.94,1.21,9.72,96.91
1/16/2018,9.2,71.05,2.85,2.5,0,13.8,97.18
1/17/2018,10.79,61.1,2.18,1.78,0,11.96,96.89
1/18/2018,10.45,74.61,5.49,1.39,0.02,7.8,96.51
1/19/2018,10.95,81.91,7.63,1.67,0.07,12.37,96.97
1/20/2018,11.44,60.09,3,2.3,0,15.5,97.55
1/21/2018,12.51,48.47,0.44,2.43,0,15.78,97.67
1/22/2018,12.63,58.5,3.44,1.52,0.16,15.85,97.43
1/23/2018,12.95,63.5,5.05,1.41,0.07,15.81,97.3
1/24/2018,13.12,59.19,3.85,1.48,0.01,15.79,97.26
1/25/2018,10.79,73.05,5.58,1.11,0.54,10.83,97.35
1/26/2018,9.11,76.71,4.68,3.18,1.69,8.57,97.49
1/27/2018,7.12,71.01,1.45,3.04,0,16.75,97.35
1/28/2018,6.69,63.57,-1.04,2.01,0,14.64,96.84
1/29/2018,7.78,57.96,-0.51,1.04,2.21,13.06,96.51
1/30/2018,9.37,62.24,1.57,1.2,0,10.59,96.49
1/31/2018,9.16,69.87,3.31,1.26,0,12.57,96.47
2/1/2018,10.73,64.64,3.26,1.54,0.05,15.44,96.47
2/2/2018,9.22,75.09,4.33,2.86,1.74,9.4,96.45
2/3/2018,6.41,64.82,-1.27,2.96,0,17.22,96.79
2/4/2018,7.88,68.71,1.75,2.78,17,15.08,96.39
2/5/2018,7.21,86.18,4.86,3.06,9.66,12.06,96.03
2/6/2018,7.49,83.71,4.66,2.92,8.73,10.27,96.32
2/7/2018,6.29,84.85,3.71,1.98,5.08,9.35,96.09
2/8/2018,6.59,85.34,4.07,1.88,4,8.61,96.53
2/9/2018,8,74.04,3.01,1.31,0.51,17.07,97.19
2/10/2018,9.78,71.2,4.39,1.86,0.02,16.42,97.11
2/11/2018,9.83,70.96,3.74,2.35,0,18.21,97.15
2/12/2018,12.12,61.41,3.7,1.43,0,18.45,97.08
2/13/2018,12.83,59.91,4.02,1.31,0,16.3,97.03
2/14/2018,13.12,55.63,2.96,1.32,0,18.98,97.03
2/15/2018,14.64,49.35,2.54,1.19,0,16.92,97.09
2/16/2018,13.19,64.13,5.79,1.13,0,10.59,97.1
2/17/2018,11.99,69.95,5.51,1.79,0,17.79,97
2/18/2018,13.26,61.5,4.63,1.43,0,18.72,96.64
2/19/2018,13.33,64.93,5.94,1.72,0,17.7,96.39
2/20/2018,12.17,70.57,5.94,2.14,0,18.49,96.18
2/21/2018,11.82,73.42,6.18,1.43,0.01,17.18,95.88
2/22/2018,12.2,72,6.3,1.4,0.06,20.39,95.69
2/23/2018,11.3,75.11,6.17,1.87,0.01,16.49,95.31
2/24/2018,11.45,74.81,6.49,1.77,0.05,16.65,95.52
2/25/2018,14.42,60.89,5.95,1.82,0,19.4,95.78
2/26/2018,13.29,71.07,7.89,3.74,3.9,13.51,95.67
2/27/2018,13.54,59.58,4.19,1.95,0.03,21.31,95.83
2/28/2018,14.86,63.88,7.08,4.48,2.84,14.33,95.16
3/1/2018,15.66,71.35,10.1,7.48,1.2,19.66,95.44
3/2/2018,16.3,68.4,9.77,4.21,0.06,20.61,95.85
3/3/2018,15.73,76.48,11.08,4.06,11.24,18.13,95.64
3/4/2018,14.04,70.68,8.32,5.77,0.8,21.48,95.92
3/5/2018,14.46,81.69,11.14,4.92,4.67,16.07,96.04
3/6/2018,15.44,86.61,13.04,4.68,9.52,12.14,96.06
3/7/2018,17.12,82.33,13.63,3.65,3.84,16.22,96.27
3/8/2018,15.95,79.35,11.86,2.36,1.34,17.17,96.52
3/9/2018,17.29,66.62,9.64,2.23,0.02,21.76,96.47
3/10/2018,15.92,67.17,9.26,4.39,0.14,20.8,96.4
3/11/2018,13.42,75.42,8.53,2.81,0.58,21.69,96.84
3/12/2018,14.57,70.17,7.75,1.91,0.03,23.17,96.97
3/13/2018,15.34,70.5,8.88,1.24,0.01,21.75,96.87
3/14/2018,15.84,69.51,8.48,2.63,0.08,19.46,96.52
3/15/2018,12.55,83.14,9.6,3.38,6.9,12.09,96.15
3/16/2018,10.58,79.05,6.74,2.22,2.41,16.19,96.36
3/17/2018,11.06,72.03,5.4,2.58,0.1,23.7,96.61
3/18/2018,13.72,76.67,9.12,3.31,1.88,20.36,96.62
3/19/2018,13.96,74.57,8.63,1.41,0.11,22.27,96.81
3/20/2018,11.69,75.83,6.95,2.44,0.64,23.01,96.86
3/21/2018,10.02,67.75,3.19,2.55,0.02,25.55,97.22
3/22/2018,10.11,63.13,1.55,2.11,0,26.12,97.39
3/23/2018,12.23,56.43,1.17,1.79,0.01,25.4,97.13
3/24/2018,12.93,74.36,8.04,3.02,0.92,20.78,96.72
3/25/2018,13.18,73.35,7.49,1.87,0.29,24.34,96.76
3/26/2018,14.06,66.22,6.56,3.45,0.13,26.13,97
3/27/2018,16.75,48.42,2.89,1.84,0,25.38,97.06
3/28/2018,18.92,48.16,5.88,1.99,0,20.45,96.78
3/29/2018,16.41,62.3,8.25,1.29,0,19.64,96.4
3/30/2018,14.27,70.36,7.88,2.29,0.03,22.78,96.57
3/31/2018,14.54,68.53,7.54,2.84,0,26.36,96.55
4/1/2018,16.99,62.65,8.32,2.39,0,24.6,95.96
4/2/2018,15.41,72.76,9.48,2.15,0.01,19.86,95.96
4/3/2018,15.64,73.64,10.13,1.83,0.01,23.31,96.21
4/4/2018,15.52,71.72,9.63,3.43,0,21.39,96.46
4/5/2018,16.14,70.5,9.85,2.24,0.01,24.98,96.15
4/6/2018,14.08,72.78,8.38,2.03,0.28,22.8,96.08
4/7/2018,13.24,69.3,6.77,2.84,5.42,22.31,96.24
4/8/2018,13.11,71.53,7.32,2.03,1.09,22.61,96.6
4/9/2018,11.68,73.07,6.31,2.72,1.45,14.68,96.47
4/10/2018,13.35,71.5,7.56,3.2,1.71,26.72,96.51
4/11/2018,13.5,74.9,8.53,3.5,6.32,19.58,96.37
4/12/2018,13.78,72.85,8.37,4.2,5.59,26.08,96.25
4/13/2018,11.92,74.54,7,4.13,7.35,17.16,96.3
4/14/2018,13.43,73.65,7.91,1.89,2.11,26.53,96.81
4/15/2018,15.71,62.38,6.47,2.09,0.02,28.23,96.83
4/16/2018,18.42,56.9,7.62,2.06,0.04,28.23,96.73
4/17/2018,21.39,49.96,8.51,1.79,0,27.76,96.67
4/18/2018,23.48,42.94,7.99,1.84,0,26.59,96.55
4/19/2018,23.25,44.68,7.43,1.71,0.01,26.52,96.2
4/20/2018,16.74,71.99,10.88,4.14,0.43,13.4,96.06
4/21/2018,14.64,65.68,7.16,2.82,0.2,21.46,96.17
4/22/2018,16.21,60.73,7.49,2.07,0.04,24.84,96.11
4/23/2018,15.79,75.77,10.83,2.24,8.45,15.8,96.11
4/24/2018,15.23,80.18,11.55,2.28,2.18,18.38,96.27
4/25/2018,16.97,77.95,12.59,1.88,1.58,15.7,96.44
4/26/2018,18.76,71.68,12.5,2.12,0.15,26.46,96.48
4/27/2018,19.7,67.38,12.11,2.36,0.03,25.6,96.34
4/28/2018,16.78,73.37,11.33,3.02,0.32,19.38,96.44
4/29/2018,13.88,63.15,5.51,2.89,0.15,26.49,96.62
4/30/2018,13.22,66.24,5.54,2.64,0.01,26.27,96.47
5/1/2018,13.11,67.23,6.08,2.33,0.1,23.22,96.66
5/2/2018,14.21,61.51,5.33,2.3,0,28.83,96.48
5/3/2018,14.19,68.89,7.53,3.03,0.17,24.33,96.29
5/4/2018,15.8,67.88,8.57,1.88,0.01,27.46,96.1
5/5/2018,17.45,67.1,9.89,2.19,0.02,29.31,96.04
5/6/2018,16.07,77.66,11.74,2.86,2.81,9.9,96.05
5/7/2018,17.13,73.23,11.56,2.85,3.29,19.53,96.25
5/8/2018,17.72,74.03,12.3,1.97,4.21,18.04,96.32
5/9/2018,18.37,71.67,12.37,1.97,0.73,22.32,96.39
5/10/2018,17.95,72.28,12.17,2.51,0.5,24.82,96.43
5/11/2018,17.77,71.27,11.94,2.88,0,29.26,96.64
5/12/2018,17.74,65.11,9.94,3.37,0,30.03,96.75
5/13/2018,17.26,61.89,8.47,4.2,0,30.34,96.6
5/14/2018,17.61,59.48,7.63,3.84,0,30.98,96.33
5/15/2018,18.79,61.94,9.49,2.66,0,30.07,95.99
5/16/2018,18.47,71.33,12.21,2.27,13.2,15.44,95.75
5/17/2018,18.43,69.08,11.76,2.83,0.4,27.45,96.01
5/18/2018,18.93,72.38,13.07,2.2,1.67,21.49,96.12
5/19/2018,19.21,69.38,12.39,1.99,1.02,18.21,96.19
5/20/2018,18.5,70.39,12.23,2.19,0.5,20.75,96.15
5/21/2018,18.83,67.04,11.49,2.45,0.47,21.68,96.15
5/22/2018,18.85,68.24,11.86,2.76,0.08,27.27,96.24
5/23/2018,17.82,73.2,12.44,3.06,0.28,20.63,96.38
5/24/2018,16.8,67.66,9.74,2.93,0.7,23,96.42
5/25/2018,17.86,64.97,9.87,2.32,0.18,27.72,96.33
5/26/2018,17.34,68.79,10.78,2.02,0.1,16.14,96.25
5/27/2018,17.9,68.2,10.97,2.68,0.26,24.34,96.53
5/28/2018,18.28,66.54,10.79,2.86,0.12,24.11,96.55
5/29/2018,17.92,64.38,9.82,2.89,0.09,28.04,96.57
5/30/2018,18.25,64.67,9.96,2.67,0.02,31.25,96.49
5/31/2018,19.3,65.69,11.61,3.56,0.01,30.76,96.58
6/1/2018,19.68,63.65,11.35,3.91,0,30.43,96.68
6/2/2018,17.79,62.98,9.52,3.67,0.04,26.79,96.69
6/3/2018,18.7,60.89,8.98,3.23,0,31.56,96.62
6/4/2018,19.52,63.32,10.93,3.72,0.01,31.58,96.59
6/5/2018,19.84,62.39,11.33,3.63,0,29.19,96.53
6/6/2018,19.83,61.72,10.77,3.34,0.01,30.96,96.63
6/7/2018,20.5,58.52,9.92,2.77,0,31.29,96.68
6/8/2018,20.09,65.19,12.13,2.71,0.01,31.44,96.54
6/9/2018,19.45,62.6,11.19,2.93,0.04,20.35,96.43
6/10/2018,18.79,61.57,10.18,2.93,0.01,24.29,96.45
6/11/2018,19.38,62.01,10.58,3.52,0.01,30.69,96.5
6/12/2018,19.88,62.91,11.22,3.47,0,30.81,96.63
6/13/2018,20.31,63.31,11.64,3.67,0.01,30.07,96.58
6/14/2018,21.18,63.95,13.13,3.51,0.01,25.88,96.35
6/15/2018,22.93,59.95,13.4,3.12,0,29.97,96.24
6/16/2018,22.69,61.5,13.89,2.32,0,30.15,96.35
6/17/2018,23.96,58.75,14.14,2.28,0,29.33,96.47
6/18/2018,25.66,47.72,11.33,2.1,0,29.54,96.6
6/19/2018,24.56,50.31,11.95,2.57,0,31.47,96.47
6/20/2018,23.69,54.27,12.12,2.27,0,30.49,96.42
6/21/2018,22.72,62.1,14.12,2.83,0,22.34,96.48
6/22/2018,22.88,59.63,13.67,2.57,0,29.85,96.42
6/23/2018,23.26,60.41,14.14,3.38,0,30.23,96.35
6/24/2018,21.63,65.08,14.2,3.05,0,28.18,96.49
6/25/2018,22.58,61.73,14.02,3.13,0.01,30.8,96.59
6/26/2018,23.43,57.73,13.31,3.03,0,31.13,96.65
6/27/2018,22.65,56.88,12.06,3.19,0,31.18,96.63
6/28/2018,22.36,56.49,11.44,2.89,0,31.15,96.3
6/29/2018,22.33,55.88,11.52,2.49,0,31.31,95.96
6/30/2018,21.94,60.59,12.85,3.3,0,22.18,96.09
7/1/2018,22.14,58.34,12.23,2.65,0,30.7,96.38
7/2/2018,23.92,54.22,12.33,3.14,0,29.48,96.49
7/3/2018,24.2,56.21,13.59,3.68,0,26.34,96.56
7/4/2018,23.38,56.81,13.02,3.41,0,27.8,96.81
7/5/2018,24.03,52.06,11.83,3.29,0,29.2,96.8
7/6/2018,25.32,51.94,13.05,3.3,0,28.37,96.57
7/7/2018,26.1,52.57,13.98,3.17,0,27.98,96.42
7/8/2018,27.05,49.23,13.08,2.88,0,30.25,96.57
7/9/2018,26.78,48.32,12.94,2.4,0,29.76,96.66
7/10/2018,29.47,33.05,7.36,2.53,0,29.84,96.64
7/11/2018,27.58,40.68,10.76,2.33,0,27.94,96.52
7/12/2018,22.43,57.16,12.16,3.04,0,28.3,96.56
7/13/2018,23.12,53.65,11.57,2.65,0,30.35,96.6
7/14/2018,23.41,55.06,12.3,3.49,0,24.19,96.77
7/15/2018,23.11,54.63,12.04,4.04,0,27.71,96.85
7/16/2018,24.3,51.76,11.72,4.73,0,29.14,96.6
7/17/2018,25.61,50.17,12.78,3.51,0,28.03,96.29
7/18/2018,26.28,47.69,12.8,3.49,0,25.36,96.37
7/19/2018,26.88,47.52,13.69,3.39,0,21.77,96.41
7/20/2018,26.5,46.17,12.23,3.63,0,24.19,96.46
7/21/2018,26.04,46.75,11.79,3.37,0,23.53,96.35
7/22/2018,25.49,50.07,12.14,2.71,0,29.11,96.3
7/23/2018,26.43,50.28,13.57,2.93,0,28.02,96.41
7/24/2018,26.21,50.47,13.31,3.21,0,28.47,96.45
7/25/2018,25.33,49.87,12.31,3.12,0,28.78,96.44
7/26/2018,24.61,52.18,12.27,3.6,0,29.37,96.32
7/27/2018,24.51,54.36,13.19,3.53,0,28.47,96.31
7/28/2018,27.41,46.19,12.8,3.19,0,26.18,96.48
7/29/2018,26.85,44.44,12.65,2.88,0,27.56,96.7
7/30/2018,25.1,48.76,10.88,3.5,0.01,29.57,96.6
7/31/2018,24.72,54.82,13.37,4.07,0.01,28.58,96.32
8/1/2018,29.31,49.74,14.55,3.52,0.05,22.14,95.83
8/2/2018,35.32,25.81,9.8,3.05,4.81,21.16,95.91
8/3/2018,32.26,41.89,15.44,3.55,0.1,24.21,96.22
8/4/2018,31.59,44.82,15.28,2.41,0.02,27.97,96.31
8/5/2018,33.42,30.72,10.63,2.66,0.04,25.7,96.18
8/6/2018,34.06,27.2,10.84,2.93,0,26.99,96.08
8/7/2018,30.63,36.97,12.57,3.02,0.01,25.63,96.06
8/8/2018,27.47,49.84,14.92,3.67,0.06,26.24,96.3
8/9/2018,24.68,53.09,13.34,4.26,0.01,27.56,96.53
8/10/2018,26.7,50.68,13.79,3.88,0,26.29,96.54
8/11/2018,30.4,39.88,13.41,1.53,0.74,23.39,96.49
8/12/2018,31.68,34.16,12.34,3.15,0.01,23.57,96.39
8/13/2018,30.37,38.13,12.41,2.69,0.1,24.68,96.46
8/14/2018,29.7,35.51,10.71,2.97,0,25.56,96.52
8/15/2018,26.5,44.63,11.01,3.16,0,27.17,96.56
8/16/2018,23.92,56.35,13.19,3.34,0,27.71,96.52
8/17/2018,24.81,52.85,12.79,3.54,0,28.02,96.31
8/18/2018,28.93,46.97,13.6,3.23,0,27.16,96.05
8/19/2018,30.89,35.04,10.92,2.51,0.01,27.6,96.21
8/20/2018,29.58,41.66,13.54,2.39,0,27.3,96.25
8/21/2018,27.49,48.59,13.35,2.4,0.02,27.4,96.21
8/22/2018,28.2,37.77,9.32,2.19,0.01,27.13,96.28
8/23/2018,29.23,32.62,8.79,2.58,0,27.96,96.42
8/24/2018,28.42,36.43,8.88,2.84,0,27.77,96.47
8/25/2018,27.76,41.48,10.44,2.65,0.03,26.52,96.27
8/26/2018,31.63,32.62,9.9,2.56,0,25.45,95.98
8/27/2018,29.91,38.83,12.76,2.8,2.1,23.66,96.19
8/28/2018,28.19,49.77,15.51,3.1,0.04,22.63,96.49
8/29/2018,25.07,57.8,15.05,3.79,0.03,24.78,96.6
8/30/2018,24.43,54.59,12.74,3.6,0.02,27.11,96.36
8/31/2018,26.4,51.4,13.12,2.67,0.02,25.5,96.22
9/1/2018,30.55,38.09,12.1,2.24,0,23.42,96.2
9/2/2018,29.46,40.07,12.9,3.2,0.01,21.89,96.33
9/3/2018,25.37,53.73,13.24,3.17,0,23.95,96.33
9/4/2018,24.27,54.82,12.38,2.79,0,24.33,96.34
9/5/2018,25.4,50.52,11.9,2.56,0,22.94,96.46
9/6/2018,23.16,57.83,13.73,2.62,3.43,11.48,96.38
9/7/2018,22.18,62.95,13.78,3.19,0.01,20.3,96.27
9/8/2018,21.63,60.42,12.5,2.93,0.06,21.74,96.49
9/9/2018,22,58.65,12.37,3.19,0.02,24.27,96.56
9/10/2018,23.63,60.76,14.21,3.08,0.02,24.52,96.43
9/11/2018,28.08,46.23,12.41,2.28,0.04,22.03,96.54
9/12/2018,27.57,48.29,14.97,2.12,4.24,15.24,96.89
9/13/2018,24.44,64.03,16.39,3.14,14,18.98,96.77
9/14/2018,23.86,61.52,15.21,3.05,0.32,21.77,96.61
9/15/2018,23.85,61.23,14.85,2.78,0.13,22.6,96.54
9/16/2018,22.94,69.43,16.56,2.19,2.02,22.44,96.5
9/17/2018,25.61,59.93,15.75,2.11,0.06,22.17,96.38
9/18/2018,27.05,54.68,15.65,2.1,0.02,21.78,96.47
9/19/2018,27.96,49.44,14.97,2.29,0.01,19.42,96.65
9/20/2018,26.44,51.84,14.47,2.16,0.01,22.55,96.67
9/21/2018,26.01,55.56,15.34,1.8,0.04,21.8,96.54
9/22/2018,28.51,43.73,12.94,2.23,0,21.68,96.56
9/23/2018,28.47,35.18,10.13,1.93,0,21.44,96.63
9/24/2018,27.84,37.13,10.77,2.09,0.32,20.48,96.67
9/25/2018,28.97,35.98,11.29,1.86,0.28,19.77,96.68
9/26/2018,29.07,36.51,11.67,1.84,1.13,13.39,96.72
9/27/2018,27.29,43.59,13.16,1.37,0.32,18.89,96.71
9/28/2018,25.01,54.1,14.54,2.22,5.08,16.08,96.51
9/29/2018,25.2,52.48,13.67,1.48,0.13,15.68,96.39
9/30/2018,23.2,56.39,13.66,1.75,0.27,15.72,96.58
10/1/2018,24.69,44.33,10.31,1.95,0,21.49,96.61
10/2/2018,25.1,43.1,10.41,2.35,0,21.55,96.51
10/3/2018,25.63,39.92,9.53,2.43,0,21.45,96.53
10/4/2018,25.74,34.09,7.27,1.85,0.01,21,96.42
10/5/2018,26.75,32.28,8.11,1.94,0.01,17.69,96.28
10/6/2018,25.03,42.01,10.62,2.43,2.1,8.53,96.43
10/7/2018,24.63,49.05,12.34,1.65,0.01,19.57,96.53
10/8/2018,24.25,51.07,12.12,1.95,0.11,17.98,96.25
10/9/2018,22.64,53.69,11.99,2.66,0,20.22,95.85
10/10/2018,21.43,62.4,13.01,3,0.63,15.66,95.87
10/11/2018,21.64,65.19,13.67,1.9,1.21,18.76,96.56
10/12/2018,23.34,55.75,12.93,1.82,0.01,20.13,96.76
10/13/2018,26.1,43.66,11.15,2.78,0.01,19.66,96.46
10/14/2018,21.41,70.98,15.33,2.63,0.45,16.79,96.41
10/15/2018,19.16,62.26,10.85,2.58,0.2,18.33,96.43
10/16/2018,18.77,65.58,11.71,2.63,0.5,17.55,96.51
10/17/2018,19.55,69.81,12.98,2.02,0.67,19.29,96.47
10/18/2018,16.45,73.8,11.25,3.21,6.02,13.3,96.22
10/19/2018,16.99,75.62,12.2,2.66,9.16,16.32,95.96
10/20/2018,17.38,74.74,12.26,2.59,0.23,16.29,96.22
10/21/2018,19.09,57.81,9.28,1.69,0,17.35,96.52
10/22/2018,19.64,54.28,9.85,0.95,0.08,9.25,96.75
10/23/2018,19.67,61.06,11.29,1.8,0.02,17.63,97
10/24/2018,21.2,53.03,10.2,1.5,0,18.43,96.87
10/25/2018,20.87,54.85,10.75,1.8,2.92,6.79,96.61
10/26/2018,21.56,65.6,14.1,3.11,10.17,6.25,96.26
10/27/2018,18.31,78.44,14.1,2.84,7.92,10.57,96.19
10/28/2018,12.44,78.55,8.74,4.31,11.69,9.36,96.05
10/29/2018,12.23,66.9,5.7,1.42,1.36,17.69,96.37
10/30/2018,13.08,73.56,8.27,4.92,11.59,12.51,96.15
10/31/2018,14.49,73.1,9.28,3.77,2.86,16.92,96.42
11/1/2018,15.54,79.13,11.51,2.03,2.55,12.02,96.78
11/2/2018,15.57,68.93,8.73,3.31,0.03,17.63,97.11
11/3/2018,15.55,70.17,9.46,2.45,0.05,17.69,96.77
11/4/2018,16.09,68.5,9.48,1.36,0.06,17.27,96.41
11/5/2018,13.61,86.37,11.33,2.62,3.71,10.55,96.36
11/6/2018,12.96,72.19,7.38,1.95,0.01,15.98,96.51
11/7/2018,13.49,66.55,6.6,1.38,0,16.98,96.66
11/8/2018,15.16,68.57,8.63,1.83,0.01,16.44,96.89
11/9/2018,14.27,74.87,9.34,2.58,0.01,15.49,97.08
11/10/2018,13.8,61.89,5.91,1.75,0,16.63,96.75
11/11/2018,16.83,52.27,5.63,1.6,0,16.49,96.44
11/12/2018,13.16,76.33,8.9,2.64,2.29,6.2,96.43
11/13/2018,13.42,77.51,9.07,3.14,4.28,11.49,96.52
11/14/2018,14.98,66.15,7.94,1.33,0.14,13.49,96.25
11/15/2018,14.69,73.1,9.39,1.46,0.08,13.91,96.25
11/16/2018,14.6,68.86,8.6,1.28,0.4,11.21,96.24
11/17/2018,14.99,59.27,6.43,1.16,2.05,11.57,95.95
11/18/2018,13.46,80.46,9.95,4.87,19.7,10.12,95.65
11/19/2018,11.81,82.59,8.84,3.28,8.35,10.29,95.87
11/20/2018,13.41,81.48,10.06,3.28,6.48,12.56,96.29
11/21/2018,14.1,79.16,10.13,2.2,7.24,9.78,96.46
11/22/2018,14.6,74.64,9.41,2.32,6.23,11.49,96.33
11/23/2018,12.79,86.94,10.5,1.46,16.81,7.7,96.51
11/24/2018,11.91,79.62,8.06,1.89,0.77,14.06,96.82
11/25/2018,14.39,81.39,11.08,2.58,1.42,12.42,96.95
11/26/2018,14.38,84.95,11.75,1.84,0.51,11.84,96.93
11/27/2018,14.11,75.78,9.47,1.56,0.01,14.28,96.9
11/28/2018,16.04,64.04,8.63,1.8,0,14.27,97.07
11/29/2018,16.74,64.54,9.51,1.27,0,13.13,97.07
11/30/2018,13.96,75.6,9.2,1.23,0.01,13.49,97.04
12/1/2018,14.18,72.7,8.7,1.88,0.01,12.7,97.03
12/2/2018,16.43,57.9,7.35,1.08,0,13.87,97.08
12/3/2018,17.08,55.7,7.38,1.65,0,13.85,97.03
12/4/2018,17.92,54,7.66,1.81,0,13.88,96.95
12/5/2018,17.16,56.72,7.39,1.68,0,13.95,97.1
12/6/2018,16.94,55.88,7.42,1.76,0,14,97.33
12/7/2018,16.78,60.37,8.29,1.58,0,14.01,97.38
12/8/2018,15.68,56.21,5.8,1.53,0,14.18,97.37
12/9/2018,16.19,51.48,5.17,1.3,0,14.15,97.33
12/10/2018,14.89,61.99,6.6,1.98,0,14.2,97.29
12/11/2018,13.65,65.82,6.63,1.33,0,12,97.18
12/12/2018,12.47,73.82,7.4,1.05,0.03,13.6,97.11
12/13/2018,12.8,83.45,9.79,2.05,2.54,12.32,97.16
12/14/2018,11.29,75.86,6.76,2.7,0.15,11.66,97.38
12/15/2018,13.27,58.83,4.43,1.7,0,13.76,97.37
12/16/2018,14.29,60.26,6.02,1.93,0.01,13.73,97.4
12/17/2018,15.35,54.71,5.55,1.1,0,12.86,97.31
12/18/2018,14.1,55.56,4.65,1.76,0,13.34,97.29
12/19/2018,14.56,53.8,4.37,1.28,0,13.59,97.33
12/20/2018,13.63,58.85,4.8,1.46,0,13.25,97.34
12/21/2018,13.32,59.72,4.74,1.51,0,13.59,97.43
12/22/2018,14.54,52.72,4.22,1.92,0,13.56,97.51
12/23/2018,13.91,51.74,3.06,1.91,0,13.77,97.53
12/24/2018,13.37,48.94,2.01,2.12,0,11.87,97.37
12/25/2018,14.58,46.42,2.27,1.73,0,14,97.31
12/26/2018,14.3,50.07,3.04,1.34,0,14.05,97.33
12/27/2018,13.63,47.29,1.6,1.26,0,11.51,97.3
12/28/2018,12.03,58.13,2.9,1.33,0,13.81,97.18
12/29/2018,10.19,75.11,5.52,1.03,0,12.97,96.8
12/30/2018,10.54,58.38,1.53,2.01,0,13.43,96.83
12/31/2018,11.17,53.77,1.02,1.75,0,13.86,97.37
1/1/2019,11.57,52.45,1.36,1.41,0,11.96,97.71
1/2/2019,12.13,52.14,1.32,1.2,0,13.94,97.56
1/3/2019,11.42,53.95,1.17,1.56,0,14.15,97.21
1/4/2019,12.26,41.5,-1.6,1.3,0,14.47,97.33
1/5/2019,12.61,37.65,-2.51,1.4,0,14.4,97.65
1/6/2019,11.63,42.66,-1.73,1.41,0,12.34,97.65
1/7/2019,11.18,40.86,-3.03,1.31,0,13.23,97.42
1/8/2019,11.5,37.54,-3.52,1.08,0,11.73,97.25
1/9/2019,10.57,42.26,-2.65,1.56,0,14.88,96.89
1/10/2019,9.62,53.34,-0.22,1.35,0,14.78,96.59
1/11/2019,10.43,54.8,0.81,1.6,0,14.79,96.74
1/12/2019,11.7,47.85,-0.04,1.49,0,14.7,97.05
1/13/2019,11.12,53.1,0.7,2.15,0,14.64,97.28
1/14/2019,10.65,56.79,0.9,1.65,0,14.96,97.1
1/15/2019,9.46,72.92,4,1.65,0,14.29,96.88
1/16/2019,9.01,76.69,4.67,1.06,0.04,13.62,96.8
1/17/2019,9.39,72.8,4.01,1.43,0.02,14.55,96.6
1/18/2019,9.32,74.99,4.58,1.6,0.03,14,96.85
1/19/2019,10.3,77.27,5.77,1.38,0.35,15.12,97.17
1/20/2019,11.69,84.54,9.01,2.65,2.85,10.08,96.97
1/21/2019,9.6,80.9,6.06,1.73,0.24,13.06,97.02
1/22/2019,8.48,71.69,2.6,1.59,0.01,16.25,97.21
1/23/2019,9.93,73.64,4.87,1.89,0.05,15.08,97.06
1/24/2019,11.02,81.23,7.35,2.7,0.04,15.79,96.47
1/25/2019,13.15,65.08,5.17,1.56,0.02,16.12,96.4
1/26/2019,13.39,59.97,4.75,1.57,0,16.27,96.76
1/27/2019,11.67,74.99,6.67,1.39,0,12.7,97
1/28/2019,11.02,72.41,5.39,2.43,0,16.55,97.19
1/29/2019,11.28,67.8,4.82,2.16,0,15.93,97.04
1/30/2019,11.06,78.95,7.01,1.75,0,16.73,96.74
1/31/2019,11.53,77.55,7.12,1.31,0.06,16.41,96.5
2/1/2019,12.26,85.41,9.71,3.61,4.44,12.87,96.32
2/2/2019,10.95,73.77,5.82,2.21,0.11,16.94,96.83
2/3/2019,8.68,58.84,-0.7,3.38,0,17.93,97.21
2/4/2019,11.92,39.1,-3.32,1.44,0,17.04,97.2
2/5/2019,14.06,42.21,0.26,1.82,0,17.64,97.36
2/6/2019,14.41,47.79,1.65,1.24,0,16.74,97.21
2/7/2019,13.13,61.07,4.44,1.44,0,17.65,97.12
2/8/2019,13.81,58.64,4.1,1.28,0,17.65,97.01
2/9/2019,14.73,50.06,2.46,1.83,0,18,97.07
2/10/2019,15.06,44.53,0.6,1.57,0,18.08,97.32
2/11/2019,15.22,41.02,0.01,1.58,0,18.87,97.28
2/12/2019,15.36,38.48,-0.99,1.38,0,19.01,97.16
2/13/2019,16.5,33.15,-1.53,1.83,0,19.12,97.22
2/14/2019,16.51,37.83,0.34,2.31,0,18.47,97.22
2/15/2019,13.82,38.22,-1.72,2.24,0,14.1,96.95
2/16/2019,13.78,43.35,0.02,1.1,0.02,10.49,96.77
2/17/2019,13.19,57.5,2.95,1.69,0.01,17.2,96.83
2/18/2019,10.34,75.97,5.72,3.09,14.19,6.13,96.58
2/19/2019,11.01,64.46,3.41,1.3,0.06,17.53,96.52
2/20/2019,12.41,48.22,0.71,1.08,0,15.7,96.74
2/21/2019,15.03,41.72,0.6,1.54,0,18.98,97.07
2/22/2019,15.54,41.91,1.37,1.59,0,17.3,97.43
2/23/2019,16.36,39.34,0.63,1.73,0,17.59,97.43
2/24/2019,16.48,40.46,1.35,1.74,0,20.29,97.12
2/25/2019,17.37,36.28,0.22,2.18,0,20.94,97.11
2/26/2019,16.99,40.28,0.76,2.02,0,19.62,97.17
2/27/2019,16.34,47.8,2.72,1.91,0,20.83,97.35
2/28/2019,15.45,56.3,4.9,1.51,0,20.69,97.42
3/1/2019,14.75,59.51,5.29,1.51,0,20.54,97.36
3/2/2019,13.02,69.42,6.76,2.01,0.03,20.42,97.24
3/3/2019,15.53,63.07,6.93,1.38,0.04,20.56,97.08
3/4/2019,15.32,69.92,8.5,1.92,0.08,21.49,97.08
3/5/2019,17.09,54.77,5.65,1.94,0.01,21.44,96.68
3/6/2019,14.25,75.3,9.16,2.91,0.68,19.59,96.69
3/7/2019,12.11,70.63,6.02,2.24,0.59,13.48,96.84
3/8/2019,10.88,75.25,6.08,2.22,0.15,15.26,96.89
3/9/2019,13.85,62.93,4.88,2.99,0.02,22.88,97.12
3/10/2019,17.83,43.55,2.84,1.89,0,22.63,97.25
3/11/2019,18.48,41.68,2.98,1.83,0,23.41,97.31
3/12/2019,19.06,41.12,2.8,2,0,23.35,97.34
3/13/2019,18.08,50.69,5.75,2.17,0,23.44,97.28
3/14/2019,17.48,49.56,4.6,1.91,0,23.51,97.04
3/15/2019,20.06,36.71,2.42,1.94,0,23.42,97
3/16/2019,21.1,36.54,3.33,1.67,0,21.13,96.77
3/17/2019,20.66,42.66,5.45,2.38,0.17,20.77,96.69
3/18/2019,17.71,55.35,6.91,2.38,0,23.65,96.65
3/19/2019,16.86,52.36,4.74,2.26,0,24.4,96.62
3/20/2019,16.74,47.03,3.43,2.35,0,25.04,96.44
3/21/2019,14.3,46.67,0.81,1.75,0,25.48,96.32
3/22/2019,16.81,31.18,-2.81,1.54,0,25.28,96.36
3/23/2019,17.79,39.11,2.49,2.63,2.88,12.68,96.24
3/24/2019,18.56,53.65,8.42,2.52,2.65,16.51,96.18
3/25/2019,21.8,37.05,4.27,2.58,0,18.09,95.72
3/26/2019,17.66,60.83,8.94,2.26,7.24,13.72,95.7
3/27/2019,16.22,71.91,10.55,1.1,3.15,18.12,96.22
3/28/2019,17.19,63.15,8.94,1.59,0.09,21.93,96.5
3/29/2019,18.04,61.84,8.64,1.92,0.3,23.43,96.48
3/30/2019,16.85,71.5,10.57,2.39,11.45,17.11,96.18
3/31/2019,14.67,72.42,8.94,3.13,20.64,20.53,96.21
4/1/2019,15.54,63.33,7.38,1.82,0.05,22.58,96.31
4/2/2019,15.8,64.04,8.02,1.36,0,18.57,96.23
4/3/2019,18.49,52.13,7.06,2.41,2.75,22.62,95.67
4/4/2019,13.08,78.14,9.08,2.95,9.92,10.6,95.81
4/5/2019,11.64,78.98,7.89,4.06,6.07,18.55,96.16
4/6/2019,11.38,67.86,4.87,2.44,0.16,23.53,96.5
4/7/2019,13.88,64.3,5.73,1.51,0,27.31,96.73
4/8/2019,15.44,67.85,8.21,1.84,0.02,26.91,96.75
4/9/2019,15.16,68.19,8.6,2.87,0.02,19.06,96.69
4/10/2019,14.32,63.12,5.86,4.04,0,26.39,96.61
4/11/2019,14.31,64.99,6.02,3.2,0,27.97,96.66
4/12/2019,15.13,63.04,6.09,2.87,0,27,96.58
4/13/2019,17.22,51.87,4.86,2.41,0,28.01,96.65
4/14/2019,21.88,38.74,4.95,1.95,0,27.19,96.43
4/15/2019,19.28,49.21,7.32,2.8,0,24.54,96.6
4/16/2019,21.63,46.57,6.47,2.65,0,27.09,96.31
4/17/2019,16.75,61.82,8.86,2.69,0.03,21.57,96.15
4/18/2019,15.03,69.15,8.63,2.58,0.69,20.29,96.39
4/19/2019,14.17,68.61,7.42,2.12,0.38,26.77,96.35
4/20/2019,14.68,68.62,7.87,1.83,1.21,16.9,96.02
4/21/2019,15.15,70.1,8.71,1.98,0.72,25.66,95.9
4/22/2019,16.88,65.72,9.02,2.33,0.46,27.51,95.74
4/23/2019,13.42,75.66,9,3.1,3.16,14.88,95.82
4/24/2019,14.46,63.65,6.48,1.79,0.01,27.47,96.33
4/25/2019,16.18,68.43,9.32,2.36,0.06,28.23,96.73
4/26/2019,17.94,59.69,8.3,4.13,0.1,28.59,96.79
4/27/2019,21.29,52.14,9.14,2.3,0.03,27.79,96.52
4/28/2019,26.22,39.71,9.27,2.25,0.64,22.2,96.33
4/29/2019,25.03,39.69,8.81,2.82,0.02,26.43,96.22
4/30/2019,23.12,44.9,8.46,2.47,0.01,27.59,96.04
5/1/2019,20.23,61.89,11.38,2.2,0.01,22.66,95.7
5/2/2019,19.52,68.45,12.79,2.39,0.3,21.98,95.69
5/3/2019,19.58,64.53,11.51,2.32,0.3,26.37,96
5/4/2019,19.65,65.19,11.68,2.03,0.16,24.97,96.3
5/5/2019,21.15,58.1,10.81,2.46,0.02,28.82,96.54
5/6/2019,21.38,52.75,9.47,2.56,0.04,29.44,96.69
5/7/2019,23.01,49.18,9.23,2.22,0.03,29.53,96.64
5/8/2019,21.15,56.35,10.5,2.56,0.01,30.26,96.66
5/9/2019,21.4,55.03,9.66,2.74,0.02,30.35,96.41
5/10/2019,22.51,53.95,10.73,3.29,0.04,30.41,96.33
5/11/2019,24.93,49.53,11.21,3.04,0.02,30.23,96.32
5/12/2019,29.31,29.63,6.37,1.94,0,30.37,96.34
5/13/2019,30.05,27.09,6.44,2.22,0,29.22,96.11
5/14/2019,30.52,25.44,5.72,2.2,0,29.61,95.92
5/15/2019,29.16,26.28,4.99,2.15,0,30.05,96.03
5/16/2019,27.38,26.85,3.22,2.58,0,29.59,96.12
5/17/2019,22.1,45.18,7.57,3.11,0,29.28,96.23
5/18/2019,19.53,43.91,4.48,3.12,0,30.18,96.3
5/19/2019,19,54.08,7.8,3.6,0,30.54,96.28
5/20/2019,20.24,60.21,10.8,3.74,0,30.16,96.21
5/21/2019,20.74,55.48,9.67,4.09,0,30.74,96.32
5/22/2019,20.16,54.47,9.44,3.82,0,29.96,96.32
5/23/2019,23.54,48.92,9.89,2.76,0.08,23.33,96.4
5/24/2019,22.98,47.02,9.13,3.02,0,30.1,96.34
5/25/2019,22.32,46.67,7.72,3.12,0,31.05,96.13
5/26/2019,24.03,40.61,6.65,2.91,0.01,30.56,96.1
5/27/2019,24.91,37.1,6.57,2.78,0.01,30.82,96.08
5/28/2019,26.49,34.61,6.89,2.72,0,30.56,96.11
5/29/2019,27.47,34.65,7.75,2.44,0.01,30.04,96.16
5/30/2019,29.95,26.45,6.63,2.04,0,28.56,96.2
5/31/2019,30.7,22.73,5.02,2.18,0.01,27.63,96.2
6/1/2019,30.33,23.13,4.06,2.61,0,28.32,96.22
6/2/2019,30.72,21.19,3.69,2.55,0.08,25.9,96.34
6/3/2019,31.11,23.29,6.26,2.46,0.02,24.68,96.33
6/4/2019,24.8,44.42,9.87,3.58,0,29.97,96.35
6/5/2019,21.14,56.06,11.06,4.17,0,27.76,96.41
6/6/2019,19.77,49.55,7.57,4.13,0,31.29,96.3
6/7/2019,20.78,53.13,8.83,4,0,31.45,96.43
6/8/2019,21.27,52.15,9.74,3.66,0,30.97,96.63
6/9/2019,20.5,51.6,8.47,3.27,0,30.87,96.85
6/10/2019,19.95,54.14,8.27,3.9,0.03,31.83,96.61
6/11/2019,20.99,50.76,8.07,4.04,0.18,31.55,96.2
6/12/2019,21.82,51.06,9.13,3.72,0.02,31.29,95.81
6/13/2019,20.29,59.01,10.87,3.27,0.4,14.07,96.1
6/14/2019,19.69,53.78,8.64,3.01,0.06,29.99,96.62
6/15/2019,21.4,49.6,8.08,3.5,0,31.66,96.61
6/16/2019,21.21,49.89,8.35,2.37,0,31.78,96.65
6/17/2019,22.65,48.64,8.65,2.57,0,31.52,96.55
6/18/2019,22.6,47.03,7.95,2.33,0,31.94,96.54
6/19/2019,22.92,54.71,11.85,2.86,0,31.16,96.54
6/20/2019,22.59,54.96,11.39,3.55,0,27.39,96.48
6/21/2019,22.73,52.28,10.42,4.18,0,31.43,96.4
6/22/2019,23.35,48.9,9.61,3.48,0,31.63,96.25
6/23/2019,23.72,43.29,8.23,2.99,0,31.22,96.23
6/24/2019,24.19,46.19,9.47,2.36,0,31.74,96.35
6/25/2019,24.82,53.86,12.97,2.45,0,31.27,96.47
6/26/2019,24.08,57.65,14.11,2.27,0,19.37,96.56
6/27/2019,23.35,63.37,15.32,3.88,0,19.57,96.51
6/28/2019,23.51,54.99,12.55,3.93,0,30.14,96.37
6/29/2019,23.61,58.42,13.63,3.63,0,30.76,96.48
6/30/2019,23.5,58.15,13.34,3.1,0,29.3,96.76
7/1/2019,23.42,56.56,12.75,3.47,0,29.67,96.71
7/2/2019,23.15,52.97,10.71,3.34,0,31.84,96.44
7/3/2019,22.24,55.81,11.61,3.13,0,31.3,96.37
7/4/2019,22.88,52.12,10.83,3.35,0,31.35,96.5
7/5/2019,25.42,47.86,10.86,3.44,0.01,28.76,96.53
7/6/2019,24.5,53.57,12.91,3.46,0,24.09,96.46
7/7/2019,23.24,57.64,13.38,3.97,0,27.92,96.46
7/8/2019,23.27,51.98,10.74,3.61,0.02,31.62,96.5
7/9/2019,23.34,54.18,11.69,3.51,0.01,31.4,96.38
7/10/2019,22.88,56.72,12.59,3.45,0,30.37,96.18
7/11/2019,23.44,55.61,12.32,3.27,0,30.16,96.28
7/12/2019,23.95,55.92,12.99,3.24,0,30.2,96.54
7/13/2019,25.61,49.56,11.89,2.89,0,29.5,96.55
7/14/2019,27.98,41.49,11.1,3.08,0,28.24,96.41
7/15/2019,27.48,44.42,12.2,3.15,0,28.07,96.31
7/16/2019,26.64,49.78,13.33,3.46,0.01,29.05,96.32
7/17/2019,24.49,52.59,12.28,3.6,0.01,30.38,96.48
7/18/2019,23.51,53.62,11.74,3.68,0.01,30.56,96.24
7/19/2019,25.01,53.63,13.42,3.21,0,28.61,96.08
7/20/2019,25.74,56.63,14.99,2.9,0.04,29.02,96.36
7/21/2019,26.12,56.22,15.17,2.67,0.04,29.86,96.56
7/22/2019,27.26,52.45,14.78,2.8,0.01,30.14,96.49
7/23/2019,27.49,52.92,15.33,2.58,0.01,29.11,96.38
7/24/2019,30.26,43.82,13.84,3.2,0.02,26.81,96.24
7/25/2019,29.44,42.11,13.32,3.15,0.04,25.59,96.34
7/26/2019,26.96,46.39,13.02,3.13,0.01,27.9,96.51
7/27/2019,24.9,44.51,9.36,3.38,0.02,30.23,96.36
7/28/2019,24.6,52.43,13.06,3.62,0.02,29.58,96.09
7/29/2019,24.6,52.43,12.4,4.51,0.38,29.45,96.2
7/30/2019,24.77,52.6,12.81,4.65,0,29.03,96.2
7/31/2019,24.94,48.83,11.47,3.4,0,29.45,96.08
8/1/2019,25.22,57.43,14.68,3.46,0,29.21,96.29
8/2/2019,26.11,55.94,15.5,3.65,0,28.3,96.42
8/3/2019,25.09,51.1,13,3.45,0,29.27,96.46
8/4/2019,25.76,48.19,11.88,3.51,0.02,28.72,96.44
8/5/2019,26.04,49.84,12.6,3.82,0.06,28.25,96.41
8/6/2019,26.52,48.45,12.84,3.86,0.01,23.49,96.33
8/7/2019,28,44.08,12.79,3.1,0.04,22.65,96.32
8/8/2019,29.52,38.28,11.65,2.62,0.2,23.85,96.4
8/9/2019,28.32,40.91,11.59,3.08,0,24.47,96.64
8/10/2019,28.93,41.21,13.12,3.45,0,25.67,96.58
8/11/2019,25.41,51.29,13.47,4.77,0.01,24.41,96.59
8/12/2019,25.3,47.24,11.62,4.48,0,26.18,96.41
8/13/2019,26.33,43.42,9.98,3.86,0,27.86,96.39
8/14/2019,28.61,39.61,11.34,2.79,0,26.91,96.43
8/15/2019,30.05,35.92,10.37,2.73,0,26.74,96.45
8/16/2019,31.14,30.63,8.7,2.85,0,27.63,96.38
8/17/2019,31.29,28.86,8.32,2.46,0,27.04,96.28
8/18/2019,28.47,34.91,9.06,2.51,0,28.12,96.39
8/19/2019,27.2,39.7,9.15,2.98,0,28.62,96.44
8/20/2019,24.91,49.63,11.57,3.45,0,27.71,96.47
8/21/2019,26.06,44.63,10.92,3.01,0,26.47,96.34
8/22/2019,32.21,27.16,7.88,2.39,0,21.86,96.14
8/23/2019,36.2,19.99,8.26,2.69,0,18.67,96.24
8/24/2019,35.54,22.8,9.66,2.39,0.01,21.42,96.33
8/25/2019,32.14,30,10.49,2.74,0,18.42,96.23
8/26/2019,25.42,49.8,12.79,3.46,0,22.04,96.36
8/27/2019,26.09,41.54,8.75,3.12,0,24.94,96.4
8/28/2019,28.78,30.58,8.07,2.38,0,19.5,96.34
8/29/2019,30.57,39.56,14.44,1.94,2.92,16.32,96.53
8/30/2019,31.32,44.74,16.55,2.31,0.25,20.06,96.48
8/31/2019,29.17,45.21,14.57,2.38,0.02,26.08,96.42
9/1/2019,26.6,54.71,15.82,3.16,0.03,24.19,96.31
9/2/2019,26.33,54.45,15.25,3.04,0.07,25.08,96.38
9/3/2019,26.66,51.56,13.85,1.97,0.05,23.2,96.62
9/4/2019,25.7,59.17,15.94,2.53,0.07,24.6,96.62
9/5/2019,24.84,61.4,16.12,2.51,0.14,24.28,96.38
9/6/2019,23.62,63.06,15.42,2.77,0.21,15.22,96.23
9/7/2019,24.28,61.28,15.38,2.43,0.75,21.18,96.22
9/8/2019,25.67,55.24,14.83,2.16,0.01,22.71,96.37
9/9/2019,26.19,49.64,13.56,2.58,0,20.31,96.65
9/10/2019,24.15,56.9,13.62,3.34,0,23.46,96.78
9/11/2019,22.11,48.5,8.21,4.22,0,25.42,96.57
9/12/2019,22.8,44.69,8.11,3.25,0,25.16,96.43
9/13/2019,23.8,44.55,9.01,2.16,0,24.68,96.47
9/14/2019,24.31,45.68,9.85,2.53,0,24.63,96.58
9/15/2019,24.42,47.67,10.28,1.94,0,24.84,96.71
9/16/2019,26.54,39.37,8.74,1.85,0,21.71,96.56
9/17/2019,25.44,46.77,11.65,2.82,0,22.33,96.44
9/18/2019,23.44,54.09,11.74,2.5,0,24.18,96.48
9/19/2019,24.32,52.07,11.89,2.68,0,23.39,96.42
9/20/2019,22.1,56.91,12.21,2.27,0,18.34,96.38
9/21/2019,22.97,51.21,10.05,2.38,0,23.07,96.41
9/22/2019,23.19,60.35,13.28,2.65,0,23.82,96.61
9/23/2019,24.38,57.45,13.81,3.45,0.03,22.02,96.67
9/24/2019,25.27,48.79,11.88,2.68,0.04,22.17,96.69
9/25/2019,26.93,42.33,10.41,2.82,0.01,22.09,96.52
9/26/2019,27.12,41.78,10.87,2.53,0.02,21.17,96.57
9/27/2019,27.25,37.46,9.29,2.05,0.01,21.6,96.66
9/28/2019,28.04,33.8,8.39,1.69,0,21.4,96.63
9/29/2019,28.67,29.21,6.39,1.45,0,20.86,96.63
9/30/2019,31.73,18.29,2.37,2.18,0,18.15,96.44
10/1/2019,27.74,33.23,8.18,2.15,0,21.66,96.62
10/2/2019,24.31,47.34,9.54,3.12,0,22.78,96.72
10/3/2019,22.69,47.76,8.18,2.7,0,22.29,96.75
10/4/2019,24.24,33.71,3.82,2.19,0,21.61,96.55
10/5/2019,24.25,42.03,8.27,2.09,0,20.94,96.51
10/6/2019,25.46,38.46,7.35,2.14,0,21.61,96.59
10/7/2019,26.29,26.41,2.55,1.76,0,21.57,96.47
10/8/2019,25.79,24.66,2.02,1.87,0.01,21.39,96.37
10/9/2019,24.58,33.74,5.09,1.56,0.12,20.68,96.35
10/10/2019,24.25,36.77,6.78,1.04,0.11,14.77,96.42
10/11/2019,25.55,31.67,6.11,1.37,0.01,10.28,96.53
10/12/2019,24.16,48.32,10.18,2.15,0.11,20.02,96.47
10/13/2019,24.41,44.67,9.11,3.45,0.69,19.43,96.38
10/14/2019,19.97,66.14,12.31,2.52,2.67,19.85,96.84
10/15/2019,19.27,62.36,10.57,2.41,1.21,20.66,96.84
10/16/2019,17.53,61.96,9.29,1.96,0.08,18.44,96.78
10/17/2019,17.53,61.95,8.95,2.17,0.62,20.36,96.78
10/18/2019,19.02,57.8,9.05,2.03,0.04,19.8,96.61
10/19/2019,18.77,66.32,11.34,1.51,0.09,14.45,96.38
10/20/2019,17.17,74.8,12.33,2.88,1.52,12.17,96.38
10/21/2019,15.6,66,8.69,3.17,0.3,10.54,96.4
10/22/2019,14.28,70.04,8.21,2.86,1.62,18.18,96.37
10/23/2019,15.57,57.59,6.05,1.77,0.01,19.54,96.57
10/24/2019,16.93,35.12,-1.33,2.55,0,19.64,96.72
10/25/2019,22.53,23.14,-0.37,1.77,0,16.08,96.77
10/26/2019,23.12,40.13,8.31,2.13,0,14.85,96.78
10/27/2019,22.09,44.77,8.24,2.15,0,15.95,96.78
10/28/2019,22.3,50.1,10.53,1.6,0,17.25,96.67
10/29/2019,21.35,54.36,10.55,1.35,0,17.91,96.74
10/30/2019,20.81,51.43,9.24,2.08,0,17.14,97.07
10/31/2019,21.29,56.25,10.87,3.56,0,16.81,97.32
11/1/2019,21.64,63.02,13,3.29,0,17.08,97.28
11/2/2019,22.22,55.27,11.46,2.1,0.02,15.6,96.87
11/3/2019,19.26,70.53,13.01,2.1,0.17,15.4,96.82
11/4/2019,18.29,73.79,12.9,2.08,0.15,16.24,96.79
11/5/2019,16.67,72.51,11.26,2.73,0.65,10.65,96.83
11/6/2019,14.45,64.92,6.73,3.44,0,17.56,96.72
11/7/2019,15.64,60.66,6.42,2.51,0.03,16.93,96.58
11/8/2019,14.94,65.16,7.4,3.74,0.18,13.81,96.87
11/9/2019,12.99,54.11,1.78,3.11,0,16.06,97.07
11/10/2019,13.35,61.08,5.23,2.6,0.02,14.13,97.2
11/11/2019,15.31,69.08,9.1,2.31,0.15,14.81,96.99
11/12/2019,16.3,62.77,8.01,2.3,0.32,16.03,96.69
11/13/2019,14.73,58.85,5.45,2.28,0.02,14.78,96.63
11/14/2019,14.95,62.5,7.04,2.32,0.19,14.05,96.43
11/15/2019,12.43,69.32,6.33,2.53,1.02,11.06,96.27
11/16/2019,10.98,62.32,3.38,2.5,1,15.88,96.62
11/17/2019,11.63,37.39,-4.16,1.42,0,16.18,96.91
11/18/2019,13.56,53.44,3.09,1.67,0.21,15.4,96.75
11/19/2019,12.95,71.14,7.44,1.42,0.29,11.05,96.5
11/20/2019,12.88,71.78,7,2.46,0.51,14.57,96.37
11/21/2019,14.26,76.03,9.77,2.45,3.51,7.11,96.21
11/22/2019,15.8,77.66,11.63,3.99,1.12,11.8,96.18
11/23/2019,15.89,78.38,11.85,3.56,3.19,7.67,96.39
11/24/2019,13.86,71.38,8.04,2.01,0.03,14.91,96.65
11/25/2019,15.52,57.84,6.17,1.3,0,14.97,96.72
11/26/2019,16.27,49.03,4.9,1.46,0,12.76,96.64
11/27/2019,15.9,51.92,5.69,1.17,0.02,13.82,96.61
11/28/2019,17.07,48.34,4.87,1.29,0.01,14.57,96.64
11/29/2019,18.27,40.34,3.63,1.36,0,13.22,96.84
11/30/2019,17.49,49.96,5.28,1.43,0.12,12.83,96.93
12/1/2019,14.17,80.57,10.46,1.74,6.1,12.93,96.63
12/2/2019,11.73,84.62,9.03,2.78,12.27,9.45,95.9
12/3/2019,11.08,79.35,7.16,1.23,2.37,11.66,96
12/4/2019,11.5,83.98,8.61,2.45,1.93,8.89,96.24
12/5/2019,12.53,79.92,8.77,1.71,0.57,7.74,95.9
12/6/2019,12.76,76.6,8.21,1.2,3.85,10.01,96.39
12/7/2019,12.57,75.56,7.71,1.21,0.26,12.57,96.99
12/8/2019,12.94,68.23,6.48,1.76,0.02,13.61,97.39
12/9/2019,13.28,57.15,4.05,1.81,0.02,13.86,97.54
12/10/2019,13.84,65.82,6.77,1.53,0.04,13.74,97.42
12/11/2019,13.38,64.02,5.94,1.49,0.02,13.82,97.42
12/12/2019,11.3,72.64,5.97,2.71,0.03,13.95,97.47
12/13/2019,12.36,61.93,3.61,2.63,0.02,13.71,97.25
12/14/2019,14.41,65.09,7.17,1.03,0.06,12.6,96.89
12/15/2019,14.33,53.88,3.56,1.5,0,11.36,96.4
12/16/2019,13.23,56.76,3.43,6.13,19.56,9.35,95.55
12/17/2019,9.97,76.82,5.9,3.19,5.67,9.67,96.31
12/18/2019,11.81,72.92,6.62,2.02,0.04,12.51,96.86
12/19/2019,13.37,71.23,7.32,2.37,0.02,12.5,96.91
12/20/2019,14.13,72.51,8.87,2.91,0.22,10.48,96.9
12/21/2019,14.12,78.35,9.99,1.52,0.08,11.56,97.15
12/22/2019,15.26,73.53,10.05,2.34,0.01,13.18,97.31
12/23/2019,16.64,51.54,5.81,1.85,0,12.44,97.25
12/24/2019,18,45.95,5.26,1.78,0,11.96,97.16
12/25/2019,16.49,46.04,4.07,2.51,0,12.48,97.18
12/26/2019,16.39,47.27,4.36,1.1,0,10.6,97.05
12/27/2019,16.4,44.9,3.46,1.44,0,12.73,97.06
12/28/2019,15.61,37.09,-0.24,1.64,0,13.7,97.12
12/29/2019,15.69,35.78,-0.58,1.53,0,14.03,97.24
12/30/2019,14.9,43.36,1.22,1.42,0,13.91,97.29
12/31/2019,13.29,51.13,2.27,1.55,0,13.98,97.48
1/1/2020,12.76,58.91,3.54,1.95,0,13.72,97.78
1/2/2020,12.65,65.84,5.58,1.41,0,13.46,97.76
1/3/2020,12.36,74.32,7.4,0.99,0,12.65,97.84
1/4/2020,11.55,78.79,7.55,1.42,0,13.27,97.63
1/5/2020,10.88,77.64,6.65,1.02,0,13.03,97.33
1/6/2020,10.86,77.01,6.5,1.73,0.01,13.54,97.33
1/7/2020,11.08,58.63,1.46,1.37,0,13.9,97.43
1/8/2020,11.14,49.93,-0.23,1.38,0,14.18,97.44
1/9/2020,11.09,61.34,2.7,1.65,0,14.27,97.4
1/10/2020,11.04,69.99,4.9,2.08,0.02,14.36,97.44
1/11/2020,10.28,68.23,4.15,1.66,0.01,11.37,97.2
1/12/2020,10.54,51.18,-0.16,1.87,0,14.7,97.38
1/13/2020,11.59,45.31,-0.74,1.7,0,13.95,97.32
1/14/2020,11.21,46.58,-0.41,1.63,0,10.22,97.22
1/15/2020,10.64,41.58,-2.81,1.46,0,15.05,97.33
1/16/2020,11.24,40.57,-2.7,1.43,0,14.96,97.54
1/17/2020,12.08,35.55,-3.78,1.83,0,15.21,97.83
1/18/2020,13.93,37.1,-2.34,1.38,0.01,15.27,97.75
1/19/2020,11.35,69.6,5.6,2.32,2.2,12.38,97.06
1/20/2020,9.29,83.2,6.31,1.98,8.54,8.83,96
1/21/2020,8.74,76.83,4.38,1.53,0.31,12.06,96.09
1/22/2020,9.45,76.52,5.14,2.22,0.49,13.29,96.39
1/23/2020,9.91,79.98,6.26,2.52,2,11.7,96.61
1/24/2020,10.88,71.72,4.95,2.37,0.15,12.67,96.77
1/25/2020,10.14,76.27,5.78,3.04,1.03,12.14,96.94
1/26/2020,11.31,71.46,5.61,1.48,0.02,16.19,97.25
1/27/2020,12.02,51.23,0.86,1.28,0,16.11,97.26
1/28/2020,14.39,38.81,-0.93,1.42,0,16.44,97.24
1/29/2020,14.88,37.58,-0.76,1.57,0,14.34,97.32
1/30/2020,15.78,35.85,-0.62,1.63,0,16.25,97.42
1/31/2020,15.19,37.42,-0.7,1.51,0,16.63,97.34
2/1/2020,15.38,39.26,0.48,2.01,0,17.05,97.29
2/2/2020,17.81,33.58,0.37,1.41,0,17.08,97.36
2/3/2020,17.58,35.87,0.6,1.7,0,17.03,97.52
2/4/2020,17.86,38.67,2.25,1.86,0,17.42,97.4
2/5/2020,17.89,39.86,2.66,1.9,0,17.68,97.01
2/6/2020,17.14,47.42,3.49,1.92,0,16.66,96.9
2/7/2020,14.51,64.95,6.7,1.42,0,16.61,97.24
2/8/2020,13.47,67.17,6.34,1.77,0,16.68,97.4
2/9/2020,14.44,61.13,5.83,2.2,0,17.18,97.49
2/10/2020,15.67,52.28,3.98,1.24,0,17.6,97.64
2/11/2020,16.31,39.91,0.68,2.04,0,17.74,97.56
2/12/2020,16.52,40.64,1.15,1.67,0,17.92,97.27
2/13/2020,15.85,43.58,2.1,1.1,0,16.26,97.15
2/14/2020,15.82,51.51,4.01,1.2,0,13.86,97.08
2/15/2020,16.33,51.49,4.69,1.2,0,13.09,97.22
2/16/2020,18.53,41.75,3.59,1.71,0,16.56,97.35
2/17/2020,17.8,43.27,3.12,2.02,0,19.17,97.4
2/18/2020,15.61,57.57,5.97,2.21,0.03,19.37,97.34
2/19/2020,13.94,73.78,8.61,1.99,0.06,16.34,96.99
2/20/2020,15.96,55.28,5.07,1.62,0.01,17.76,96.68
2/21/2020,17.49,37.41,0.53,2.82,0,19.33,96.87
2/22/2020,17.71,31.76,-1.42,2.09,0,20.2,97.13
2/23/2020,18.52,29.56,-1.5,2.09,0,20.52,97.36
2/24/2020,18.59,32.49,0.06,2.36,0,18.62,97.51
2/25/2020,16.34,40.86,0.17,1.65,0,20.55,97.3
2/26/2020,14.64,55.86,3.76,2.5,0,20.96,97.08
2/27/2020,16.9,45.07,3.19,1.84,0,20.29,96.93
2/28/2020,19.66,32.48,0.22,2.21,0,20.04,96.85
2/29/2020,16.1,57.72,6.47,1.47,0,19.78,96.97
3/1/2020,16.2,59.56,7.06,1.37,0.01,20.16,96.92
3/2/2020,16.49,64.31,8.51,1.5,0.14,19.96,97.05
3/3/2020,18.1,51.71,6.08,2.35,0.04,21.84,97.17
3/4/2020,19.93,37.28,2.65,1.72,0.01,22.05,97
3/5/2020,16.06,62.32,8.18,2.09,0.38,19.44,96.94
3/6/2020,14.47,63.48,6.1,4.22,1.25,21.07,97.08
3/7/2020,15.18,48.42,1.3,3.03,0,23.6,96.92
3/8/2020,17.67,36.83,-0.74,1.79,0,22.44,97.03
3/9/2020,18.16,35.59,-0.44,2.44,0,23.46,97.23
3/10/2020,19.36,31.88,-1.09,1.94,0,23.55,96.92
3/11/2020,21.2,25.42,-1.59,2.46,0,23.13,96.83
3/12/2020,21.51,30.32,0.98,1.68,3.18,18.72,96.72
3/13/2020,19.57,55.67,8.93,1.57,0.64,22.22,96.57
3/14/2020,17.4,71.07,11.12,1.33,20.68,17.06,96.49
3/15/2020,14.33,83.06,11.36,1.77,2.9,11.8,96.4
3/16/2020,13.2,74.6,8.48,3.26,7.37,12.35,96.57
3/17/2020,11.18,67.57,4.21,2.29,0.03,21.77,96.4
3/18/2020,12.22,67.91,5.45,1.99,0.61,18.89,96.1
3/19/2020,14.78,70.31,8.39,1.24,0.97,13.52,95.97
3/20/2020,14.28,82.17,10.94,2.86,6.56,12.99,96.3
3/21/2020,12.51,66.88,5.53,1.99,0.55,16.6,96.54
3/22/2020,13.4,65.37,5.95,1.82,0.31,23.07,96.09
3/23/2020,13.33,72.21,7.47,3.27,11.08,16.07,95.62
3/24/2020,12.65,77.81,8.36,2.78,4.5,15.37,95.83
3/25/2020,14.83,71.01,8.56,1.9,0.31,23.35,96.25
3/26/2020,16.42,62.44,7.99,2.09,0.05,23.08,96.05
3/27/2020,14.48,73.86,9.37,2.14,1.11,11.8,95.95
3/28/2020,14.33,71.47,8.5,2.58,1.65,13.71,96.3
3/29/2020,14.68,65.17,6.98,1.55,0.03,24.72,96.54
3/30/2020,15.71,61.73,6.55,3.01,0.07,26.37,96.08
3/31/2020,15.82,67.61,9.08,4.81,0.5,22.58,96.01
4/1/2020,14.1,70.58,8.09,2.82,0.29,25.29,96.4
4/2/2020,14.04,65.13,6.48,2.12,0.14,26.08,96.42
4/3/2020,16.47,45.38,1.65,1.93,0.01,22.63,96
4/4/2020,17.85,48.35,5.78,2.37,0.01,22.27,96.1
4/5/2020,18.35,59.72,9.48,2.29,0.01,24.19,96.61
4/6/2020,19.32,62.92,10.48,1.66,0.01,26.3,96.88
4/7/2020,20.4,59.1,10.59,2.2,0,25.3,96.84
4/8/2020,19.56,59.48,11.02,1.69,0,19.36,96.67
4/9/2020,20.41,57.16,9.95,2.26,0,26.35,96.64
4/10/2020,19.65,64.67,11.67,2.97,0.01,26.63,96.59
4/11/2020,18.88,64.88,11.18,2.98,0.07,19.63,96.4
4/12/2020,17.31,69.21,10.88,2.97,0.53,13.51,96.19
4/13/2020,16.08,67.96,9.12,2.64,0.78,17.99,96.05
4/14/2020,16.51,60.38,7.14,3.5,0.03,26.74,95.97
4/15/2020,16.84,56.55,7.31,2.95,0,24.64,96.33
4/16/2020,17.72,57.4,7.34,2.71,0.01,25.41,96.48
4/17/2020,18.06,63.3,9.36,2.47,0.04,26.87,96.31
4/18/2020,17.54,68.05,10.52,2.54,3.08,23.93,96.14
4/19/2020,15.67,71.3,9.85,2.5,6.68,22.53,96.48
4/20/2020,16.28,65.2,8.44,2.93,1.64,28.89,96.68
4/21/2020,14.64,64.14,6.89,3.06,1.22,25.5,96.65
4/22/2020,16.55,62.78,8.04,3.26,0.21,28.27,96.39
4/23/2020,18.91,59.65,8.17,2.53,0.02,18.41,95.96
4/24/2020,16.85,75.19,11.69,3.15,12.51,11.75,96.02
4/25/2020,15.44,71.44,9.59,3.06,3.63,17.69,96.4
4/26/2020,16.66,61.55,7.63,2.44,0.03,25.2,96.39
4/27/2020,17.9,59.28,8.53,2.18,0,27.07,96.44
4/28/2020,17.51,66.1,9.77,2.36,0.03,25.83,96.66
4/29/2020,18.13,62.25,9.32,2.66,0.02,28.26,96.88
4/30/2020,18.6,58.48,7.98,3.62,0.01,28.9,96.92
5/1/2020,21.26,55.61,9.94,2.82,0,29.06,96.92
5/2/2020,25.99,40.8,9.35,1.74,0,28.07,96.66
5/3/2020,28.74,33.99,8.15,2.77,0,29.36,96.22
5/4/2020,22.92,55.05,11.71,3.19,0,29.43,96.4
5/5/2020,21.85,63.65,13.46,3.1,0,27.48,96.51
5/6/2020,22.73,60.28,13.41,3.17,0,27.5,96.31
5/7/2020,21.92,57.73,11.27,2.89,0,27.7,96.25
5/8/2020,20.56,61.65,11.59,2.83,0,27.99,96.43
5/9/2020,19.22,59.47,9.35,2.77,0.01,29.75,96.46
5/10/2020,18.34,62.7,10,2.55,0.01,27.93,96.43
5/11/2020,18.84,58.98,9.29,2.9,0.14,29.85,96.3
5/12/2020,17.35,61.82,9.26,3.96,1.41,25.06,96.16
5/13/2020,16.02,72.82,10.46,4.42,5.06,22.51,96.05
5/14/2020,15.01,68.1,8.78,5.87,5.09,21.01,96.12
5/15/2020,15.26,71.63,9.71,4.76,11.21,22.45,96.21
5/16/2020,17.01,65.02,9.18,2.72,0.54,23.81,96.51
5/17/2020,19.01,59.12,8.87,3.45,0.01,31.13,96.72
5/18/2020,22.15,46.86,7.58,2.98,0,28.9,96.73
5/19/2020,26.31,33.97,6.9,2.17,0,29.86,96.48
5/20/2020,25.29,40.53,8.92,2.37,0,29.86,96.48
5/21/2020,24.94,50.13,11.34,2.67,0,30.43,96.72
5/22/2020,25.76,47.5,11.43,2.36,0,30.59,96.81
5/23/2020,27.43,38.82,9.29,2.12,0,30.61,96.73
5/24/2020,28.3,36.83,9.46,2.39,0,30.88,96.6
5/25/2020,28.56,34.6,8.78,2.52,0,30.53,96.58
5/26/2020,29.28,33.84,9.19,2.25,0,30.52,96.51
5/27/2020,28.56,37.99,11.27,2.04,0.05,29.15,96.45
5/28/2020,25.73,44.67,11.99,2.04,0,25.78,96.38
5/29/2020,23.76,50.55,11.81,1.92,0,27.22,96.15
5/30/2020,23.3,57.32,13.6,2.66,0,23.2,95.92
5/31/2020,22.89,56.32,11.78,3.1,0,27.81,96.09
6/1/2020,22.7,57.41,11.56,2.7,0,30.02,96.36
6/2/2020,23.32,52.73,10.36,2.72,0,31.67,96.37
6/3/2020,23.41,49.03,9.44,2.5,0,31.55,96.29
6/4/2020,22.1,58.26,12.53,2.71,0,30.18,96.4
6/5/2020,24.36,47.29,10.61,2.21,0,26.59,96.4
6/6/2020,24.42,50.63,12.48,4.76,0.03,26.41,96.34
6/7/2020,21.85,61.37,12.83,3.43,0.1,30.18,96.56
6/8/2020,22.03,60.72,12.9,2.9,0.51,30.5,96.58
6/9/2020,21.11,54.58,9.9,3.43,0.21,30.57,96.61
6/10/2020,20.61,59.78,11.24,2.94,0,30.7,96.61
6/11/2020,20.45,55.66,9.95,2.85,0.01,24.95,96.56
6/12/2020,19.94,57.24,9.97,2.95,0.01,23.02,96.47
6/13/2020,21.14,57.39,10.68,2.24,0.02,30.94,96.68
6/14/2020,22.64,53.96,10.66,2.32,0.01,31.94,97
6/15/2020,24.19,48.78,10.87,2.64,0,26.08,97.08
6/16/2020,22.9,49.79,10.34,2.9,0,26.24,97.08
6/17/2020,23.41,50.6,10.99,2.42,0,24.8,96.56
6/18/2020,22.21,56.96,12.24,3.67,0,25.97,96.49
6/19/2020,22.55,54.62,10.94,4.13,0,31.75,96.68
6/20/2020,24,51.7,11.46,3.52,0,31.72,96.84
6/21/2020,25.56,48.14,11.66,4.15,0.03,31.34,96.83
6/22/2020,26.26,48.05,12.41,2.93,0.03,31.17,96.4
6/23/2020,25.31,54.75,14.04,3.1,0.04,29.69,96.29
6/24/2020,25.19,58.21,14.9,3.21,0.05,28.62,96.37
6/25/2020,24.95,57.91,14.81,3.63,0,28.33,96.47
6/26/2020,24.19,54.67,12.98,4.04,0,27.86,96.55
6/27/2020,24.35,51.51,11.41,3.95,0,31.55,96.57
6/28/2020,25.34,53.17,13.1,3.91,0,31.41,96.5
6/29/2020,27.88,49.43,13.81,3.33,0,30.59,96.28
6/30/2020,28.88,40.8,12.09,2.83,0,31.15,96.25
7/1/2020,29.7,35.71,10.44,2.48,0,27.63,96.4
7/2/2020,29.79,35.79,11.31,3.13,0,22.26,96.56
7/3/2020,27.26,45.26,12.32,3.9,0,27.65,96.63
7/4/2020,27.56,41.68,11.07,3.23,0,29.7,96.55
7/5/2020,34.39,26.56,9.4,2.21,0,24.04,96.36
7/6/2020,38,15.86,6.12,2.94,0,23.76,96.23
7/7/2020,37.94,16.01,5.05,2.33,0,25.81,96.17
7/8/2020,31.14,30.83,10.08,3.27,0,27.51,96.4
7/9/2020,26.57,43.18,9.59,3.46,0,31.46,96.41
7/10/2020,28.34,38.74,9.73,3.42,0.01,30.56,96.09
7/11/2020,30.69,31.97,9.45,3.25,0.01,28.47,96.02
7/12/2020,31.52,33.17,11.23,3.09,0.04,25.61,96.25
7/13/2020,29.87,40.93,13.05,2.89,0.02,27.93,96.41
7/14/2020,29.91,39.93,12.01,3.56,0.04,29.01,96.1
7/15/2020,32.03,35.28,12.33,3.26,0.11,27.06,95.87
7/16/2020,34.08,34.09,13.37,2.62,57.85,23.38,96.09
7/17/2020,31.41,45.87,16.22,2.62,0.06,28.25,96.24
7/18/2020,29.8,38.2,12.08,2.19,0.01,29.36,96.32
7/19/2020,31.15,34.8,11.06,3.02,0.01,28.62,96.25
7/20/2020,27.89,51.35,15.6,2.88,0,28.34,96.17
7/21/2020,26.83,50.92,13.86,3.12,0.01,28.29,96.41
7/22/2020,28.44,44.6,12.93,2.9,0,29.87,96.51
7/23/2020,28.54,46.59,13.66,2.87,0,29.46,96.43
7/24/2020,28.3,47.26,13.43,3.03,0.01,30.3,96.27
7/25/2020,27.82,47.83,13.85,2.78,0,30,96.17
7/26/2020,28.75,47.76,14.37,2.6,0,29.08,96.2
7/27/2020,30,45.37,14.68,2.74,0,24.47,96.37
7/28/2020,28.16,49.26,15.43,3.17,0,26.95,96.37
7/29/2020,29.06,48.91,15.92,2.77,0,28.32,96.14
7/30/2020,31.76,39.93,13.44,2.52,0.01,25.66,96.15
7/31/2020,33.36,35.65,13.8,2.41,0.03,21.64,96.4
8/1/2020,34.09,35.46,15.45,3.27,0.06,21.83,96.6
8/2/2020,34.11,32.96,14.08,3.14,0.04,22.98,96.56
8/3/2020,28.65,39.33,11.26,3.78,0,27.81,96.47
8/4/2020,27.24,46.83,12.65,3.2,0,29.33,96.09
8/5/2020,27.88,49.92,14.51,3.12,0,27.71,95.92
8/6/2020,26.86,54.08,15.43,3.18,0,27.8,96.17
8/7/2020,26.8,56.14,16.01,3.43,0.42,21.54,96.55
8/8/2020,29.91,48.7,16.62,3.19,0.02,22.32,96.53
8/9/2020,29.99,46.68,15.91,3,0.02,21.52,96.32
8/10/2020,28.52,50.86,16.42,3.1,0.41,19.92,96.1
8/11/2020,25.03,52.19,13.26,3.94,0,26.96,96.27
8/12/2020,24.86,53.58,13.19,4.28,0,28.06,96.42
8/13/2020,25.88,52.39,13.48,3.91,0,25.69,96.45
8/14/2020,24.51,54.85,13.12,3.36,0,28,96.54
8/15/2020,24.43,52.59,11.96,3.54,0,28.49,96.55
8/16/2020,24.95,49.53,11.33,4.19,0,28.62,96.52
8/17/2020,25.41,50.34,11.78,4.57,0,28.54,96.41
8/18/2020,25.83,52.95,13.81,4.45,0,27.82,96.27
8/19/2020,27.08,48.81,13.66,3.92,0,27.41,96
8/20/2020,28.65,41.6,12.15,3.25,0,27.19,95.99
8/21/2020,30.78,33.99,10.55,3.04,0,26.06,96.39
8/22/2020,31.82,32.66,11.18,3.17,0,22,96.71
8/23/2020,31.18,36.44,12.52,3.26,0,24.1,96.52
8/24/2020,31.22,31.25,9.82,3.07,0.08,24.22,96.22
8/25/2020,35.01,24.08,9.39,2.49,0.24,20.83,96.25
8/26/2020,37.08,19.22,8.01,2.74,0,21.6,96.43
8/27/2020,35.8,21.01,8.58,3.23,0,24.44,96.46
8/28/2020,27.77,42.05,11.39,3.46,0,26.74,96.22
8/29/2020,24.32,52.28,12.57,5.06,0.01,26.45,95.88
8/30/2020,24.49,41.16,8.25,4.56,0,27.01,95.78
8/31/2020,29.96,36.97,10.19,2.61,0.01,22.3,96.07
9/1/2020,30.66,32.32,11.02,3.01,0.63,24.06,96.26
9/2/2020,27.42,35.31,7.9,2.51,0,25.45,96.14
9/3/2020,28.71,38.42,11.06,2.34,0,25.54,96.21
9/4/2020,30.25,36.37,11.61,2.54,0,25.24,96.58
9/5/2020,29.95,40.5,13.26,2.66,0.04,22.19,96.43
9/6/2020,29.64,35.75,10.69,1.85,0,25.07,96.25
9/7/2020,30.85,27.12,7.59,2.55,0.02,25.39,96.4
9/8/2020,30.11,31.93,9.37,2.94,0.1,25.78,96.49
9/9/2020,28.8,33.11,8.04,2.37,0.23,25.3,96.62
9/10/2020,26.91,46.13,11.48,2.54,1.03,25.48,96.42
9/11/2020,25.19,57.5,14.63,3.01,3.42,22.16,96.18
9/12/2020,23.2,69.86,16.88,2.72,3.34,20.75,96.37
9/13/2020,26.23,60.87,16.79,1.92,0,21.77,96.65
9/14/2020,26.41,60.23,16.25,2.54,0,21.93,96.81
9/15/2020,25.66,56.6,14.18,1.93,0,21.88,96.82
9/16/2020,24.1,52.54,13.45,3.16,0.16,13.63,96.73
9/17/2020,25.93,51.1,14.27,2.96,0.3,14.1,96.4
9/18/2020,23.71,59.55,13.92,4.13,0.57,22.91,96.53
9/19/2020,22.33,61.96,13.24,2.89,1.86,23.05,96.78
9/20/2020,23.38,57.66,12.17,3.22,1.29,23.54,96.62
9/21/2020,25.03,47.47,11.11,2.51,0.05,22.91,96.5
9/22/2020,24.94,52.48,12.94,2.43,0.17,17.58,96.47
9/23/2020,26.13,44.58,11.37,3.72,0,21.46,96.34
9/24/2020,29.11,36.02,10.65,2.35,0.01,18.44,96.43
9/25/2020,27.96,45.73,13.51,2.49,0,21.21,96.99
9/26/2020,22.7,58.12,12.5,3.56,0.14,21.91,96.75
9/27/2020,20.21,65.94,12.33,4.3,3.22,22.86,96.37
9/28/2020,21.73,67.26,14.03,3.66,0.02,21.94,96.21
9/29/2020,23.5,61.53,13.68,2.64,0.01,22.34,96.35
9/30/2020,23.42,60.49,13.73,2.29,0.01,21.93,96.54
10/1/2020,21.45,66.96,14.04,3.32,0.04,21.69,96.49
10/2/2020,19.78,67.29,12.87,3.01,0.05,21.22,96.22
10/3/2020,19.59,66.31,12.5,3.41,0.01,16.76,96.12
10/4/2020,18.15,58.92,8.47,3.43,0,22.12,96.28
10/5/2020,19.05,64.14,10.77,3.31,0,22.17,96.68
10/6/2020,19.54,61.88,10.33,2.95,0,19.27,96.87
10/7/2020,23.28,48.85,10.21,1.59,0,17.76,96.79
10/8/2020,26.9,41.5,11.35,1.78,0,20.29,96.78
10/9/2020,25.15,49.93,12.42,1.76,0,20.26,96.83
10/10/2020,25,48.87,11.76,1.92,0,20.18,96.79
10/11/2020,25.38,45.62,10.77,1.99,0,20.31,96.68
10/12/2020,24.64,40.72,7.78,1.98,0,20.72,96.64
10/13/2020,21.92,42.61,6.15,1.93,0,21.15,96.54
10/14/2020,18.97,60.63,9.63,2.08,0,20.99,96.64
10/15/2020,17.39,68.07,10.72,2.62,0,19.97,96.66
10/16/2020,16.17,69.79,9.67,2.07,0,19.43,96.6
10/17/2020,16.63,69.4,9.99,2.55,0,19.78,96.5
10/18/2020,22.01,48.12,6.65,2.48,0,17.82,96.43
10/19/2020,23.43,33.91,5.05,2.88,0,18.99,96.46
10/20/2020,24.35,33.98,6.13,5.47,0.08,14.66,96.21
10/21/2020,18.96,68.62,12.84,2.49,4.27,7.65,96.26
10/22/2020,17.72,64.13,10.33,2.46,0.74,11.99,96.59
10/23/2020,17.07,65.41,9.3,2.16,0,17.16,97.2
10/24/2020,17.45,63.01,8.66,2.44,0.01,19.2,97.25
10/25/2020,17.6,56.98,7.51,1.96,0,18.79,97.09
10/26/2020,16.46,69.48,9.63,2.16,0.01,18.3,97.01
10/27/2020,16.09,67.37,8.71,2.94,0,17.39,96.82
10/28/2020,17.31,56.4,6.92,2.34,0,15.83,96.83
10/29/2020,21.56,40.71,5.43,1.73,0,16.69,96.86
10/30/2020,23.02,32.93,4.53,2.1,0,15.57,97.04
10/31/2020,22.32,36.13,4.76,1.93,0,17.32,97.2
11/1/2020,21.03,38.75,4.22,1.97,0,17.48,97
11/2/2020,20.44,45.13,5.9,1.67,0.02,17.08,96.9
11/3/2020,19.56,59.37,10.06,1.6,0.12,15.56,96.99
11/4/2020,17.02,76.62,12.46,2.17,9.66,4.4,96.47
11/5/2020,17.59,60.06,8.53,2.87,0.37,14.08,95.94
11/6/2020,19.51,46.91,6.79,4.7,0,9,96.18
11/7/2020,17.45,62.58,9.35,1.92,0,16.43,96.96
11/8/2020,17.4,68.68,10.77,1.89,0,16.38,97.03
11/9/2020,16.18,74.93,10.78,2.33,0,15.33,97.05
11/10/2020,16.92,71.87,10.9,2.62,0.01,16.42,96.93
11/11/2020,19.27,38.55,2.32,1.8,0,14,96.68
11/12/2020,20.5,43.04,6.75,2.6,0.71,6.14,96.63
11/13/2020,19.26,59.27,10.59,1.86,0.25,13.45,96.84
11/14/2020,21.45,56.1,11.5,1.91,0.09,11.59,96.94
11/15/2020,24.28,40.84,9.45,1.34,0.07,13.89,97.04
11/16/2020,23.55,37.87,7.48,1.43,0,14.68,97.26
11/17/2020,22.89,33.64,4.84,2.34,0,14.98,97.23
11/18/2020,21.9,33.71,3.84,2.12,0,15.04,97.05
11/19/2020,20.97,34.24,3.79,1.54,0,13.55,96.95
11/20/2020,19.6,41.04,5.44,2.2,0,13.55,97.06
11/21/2020,18.58,44.86,5.05,1.39,0,15.11,96.94
11/22/2020,18.46,42.42,3.93,1.46,0,15.09,97
11/23/2020,17.49,42.19,3.29,1.45,0,13.98,97.15
11/24/2020,16.98,46.73,3.86,1.97,0.02,13.63,97.14
11/25/2020,16.09,56.47,6.42,4.3,13.05,12.72,96.46
11/26/2020,10.32,79.4,6.77,3.95,29.12,10.98,95.8
11/27/2020,10.82,81.36,7.53,2.79,2.83,12.03,95.74
11/28/2020,12.81,79.05,8.76,2.71,0.38,14.16,96.18
11/29/2020,13.22,76.66,8.93,1.81,1.95,6.68,96.15
11/30/2020,16.33,61.45,8.18,1.77,0.8,11.6,96.46
12/1/2020,17.29,46.88,4.75,2.13,0,13.6,96.64
12/2/2020,16.86,56.28,6.87,2.08,0,12.52,96.36
12/3/2020,14.91,73.76,9.44,1.67,0.05,12.6,96.33
12/4/2020,13.17,84.46,10.42,3.45,4.97,10.19,96.24
12/5/2020,10.53,75.84,6.24,3.16,5.65,9.42,96.33
12/6/2020,9.23,71.84,3.88,1.46,0.07,14.1,96.8
12/7/2020,11.32,67.57,4.89,1.4,0.01,14.28,97.09
12/8/2020,12.4,72.83,7.29,1.32,0.08,13.82,97.21
12/9/2020,12.14,79.14,8.23,2.18,0.08,13.55,97.19
12/10/2020,12.89,76.81,8.28,1.73,0.04,12.51,97.23
12/11/2020,14.72,75.64,10,1.65,0.13,12.77,97.18
12/12/2020,15.23,73.19,9.98,2.13,0.22,13.35,96.85
12/13/2020,15.34,69.29,9.15,0.91,0.05,9.12,96.41
12/14/2020,14.61,83.21,11.47,1.94,0.66,12.01,96.53
12/15/2020,14.23,78.24,9.87,1.61,0.11,13.44,96.59
12/16/2020,12.68,78.45,8.74,3.18,10.51,6.83,96.66
12/17/2020,11.33,78.51,7.31,1.93,0.4,11.4,97
12/18/2020,11.02,74.92,5.93,1.77,0.03,13.41,96.98
12/19/2020,11.12,66.3,4.51,1,0.01,11.7,97.02
12/20/2020,13.05,63.92,5.55,1.59,0.01,13.31,97.25
12/21/2020,13.67,61.39,5.7,1.37,0,13.28,97.33
12/22/2020,14.54,57.63,5.29,1.99,0,13.33,97.29
12/23/2020,14.49,61.95,6.19,1.75,0.01,13.37,97.27
12/24/2020,13.37,64.14,5.9,1.42,0.01,13.39,96.95
12/25/2020,12.75,56.92,3.82,1.5,0,8.33,96.66
12/26/2020,14.24,48.16,2.4,1.36,0,12.5,96.69
12/27/2020,13.38,56.02,3.6,1.89,0,13.17,96.62
12/28/2020,11.06,66.09,4.18,1.71,0,12.91,96.36
12/29/2020,10.43,84.33,7.65,1.53,0.98,13.56,96.35
12/30/2020,10.28,76.48,5.79,3.05,0.05,14.03,96.51
12/31/2020,8.72,69.31,2.52,1.95,0,13.82,96.71
1/1/2021,9.37,75.89,4.93,1.32,0.27,14.27,96.79
1/2/2021,9.29,76.63,4.88,1.68,0.28,13.37,96.64
1/3/2021,7.42,67.92,0.94,2.38,0,11,96.53
1/4/2021,10,53.7,0.24,1.47,0.25,9.97,96.24
1/5/2021,12.39,79.02,8.68,3.69,4.58,11.31,95.78
1/6/2021,14.83,73.59,9.83,4.16,1.97,9.34,95.56
1/7/2021,16.71,81.12,13.35,4.06,5.66,10.06,95.52
1/8/2021,16.04,73.5,10.98,6.29,6.97,8.73,95.37
1/9/2021,8.71,83.46,5.87,4.2,10.21,9.58,96.13
1/10/2021,8.2,85.69,5.84,4.19,12.72,8.95,96.31
1/11/2021,7.53,80.09,3.97,1.36,1.29,9.74,96.89
1/12/2021,7.5,57.81,-1.4,1.54,0,15.1,97.34
1/13/2021,9,54.19,-1.04,1.46,0.01,14.82,97.6
1/14/2021,8.39,65.84,1.52,1.79,0,15.24,97.58
1/15/2021,7.9,77.39,3.53,2.04,0.04,15.44,97.46
1/16/2021,9.83,70.49,3.83,2.16,0.24,15.49,97.35
1/17/2021,11.23,58.22,2.2,1.42,0.01,13.73,97.4
1/18/2021,11.77,53.51,1.12,1.51,0.02,15.45,97.34
1/19/2021,11.16,66.43,3.89,1.41,0.17,15.09,97.21
1/20/2021,11.55,67.73,4.62,2.87,0.34,9.44,96.99
1/21/2021,13.08,74.38,8.19,1.72,0.26,15.19,97.23
1/22/2021,14.29,82.86,11.02,1.55,1.01,14.72,97.29
1/23/2021,13.82,76.79,8.98,0.96,0.86,14.92,97.16
1/24/2021,11.99,75.02,7.24,1.46,0.01,13.52,97
1/25/2021,12.97,73.81,7.68,1.77,0.09,15.87,97.1
1/26/2021,14.77,73.6,9.04,2.63,0,15.88,97.31
1/27/2021,17.44,62.54,9.01,1.54,0,15.96,97.21
1/28/2021,17.8,56.97,7.98,1.62,0,15.69,97.1
1/29/2021,16.59,56.75,6.63,1.5,0,16.35,97.21
1/30/2021,14.69,68.6,8.09,1.51,0.14,16,97.23
1/31/2021,14.19,74.41,8.84,2.32,0.4,16.56,97.19
2/1/2021,15.33,64.21,7.41,1.88,0,17.09,96.95
2/2/2021,18.01,48.3,5.46,0.96,0,15.39,96.75
2/3/2021,16.52,60.4,7.86,1.87,0.01,12.06,96.49
2/4/2021,14.99,68.54,8.15,2.29,0.28,11.81,95.74
2/5/2021,11,82.76,7.93,2.99,1.81,11.8,95.57
2/6/2021,9.5,84.81,6.96,2.67,7.37,11.2,96.05
2/7/2021,10.07,78.63,6.14,1.79,2.36,15.61,96.69
2/8/2021,10.85,79.89,7.24,2.32,0.55,16.95,96.74
2/9/2021,13.38,82.44,10,2.57,0.41,13.82,96.72
2/10/2021,14.63,74.79,9.1,1.3,0.04,17.74,96.87
2/11/2021,15.24,69.5,8.79,1.43,0.02,17.93,96.9
2/12/2021,14.87,76.14,9.99,2.33,0.02,18.06,97.07
2/13/2021,14.89,70.22,8.41,2.13,0.01,18.46,97.01
2/14/2021,17.97,52.59,6.3,1.52,0,18.63,97.03
2/15/2021,17.46,43.42,3.2,2.41,0,19.23,97.31
2/16/2021,15.81,52.57,4.51,2.14,0.01,19.24,97.34
2/17/2021,14.27,58.24,4.4,2.25,0,19.19,96.95
2/18/2021,14.16,51.79,2.64,1.63,0,18.52,96.79
2/19/2021,15.1,53.03,3.8,1.36,0,18.81,96.67
2/20/2021,17.03,40.99,1.61,2.39,0.01,16.73,96.08
2/21/2021,10.94,73.69,6.09,3.75,11.29,12.35,96.32
2/22/2021,12.19,62.42,3.97,1.11,0.05,20.3,97.04
2/23/2021,14.85,54.5,4.98,2.23,0,20.5,97.2
2/24/2021,15.49,54.49,4.93,2.17,0,20.62,97.14
2/25/2021,14.2,70.47,8.05,2.13,18.91,18.06,97.22
2/26/2021,9.6,87,7.45,1.66,19.64,11.92,97.06
2/27/2021,11.83,78.1,7.5,1.34,1.73,15.51,96.62
2/28/2021,12.62,69.68,6.28,1.04,0.76,14.63,96.16
3/1/2021,11.5,77.34,7.2,1.31,1.3,16.51,96.38
3/2/2021,12.67,74.64,7.44,2,0.13,20.14,96.84
3/3/2021,14.46,65.13,6.53,1.93,0.03,20.82,96.81
3/4/2021,13.28,73.55,8.29,1.75,0.21,14.7,96.63
3/5/2021,13.36,82.79,10.05,2.76,11.87,19.22,96.29
3/6/2021,11.79,84.33,8.93,1.81,10.07,15.21,96.31
3/7/2021,11.98,86.5,9.57,1.8,27.76,14.3,96.67
3/8/2021,11.83,82.28,8.51,1.95,8.16,11.86,96.54
3/9/2021,11.14,77.86,6.83,3.03,3.7,15.08,96.54
3/10/2021,11.51,75.41,6.41,3.25,0.68,23.33,96.95
3/11/2021,13.49,65.24,5.38,1.83,0.14,23.63,97.25
3/12/2021,13.92,66.34,6.76,1.88,0,23.71,97.1
3/13/2021,14.5,71.61,8.65,2.3,0,23.09,96.95
3/14/2021,16.22,65.47,8.49,1.79,0,18.92,96.83
3/15/2021,18.31,55.12,7.64,1.35,0,20.4,96.62
3/16/2021,17.97,60.67,8.34,1.23,0,22.57,96.43
3/17/2021,18.01,61.28,9,2.06,0.01,21.63,96.2
3/18/2021,14.62,76.2,9.74,2.25,0.05,17.92,96.08
3/19/2021,13.42,77.08,8.81,2.15,0.81,20.97,96.08
3/20/2021,11.18,80.74,7.64,2.73,1.88,15.99,96.15
3/21/2021,11,69.82,4.57,3.59,0.01,25.34,96.54
3/22/2021,12.84,58.55,3.12,1.74,0,24.78,96.64
3/23/2021,15.54,50.07,3.03,1.83,0,25.02,96.97
3/24/2021,16.67,48.34,3.73,1.95,0,25.48,97.2
3/25/2021,16.85,47.61,3.83,1.96,0,25.36,97
3/26/2021,19.59,41.2,4.18,2.06,0,21.69,96.77
3/27/2021,19.42,43.21,5.14,2.58,0.09,14.61,96.56
3/28/2021,19.17,48.33,7.39,3.22,0.13,15.35,96.57
3/29/2021,19.77,49.06,7.31,3.09,0.07,18.13,96.39
3/30/2021,19.66,57.59,8.93,2.2,0,22.63,96.28
3/31/2021,20.59,46.94,6.2,3.84,0,22.64,96
4/1/2021,16.93,69.39,10.41,2.44,0,25.78,96.56
4/2/2021,16.8,70.11,9.91,2.15,0,26.5,96.63
4/3/2021,15.53,70.76,9.05,2.36,0,25.76,96.32
4/4/2021,15.74,70.51,9.3,2.38,0,26.88,96.31
4/5/2021,17.14,72.45,10.93,2.62,0,26.19,96.26
4/6/2021,17.67,73.07,11.75,2.45,0,21.16,96.18
4/7/2021,17.39,74.1,12.18,2.66,0,13.83,96.33
4/8/2021,16.76,74.72,11.63,2.18,0,18.8,96.51
4/9/2021,16.48,69.28,9.84,1.72,0,18.9,96.34
4/10/2021,16.77,68.27,9.53,2.03,0.01,26.78,96.26
4/11/2021,17.46,68.52,10.41,2.4,0.05,25.48,96.48
4/12/2021,18.6,68.66,11.58,2.69,0.01,25.19,96.62
4/13/2021,18.68,70.59,12.12,2.58,0.63,22.9,96.52
4/14/2021,18.15,73.07,12.56,2.18,0.82,19.85,96.19
4/15/2021,16.82,74.07,11.58,2.31,0.25,23.62,96.12
4/16/2021,17.17,72.16,11.05,2.63,0.04,23.35,96.3
4/17/2021,17.42,69.82,10.47,2.42,0,27.72,96.53
4/18/2021,19.29,60.03,9.39,2.3,0,28.15,96.6
4/19/2021,19.2,58.85,8.69,2.4,0,28.38,96.62
4/20/2021,17.8,61.62,8.72,2.74,0,29.09,96.37
4/21/2021,17.24,68.08,9.85,2.46,0.07,27.94,96.24
4/22/2021,18.66,65.22,10.29,2.31,0.05,27.93,96.21
4/23/2021,18.67,69.78,12.11,2.55,0.02,27.22,96.08
4/24/2021,18.87,67.04,11.46,2.65,0.07,23.7,95.94
4/25/2021,17.04,65.16,9.16,2.84,0.05,24.54,95.88
4/26/2021,16.86,67.12,9.82,3.72,0.14,27.95,95.94
4/27/2021,17.5,67.97,10.49,2.84,0.24,27.45,95.96
4/28/2021,17.09,67.51,9.74,2.06,0.09,24.22,95.97
4/29/2021,17.28,67.04,10.04,2.59,0.17,26.11,96.01
4/30/2021,13.86,75.45,9.16,2.09,3.8,13.17,96.16
5/1/2021,14.83,67.66,7.66,3.04,0,26.94,96.44
5/2/2021,16.11,65.27,8.4,3.82,0,28.83,96.27
5/3/2021,15.07,72.56,9.61,3.15,0,21.93,96.29
5/4/2021,17.7,71.27,11.59,2.73,0.07,20.24,96.24
5/5/2021,19.58,70.5,13.17,3.45,0.12,24.01,96.29
5/6/2021,20.96,63.91,12.32,2.98,0.01,29.69,96.49
5/7/2021,23.07,56,11.98,2.06,0,29.52,96.5
5/8/2021,22.49,59.72,12.76,2.77,1.21,23.16,96.26
5/9/2021,19,65.59,11.04,3.4,0.17,29.24,96.31
5/10/2021,17.52,65.19,9.72,3.06,0.11,23.8,96.59
5/11/2021,17.31,61.6,8.23,3.9,0,31.23,96.85
5/12/2021,18.18,58.26,7.85,3.76,0,30.2,96.87
5/13/2021,19.13,62.79,10.62,4.29,0,27.32,96.67
5/14/2021,20.32,61.25,11.31,5.12,0,28.04,96.43
5/15/2021,23.75,52.45,10.63,3.75,0,23.09,96.18
5/16/2021,23.47,53.31,11.65,3.53,0,24.91,96.3
5/17/2021,22.32,59.95,12.26,3.59,0,29.41,96.63
5/18/2021,23.42,54.33,11.68,4.37,0,24.62,96.61
5/19/2021,24.94,50.03,11.82,3.48,0,28.75,96.54
5/20/2021,27.08,43.93,10.74,3.21,0.01,28.7,96.47
5/21/2021,26.69,47.44,12.07,2.75,0.46,24.71,96.4
5/22/2021,24.38,57.67,14.06,3.19,37.67,20.7,96.25
5/23/2021,17.31,62.64,9.3,4.89,0.11,22.4,96.76
5/24/2021,17.26,60.09,7.73,5.25,0.04,25.62,96.76
5/25/2021,18.88,67.1,11.46,3.55,5.41,26.03,96.57
5/26/2021,20.87,65.17,12.59,3.12,0,27.28,96.35
5/27/2021,21.8,64.1,13.29,2.54,0,29.64,96.19
5/28/2021,24.05,58.2,13.14,1.6,0,21.27,96.19
5/29/2021,24.47,58.35,14.54,1.59,0.9,18.33,96.49
5/30/2021,25.31,53.11,14.16,2.38,0.13,9.02,96.33
5/31/2021,22.36,63.49,13.82,3.45,0.06,24.58,96.32
6/1/2021,20.73,62.71,11.95,2.96,0,30.97,96.24
6/2/2021,20.35,64.53,12.14,3.41,0,31.17,96.29
6/3/2021,20.18,66.82,12.73,3.79,0,28.12,96.63
6/4/2021,19.11,68.73,12.72,3.87,0,27.04,96.83
6/5/2021,20.52,63.68,12.31,3.24,0,31.3,96.87
6/6/2021,23.49,59.95,14.01,3.41,0,30.74,96.53
6/7/2021,25.22,56.88,14.16,1.46,0,20.9,96.46
6/8/2021,26.31,50.64,13.76,1.84,0,13.98,96.62
6/9/2021,27.98,39.99,11.49,2.19,0,24.22,96.65
6/10/2021,29.94,33.71,10.64,2.21,0,22.09,96.45
6/11/2021,25.55,47.08,11.79,2.91,0.01,26.15,96.42
6/12/2021,22.31,57.9,11.95,2.82,0.03,31.57,96.5
6/13/2021,22.59,60.4,12.94,2.65,0.03,31.29,96.68
6/14/2021,22.63,61.57,13.55,2.61,0.03,30.15,96.67
6/15/2021,20.63,66.73,13.69,2.64,0,27.77,96.48
6/16/2021,20.27,64.3,12.12,3.09,0.01,26.92,96.42
6/17/2021,20.99,64.64,12.96,2.9,0.1,26.93,96.39
6/18/2021,19.36,65.57,12.14,3.5,0.14,15.32,96.47
6/19/2021,19.13,61.04,10.38,4.43,0.14,22.13,96.58
6/20/2021,20.41,58.36,10.47,3.38,0.01,31.68,96.52
6/21/2021,20.93,62.3,12.21,3.24,0,31.55,96.47
6/22/2021,20.63,62.19,11.71,4.14,0.01,22.69,96.57
6/23/2021,21.44,60.39,11.99,4.23,0,31.67,96.44
6/24/2021,23.54,58.41,13.39,3.53,0,31.19,96.37
6/25/2021,24.45,57.86,14.06,2.5,0,31.26,96.48
6/26/2021,25.23,54.44,13.32,2.38,0,31.48,96.52
6/27/2021,24.04,56.43,12.68,3.1,0,31.68,96.55
6/28/2021,22.37,57.22,11.65,3.87,0,31.53,96.68
6/29/2021,22.11,56.36,11.32,3.56,0,31.25,96.53
6/30/2021,23.05,59.83,13.6,3.51,0.01,31,96.44
7/1/2021,24.28,56.82,13.55,2.9,0,30.17,96.61
7/2/2021,26.84,45.65,12.17,2.74,0,29.37,96.63
7/3/2021,26.35,46.23,11.76,3.15,0,29.69,96.69
7/4/2021,25.96,52.33,13.56,3.79,0,29.6,96.62
7/5/2021,26.63,52.31,14.23,3.64,0,26.57,96.5
7/6/2021,25.61,55.95,14.19,3.4,0,28.13,96.51
7/7/2021,24.21,57.45,13.86,4.1,0,30.91,96.65
7/8/2021,23.66,53.23,12.04,4.68,0,29.63,96.5
7/9/2021,29.21,47.39,11.93,2.23,0,28.66,96.03
7/10/2021,35.75,23.17,6.68,1.79,0,21.53,96.02
7/11/2021,34.58,31.21,13.85,3.39,0.14,14.78,96.58
7/12/2021,30.04,41.88,14.99,2.75,0,22.42,96.74
7/13/2021,25.2,47.97,11.57,3.8,0,27.72,96.66
7/14/2021,25.36,46.21,9.9,3.33,0,30.88,96.3
7/15/2021,27.35,42.81,11.13,2.51,0,30.01,96.16
7/16/2021,29.39,39.58,11.65,2.32,0,28.78,96.31
7/17/2021,30.56,33.53,8.75,2.92,0,27.19,96.54
7/18/2021,30.09,26.95,5.18,3.87,0,29.91,96.57
7/19/2021,28.6,33.71,6.54,3.25,0,30.72,96.4
7/20/2021,26.22,46.36,11.11,3.77,0,29.38,96.4
7/21/2021,26.87,48.08,12.94,3.73,0,27.49,96.42
7/22/2021,31.3,35.69,11.71,2.81,0,25.07,96.28
7/23/2021,33.02,33.61,11.43,3,0,21.25,96.12
7/24/2021,32.65,35.03,13.24,2.99,0,20.63,96.17
7/25/2021,26.49,46.53,11.75,3.67,0,27.73,96.36
7/26/2021,25.34,55.8,14.54,3.99,0,29.92,96.26
7/27/2021,26.14,54.74,14.82,4.11,0,29.3,96.02
7/28/2021,28.51,49.47,14.65,2.88,0,29.1,96.04
7/29/2021,30.64,42.43,14.82,2.84,0.02,22.19,96.18
7/30/2021,34.31,27.73,10.17,3.91,0.01,23.77,96.32
7/31/2021,25.7,49.28,12.78,4.72,0,27.43,96.58
8/1/2021,23.04,51.67,10.48,4.51,0,29.7,96.5
8/2/2021,23.37,54.46,11.75,3.66,0,30.11,96.29
8/3/2021,24.67,56.15,13.59,3.49,0,29.09,96.33
8/4/2021,26.28,51.35,13.44,3.8,0,28.83,96.53
8/5/2021,26.9,50.25,13.83,3.4,0,28.74,96.45
8/6/2021,26.49,51.21,13.79,3.21,0,28.71,96.25
8/7/2021,24.59,57.41,14.16,3.62,0,27.63,96.3
8/8/2021,23.81,56.88,13.33,4.25,0,27.35,96.35
8/9/2021,22.87,57.25,12.84,4.25,0,28.18,96.34
8/10/2021,22.95,60.26,13.47,3.97,0.02,28.43,96.36
8/11/2021,24.63,59.78,14.54,3.49,0.04,28.48,96.5
8/12/2021,27.83,53.35,15.36,3.04,0,26.65,96.54
8/13/2021,34.49,31.31,9.46,2.11,0,24.21,96.51
8/14/2021,36.5,20.51,5.88,2.11,0,23.63,96.52
8/15/2021,36.19,22.22,8.31,2.65,0,24.48,96.4
8/16/2021,33.24,29.95,10.84,3.06,0,26.34,96.52
8/17/2021,30.93,28.68,6.42,2.68,0,28.41,96.67
8/18/2021,28.18,39.83,9.5,2.83,0,28.48,96.46
8/19/2021,27.25,39.64,10.19,3.2,0,27.27,96.22
8/20/2021,26.12,46.12,11.08,3.39,0,27.43,96.35
8/21/2021,24.66,50.69,11.85,2.87,0.03,26.61,96.62
8/22/2021,25.36,56.37,14.72,3.45,0.03,27.01,96.55
8/23/2021,25.72,56.66,14.86,3.27,0,25.57,96.34
8/24/2021,24.67,58.97,14.72,3.42,0.01,25.02,96.26
8/25/2021,25.29,55.74,14.13,3,0,26.91,96.19
8/26/2021,26.04,56.61,15.17,3.24,0,24.62,96.26
8/27/2021,26.17,52.95,14.33,3.2,0,23.85,96.51
8/28/2021,27.01,45.22,11.23,2.97,0,26.94,96.58
8/29/2021,25.55,53.13,13.35,3.31,0,26.72,96.46
8/30/2021,24.91,52.16,12.55,3.65,0,26.75,96.25
8/31/2021,24.63,56.04,13.76,3.32,0,26.52,96.32
9/1/2021,25.13,52.76,12.72,2.74,0,26.24,96.48
9/2/2021,25.32,54.27,13.52,2.62,0,26.35,96.57
9/3/2021,26.01,51.8,13.13,3.15,0,25.81,96.46
9/4/2021,27.33,41.72,10.09,2.08,0,26.12,96.25
9/5/2021,31.41,26.95,7.12,2.64,0,21.47,96.27
9/6/2021,31.5,30.85,9.85,2.88,0,21.01,96.41
9/7/2021,28.67,46.36,14.12,2.59,0,22.05,96.57
9/8/2021,27.55,51.68,14.44,2.62,0,21.24,96.7
9/9/2021,25.64,53.05,13.11,2.78,0.01,25.3,96.68
9/10/2021,26.5,46.31,10.65,2.13,0,25.11,96.64
9/11/2021,29.53,29.03,7.21,1.88,0,22.81,96.48
9/12/2021,29.91,27.58,7.62,3.08,0.12,14.78,96.28
9/13/2021,29.22,39.97,12.83,4.06,3.43,11.55,96.17
9/14/2021,23.95,61.92,15.41,3.97,3.76,20.15,96.27
9/15/2021,22.6,62.47,13.95,2.85,0.33,23.38,96.53
9/16/2021,22.8,63.51,14.4,3.03,0.72,20.33,96.54
9/17/2021,23.58,63.14,15.2,3.25,0.17,22.5,96.42
9/18/2021,24,61.71,15.05,3.17,0.61,23.71,96.42
9/19/2021,22.61,65.85,15.25,2.68,6.25,16.38,96.59
9/20/2021,22.74,61.84,14.03,2.54,1.34,23.35,96.59
9/21/2021,22.57,60.68,13.02,2.02,1.75,23.19,96.29
9/22/2021,22.27,62.46,13.23,1.86,2.41,22.61,96.22
9/23/2021,21.35,71.45,15.55,1.81,0.03,20.73,96.23
9/24/2021,20.36,64.68,12.32,2.36,0,19.65,96.47
9/25/2021,21.13,59.57,10.92,2.12,0,23.39,96.7
9/26/2021,23.84,53.03,11.5,2.06,0,23.3,96.79
9/27/2021,23.86,56.67,13.03,2.17,0,22.62,96.92
9/28/2021,21.42,61.63,11.94,2.78,0.01,20.04,96.94
9/29/2021,24.17,56.39,13.14,3.51,0.01,21.05,96.79
9/30/2021,29.01,31.84,7.31,2.08,0,20.87,96.75
10/1/2021,28.18,30.78,7.55,2.28,0,21.22,96.76
10/2/2021,25.07,37.95,7.77,1.92,0,22.02,96.57
10/3/2021,21.11,59.3,11.61,2.85,0.01,20.95,96.65
10/4/2021,21.63,58.01,11.59,4.27,0,21.45,96.65
10/5/2021,21.88,42.42,5.82,2.8,0,21.61,96.66
10/6/2021,26.93,25.54,4.03,1.93,0,19.46,96.57
10/7/2021,26.14,30.2,5.23,2.21,0,21.32,96.56
10/8/2021,23.19,49.45,9.58,1.83,0.01,20.72,96.52
10/9/2021,23.21,49.87,9.63,2.84,0.02,20.46,96.39
10/10/2021,25.32,39.7,8.3,2.13,0,19.06,96.17
10/11/2021,26.38,37.1,7.9,2.74,0,19.11,96.15
10/12/2021,21.68,63.92,13.09,2.22,0.02,16.8,96.39
10/13/2021,21.58,64.01,13.2,2.49,0.03,18.59,96.41
10/14/2021,22.95,55.46,11.44,2.54,0.01,19.13,96.45
10/15/2021,24.61,36.11,6.83,2.03,0,19.01,96.64
10/16/2021,24.16,32.25,3.9,1.42,0,19.8,96.61
10/17/2021,23.72,28.68,2.51,1.48,0,19.43,96.57
10/18/2021,25.63,25.64,2.78,1.76,0,19.24,96.61
10/19/2021,26.14,29.13,4.64,1.6,0,19.41,96.68
10/20/2021,24.89,35,5.88,2.77,0.05,19.03,96.87
10/21/2021,22.02,56.14,11.63,2.25,0.55,18.01,96.81
10/22/2021,19.09,68.19,12.35,3.3,4.73,14.58,96.61
10/23/2021,18.39,56.36,7.42,2.89,0,19.16,96.52
10/24/2021,19.88,44.34,5.47,1.56,0,16.77,96.64
10/25/2021,21,48.85,8.23,2.06,0,15.06,96.58
10/26/2021,19,69.13,12.08,2.22,0.02,16.64,96.52
10/27/2021,18.79,65.48,10.91,1.84,0.03,17.63,96.41
10/28/2021,19.69,58.81,9.99,1.67,0.01,17.48,96.43
10/29/2021,19.86,57.74,9.65,1.68,0.01,17.55,96.61
10/30/2021,21.06,40.41,5.8,1.8,0,17.8,96.77
10/31/2021,21.3,38.18,4.24,1.39,0.01,17.86,97
11/1/2021,20.81,50.71,8.32,1.99,0.01,17.74,96.88
11/2/2021,20.2,65.45,12.74,1.89,0.14,16.86,96.62
11/3/2021,18.38,73.85,13.2,2.17,1.64,11.9,96.42
11/4/2021,16.17,69.75,10.03,3.01,0.82,12.28,96.44
11/5/2021,14.01,61.86,5.63,4,0,17.35,96.72
11/6/2021,13.06,51.43,2.04,3.44,0,17.68,96.78
11/7/2021,12.45,48.76,-0.09,2.61,0,17.59,96.75
11/8/2021,13.68,41.9,-1.32,1.83,0,17.41,96.69
11/9/2021,14.86,34.61,-2.14,1.44,0,17.32,96.48
11/10/2021,15.93,42.69,1.33,1.45,0,16.71,96.51
11/11/2021,16.11,51.58,4.49,1.52,0,14.89,96.6
11/12/2021,15.32,62.73,7.02,2.01,0.01,16.35,96.37
11/13/2021,15.08,60.62,5.94,2.09,0.01,15.96,96.22
11/14/2021,15.76,52.62,4.47,1.52,0,15.9,96.45
11/15/2021,16.19,44.62,2.66,1.45,0,16.02,96.65
11/16/2021,14.57,52.86,3.05,1.58,0,15.97,96.32
11/17/2021,13.37,68.68,6.42,2,0.03,15.4,96.22
11/18/2021,16.91,42.84,2.23,1.47,0.03,14.29,96.13
11/19/2021,15.91,65.64,9,1.62,7.52,6.45,96.4
11/20/2021,14.91,72.65,9.18,1.89,0.07,13.97,96.72
11/21/2021,15.31,56.97,6.22,1.14,0.01,9.9,96.46
11/22/2021,15.89,58.76,7.33,1.37,0.06,14.21,96.35
11/23/2021,14.85,73.05,9.76,2.87,4.39,11.7,96.48
11/24/2021,12.89,74.26,7.64,1.36,0.93,12.36,96.73
11/25/2021,12.59,69.47,6.41,1.15,0.35,11.83,96.43
11/26/2021,11.39,77.62,7.55,1.66,4.43,7.95,96.2
11/27/2021,10.54,76.16,6.03,1.82,0.64,10.12,96.49
11/28/2021,10.97,66.86,4.36,2.44,0.57,12.03,97.16
11/29/2021,10.52,62.82,2.52,2.34,0.01,14.85,97.45
11/30/2021,12.49,63.3,4.78,1.94,0.01,14.7,97.24
12/1/2021,12.6,59.65,3.55,1.64,0.01,14.47,97.23
12/2/2021,10.54,85.16,8.06,2.52,5.29,10.98,96.96
12/3/2021,10.1,64.69,2.29,3.31,0.08,14.69,97.15
12/4/2021,11.23,55.14,1.22,1.73,0.01,14.66,97.38
12/5/2021,11.83,68.61,4.9,3.09,0.08,14.58,97.43
12/6/2021,11.84,65.13,4.08,2.89,0.04,14.6,97.36
12/7/2021,12.2,51.92,0.9,2.06,0,11.41,97.23
12/8/2021,12.15,67.51,5.41,1.55,0.03,13.87,97.28
12/9/2021,12.94,70,6.77,4.46,0.01,13.98,97.31
12/10/2021,11.82,68.39,5.2,2.62,0,14.05,97.32
12/11/2021,12.14,74.91,7,2.73,0.01,13.96,96.97
12/12/2021,15.32,50.75,3.38,1.68,0,13.3,96.89
12/13/2021,14.97,51.38,4.08,1.72,0,7.12,96.93
12/14/2021,14.09,54.4,4.34,1.41,0.01,9.66,96.74
12/15/2021,13.12,60.72,5.19,1.9,0.01,5.79,96.58
12/16/2021,12.7,60.17,4.32,1.38,0.01,12.88,96.65
12/17/2021,12.59,44.42,0.02,1.84,0,13.32,96.82
12/18/2021,15.2,39.32,0.44,1.67,0,13.15,96.68
12/19/2021,17.39,59.68,9.05,3.29,0.09,11,96.69
12/20/2021,17.6,56.34,8.12,2.87,0.02,11.58,96.85
12/21/2021,16.3,56.91,7.29,3.8,1.85,7.86,96.81
12/22/2021,16.4,64.19,9.21,2.39,0.98,8.11,96.87
12/23/2021,15.39,63.72,7.68,1.66,0,12.41,96.79
12/24/2021,15.36,54.99,5.35,2.54,0.01,11.5,96.51
12/25/2021,14.56,72.18,9.28,3.95,8.69,5.36,96.5
12/26/2021,15.59,82.12,12.29,1.8,1.54,10.16,96.79
12/27/2021,16.35,73.2,11.03,1.37,0.13,12.42,97.01
12/28/2021,16.75,67.91,9.83,1.75,0.19,13.38,97.15
12/29/2021,17.81,50.62,6.22,1.31,0.05,13.7,97.05
12/30/2021,17.79,42.38,3.68,1.6,0,13.92,97.07
12/31/2021,18.25,36.29,1.49,1.55,0,14.04,97.16
1/1/2022,17.65,33.36,-0.05,1.58,0,14.09,97.35
1/2/2022,16.43,38.29,0.75,1.58,0,14.24,97.44
1/3/2022,15.56,40.36,0.91,1.59,0,14.26,97.27
1/4/2022,13.57,52.01,2.54,2.66,0.14,12.92,97.12
1/5/2022,11.89,70,5.9,2.65,0.09,13.58,97.08
1/6/2022,10.61,75.32,5.85,1.93,0.06,14.15,96.99
1/7/2022,11.49,65.71,3.9,2.36,0.01,14.55,97.07
1/8/2022,13.59,45.31,0.63,1.46,0,14.41,97.27
1/9/2022,13.78,34.4,-3.09,1.71,0,15,97.31
1/10/2022,12.95,35.31,-4.64,1.44,0.27,10.01,96.9
1/11/2022,11.48,79.83,7.84,1.19,5.28,12.31,96.73
1/12/2022,13.41,50.79,1.41,1.5,1.07,14.72,96.8
1/13/2022,14.13,49.5,2.78,1.87,0.09,14.29,97.04
1/14/2022,14.39,49.53,2.92,1.38,0.29,14.1,97.28
1/15/2022,13.37,52.65,2.7,1.64,0,14.26,97.3
1/16/2022,13.32,46.43,0.71,1.84,0,14.95,97.31
1/17/2022,12.83,47.69,1.14,1.68,0,10.89,97.44
1/18/2022,12.54,48.2,1.24,1.58,0,10.52,97.37
1/19/2022,12.93,46.63,0.79,1.43,0,14.72,97.31
1/20/2022,13.44,46.13,1.2,1.7,0,11.1,97.04
1/21/2022,14.93,39.46,0.32,1.23,0,12.23,96.78
1/22/2022,17.39,40.86,3.4,2.65,0,9.39,96.69
1/23/2022,16.24,56.35,5.7,2.86,0.01,13.73,96.79
1/24/2022,14.03,75.76,9.12,1.7,0.1,13.21,96.89
1/25/2022,13.14,73.91,8.06,1.23,8.82,9.61,96.77
1/26/2022,12.71,65.73,5.83,1.49,2.19,13.01,96.68
1/27/2022,13.67,53.15,3.6,1.58,0.31,11.81,96.76
1/28/2022,14.49,51.61,3.81,2.66,0.3,11.78,96.85
1/29/2022,15.92,43.37,3,2.8,0,9.8,97.03
1/30/2022,17.09,37.07,1.44,2.6,0.47,10.5,97.13
1/31/2022,16.91,43.82,3.81,2.05,0.1,11.36,97.37
2/1/2022,16.04,40.41,1.04,1.79,0,14.75,97.28
2/2/2022,16.85,29.01,-2.65,1.65,0,14.04,97.08
2/3/2022,18.35,41.73,4.18,2.09,0,9.37,97.06
2/4/2022,17.67,51.07,6.59,1.62,0,14.54,97.03
2/5/2022,16.24,61.22,8.39,2.09,0.05,13.46,96.94
2/6/2022,15.58,67.2,8.71,1.57,0.46,13.31,96.88
2/7/2022,18.29,47.1,5.2,1.16,0.07,15.2,96.84
2/8/2022,18.29,36.56,1.82,1.61,0,15.45,97.02
2/9/2022,17.59,39.49,2.3,1.68,0,16.9,97.17
2/10/2022,16.25,36.74,-0.5,1.91,0,17.09,97.21
2/11/2022,11.7,55.92,2.9,1.55,0.01,10.52,97.14
2/12/2022,13.33,52.97,3.08,2.04,0,17.69,96.96
2/13/2022,14.19,46.18,0.79,1.68,0,18.22,96.93
2/14/2022,13.74,60.94,5.22,1.75,0.01,16.9,97.05
2/15/2022,13.13,63.11,4.82,2.83,0.01,18.69,97.29
2/16/2022,14.51,47.65,1.21,1.89,0,19.22,97.57
2/17/2022,15.32,41.05,-1.84,1.82,0.03,19.06,97.16
2/18/2022,14.44,55.07,3.39,2,0.03,17.73,96.84
2/19/2022,12.25,77.59,7.9,2.13,0.75,13.42,96.9
2/20/2022,13.67,62.75,5,2.27,0.01,16.46,96.83
2/21/2022,17.33,38.53,1.59,2.03,0,18.72,96.96
2/22/2022,18.95,31.9,0.33,1.77,0,10.8,96.92
2/23/2022,19.88,44.23,5.87,3.25,0.32,9.63,96.71
2/24/2022,19.24,54.46,8.4,2.07,0.67,10.44,96.46
2/25/2022,18.9,55.08,8.42,2.58,1,14.93,96.25
2/26/2022,17.18,66.28,9.94,2.44,0.26,8.22,96.22
2/27/2022,14.68,83.8,11.81,2.51,2.06,7.07,96.56
2/28/2022,16.39,70.29,9.92,2.64,0.09,18.5,96.79
3/1/2022,16.28,56.43,6.19,1.54,0.02,20.66,96.93
3/2/2022,14.85,62.23,5.93,1.69,0.14,20.79,97.12
3/3/2022,14.59,61.56,6.1,1.92,0.91,21.5,97.09
3/4/2022,12.1,67.07,5.33,2.9,0.85,17.29,96.95
3/5/2022,11.07,64.42,3.12,1.65,0.1,21.85,96.7
3/6/2022,10.64,81.88,7.43,2.71,9.04,14.17,96.2
3/7/2022,11.22,69.48,4.69,1.42,0,21.99,96.49
3/8/2022,12.72,63.03,4.16,1.55,0,23.09,96.75
3/9/2022,15.44,56.82,4.46,1.88,0,19.96,96.64
3/10/2022,15.65,62.24,6.42,1.62,0.01,22.35,96.78
3/11/2022,15.13,53.8,4.83,1.98,0.03,19.6,96.78
3/12/2022,14.92,59.54,6.19,1.48,0.24,19.1,96.71
3/13/2022,14.96,67.62,7.82,1.92,3.12,22.63,96.3
3/14/2022,11.16,74.35,6.36,3.75,8.15,8.12,95.47
3/15/2022,10.25,78.95,6.51,2.11,7.9,17.57,95.54
3/16/2022,11.16,77.31,6.91,2.46,1.75,12.92,96.17
3/17/2022,13.47,76.76,9.02,2.01,0.36,10.65,96.5
3/18/2022,15.35,64.94,7.74,1.44,0.02,19.92,96.48
3/19/2022,17.5,55.69,7.01,1.59,0,21.48,96.34
3/20/2022,15.53,65.81,8.26,3.24,0.02,16.71,96.39
3/21/2022,14.75,66.04,6.92,2.02,0,21.48,96.64
3/22/2022,14.36,73.58,9.05,1.91,0.08,16.71,96.52
3/23/2022,12.21,80.3,8.52,3.1,5.93,13.63,96.18
3/24/2022,11.7,79.53,7.96,2.79,3.68,17.62,95.7
3/25/2022,13,72.11,7.34,2.07,1.08,22.06,95.97
3/26/2022,14.47,66.93,7.12,1.22,0.05,23.32,96.09
3/27/2022,18.4,43.86,3.4,1.83,0.01,18.95,96.11
3/28/2022,18.27,52.49,6.97,2.87,1.41,19.7,96.07
3/29/2022,14.8,77.58,10.59,2.68,5.94,17.2,95.93
3/30/2022,13.78,76.09,9.2,2.97,6.51,17.08,96.21
3/31/2022,14.4,68.66,7.27,1.75,0.06,25.12,96.43
4/1/2022,14.59,66.14,7.04,2.76,0.33,25.98,96.35
4/2/2022,16.14,52.87,4.59,2.33,0.01,26.42,95.81
4/3/2022,15.56,66.69,8.53,2.93,0.2,15.46,95.36
4/4/2022,12.46,81.57,9.14,3.27,34.04,13.92,95.25
4/5/2022,11.19,75.67,6.74,4.91,7.31,21.06,96.16
4/6/2022,14,66.68,6.77,2.31,0.18,21.03,96.74
4/7/2022,15.02,67.66,7.51,3.1,0.01,26.18,96.92
4/8/2022,16.61,65.19,8.25,2.27,0.02,27.05,96.89
4/9/2022,19.08,53.76,7.25,1.94,0,26.55,96.47
4/10/2022,21.37,43.65,5.3,2.91,0,25.65,96
4/11/2022,16.23,69.26,9.76,3.36,0.13,18.8,96.02
4/12/2022,15.83,65.94,8.28,2.32,0.35,23.48,96.22
4/13/2022,16.12,65.33,8.46,2.78,0.26,26.02,96.25
4/14/2022,16.43,59.78,6.01,3.37,0.01,29.01,96.38
4/15/2022,19.32,54.5,7.84,3.34,0,28.3,96.47
4/16/2022,22.55,42.47,6.33,1.72,0,27.36,96.46
4/17/2022,23.77,39.91,6.97,1.8,0,24.4,96.37
4/18/2022,21.13,49.9,8.51,1.8,0,26.13,96.38
4/19/2022,16.14,64.43,8.4,2.83,0.01,22.85,96.48
4/20/2022,14.27,60.24,5.57,3.17,0.01,26.2,96.5
4/21/2022,14.18,59.11,4.24,2.22,0.01,29.81,96.25
4/22/2022,14.08,69.82,7.71,3.46,0.29,29.02,95.96
4/23/2022,15.44,66.23,8.23,2.71,1.21,20.97,96.18
4/24/2022,14.96,66.59,7.97,2.67,0.05,19.08,96.13
4/25/2022,16.87,64.62,9.15,2.6,0.63,27.19,95.93
4/26/2022,16.64,66.59,9.46,3.06,0.55,25.67,96.11
4/27/2022,17.3,66.41,9.74,2.92,0.16,28.27,96.5
4/28/2022,16.95,63.94,8.34,3.56,0.04,29.5,96.58
4/29/2022,18.19,57.38,6.79,3.08,0.01,29.53,96.47
4/30/2022,21.15,44.17,6.1,2.31,0,26.56,96.63
5/1/2022,21.21,43.58,6.14,2.1,0.01,28.95,96.78
5/2/2022,18.24,59.87,8.56,2.66,0.08,30.02,96.57
5/3/2022,16.1,68.19,9.41,2.73,0.59,23.82,96.19
5/4/2022,17.05,63.72,9.17,2.25,0.22,28.51,96.36
5/5/2022,19.38,56.06,8.24,3.14,0.03,30.07,96.61
5/6/2022,22.69,43.36,6.71,2.45,0,29.63,96.68
5/7/2022,23.75,36.98,5.65,2.34,0,29.72,96.56
5/8/2022,25.15,35.56,6.36,2.43,0,29.41,96.36
5/9/2022,27.21,30.74,5.57,2.1,0,30.15,96.36
5/10/2022,26.65,31,4.74,1.72,0,30.29,96.33
5/11/2022,25.66,34.19,6.7,2.36,0.05,28.06,96.33
5/12/2022,25.2,43.57,10.81,2.92,3.85,22.59,96.41
5/13/2022,25.49,44.23,10.07,2.37,0,27.36,96.54
5/14/2022,23.19,47.09,9.83,2.47,0,26.71,96.56
5/15/2022,21.19,59.49,11.19,2.24,0.01,30.34,96.74
5/16/2022,22.86,57.67,12.35,3.02,0,30.05,96.72
5/17/2022,23.75,52.11,10.94,2.61,0,29.54,96.64
5/18/2022,24.16,55.06,12.57,2.98,0,30.23,96.39
5/19/2022,29.03,36.85,6.19,2.49,0,30.25,96.08
5/20/2022,27.94,38.91,9.84,2.7,0,25.03,96.18
5/21/2022,26.4,45,10.88,3.14,0,26.65,96.47
5/22/2022,23.41,53.24,12.06,3.24,0,24.91,96.49
5/23/2022,24.64,52.92,12.42,3.29,0,27.15,96.17
5/24/2022,21.73,56.85,11.38,3.38,0,26.76,96.34
5/25/2022,21.4,50.7,8.41,2.94,0,29.74,96.47
5/26/2022,24.71,44.34,9.04,1.73,0,29.55,96.44
5/27/2022,28.03,32.3,8.1,3.03,0.03,21.05,96.41
5/28/2022,25.22,49.45,12.84,3.41,0.08,26.1,96.33
5/29/2022,20.84,60.96,11.59,3.41,0.07,19.89,96.22
5/30/2022,21.68,51.76,9.04,1.9,0.01,31.68,96.16
5/31/2022,23.58,44.85,8.67,3.05,0,31.39,96.31
6/1/2022,23.25,50.35,10.28,3.32,0,29.91,96.52
6/2/2022,21.57,59.26,11.94,2.63,0,23.34,96.48
6/3/2022,21.49,56.87,10.95,2.74,0,28.06,96.51
6/4/2022,22.06,57.51,12.15,3.48,0,26.41,96.65
6/5/2022,23.42,55.38,12.67,3.84,0,31.19,96.72
6/6/2022,24.77,53.21,13.07,3.52,0,26.54,96.69
6/7/2022,24.87,53.45,13.27,3.27,0,30.01,96.73
6/8/2022,25.87,49.82,12.18,3.98,0,30.58,96.62
6/9/2022,26.34,50.2,13.21,3.68,0,30.44,96.37
6/10/2022,27.77,51.96,15.49,3,0,29.23,96.25
6/11/2022,31.15,39.77,13.67,2.53,0,25.34,96.18
6/12/2022,30.95,33.37,11.23,1.83,0.14,23.46,96.33
6/13/2022,31.75,31.64,12.09,2.76,0.02,22.18,96.3
6/14/2022,31.77,30.53,11.3,3.32,0.45,11.62,96.26
6/15/2022,28.87,42.98,12.72,3.55,0.02,17.88,96.39
6/16/2022,24.71,57.09,14.41,3.73,0.01,26.94,96.5
6/17/2022,26.66,53.24,14.01,3.73,0,29.19,96.49
6/18/2022,27.66,47.42,13.28,3.8,0,27.03,96.44
6/19/2022,25.8,48.81,12.72,3.61,0,25.8,96.25
6/20/2022,24.89,55.71,14.35,3.93,0.18,24.08,96.24
6/21/2022,22.05,58.31,12.81,4.01,0.16,25.65,96.37
6/22/2022,22.28,49.64,9.39,3.08,0.02,29.31,96.47
6/23/2022,22.06,53.17,10.3,3,0.01,31.1,96.56
6/24/2022,22.74,56.09,11.7,3.6,0.07,29.59,96.56
6/25/2022,23.2,55.37,12.12,4.34,0,31.11,96.27
6/26/2022,22.25,58.3,12.7,4.61,0,30.27,96.28
6/27/2022,21.83,51.25,10.25,4.73,0,30.42,96.56
6/28/2022,22.57,52.33,10.8,4,0,31.04,96.54
6/29/2022,23.27,52.83,11.31,3.81,0,30.87,96.43
6/30/2022,22.54,54.23,11.43,4.07,0.04,30.28,96.28
7/1/2022,23.6,50.82,11.2,3.71,0,30.67,96.24
7/2/2022,23.43,57.78,13.07,3.47,0,28.62,96.61
7/3/2022,23.85,56.77,13.38,3.24,0,28.04,96.73
7/4/2022,25.39,54.06,13.95,3.53,0,26.25,96.61
7/5/2022,25.36,52.33,13.64,3.3,0.01,27.21,96.65
7/6/2022,28.38,43.08,12.54,3.06,0.01,28.17,96.61
7/7/2022,31.62,33.59,11.52,2.69,0.04,27.47,96.58
7/8/2022,34.88,22.71,8.29,2.52,0,28.12,96.48
7/9/2022,35.25,17.83,3.94,2.49,0,28.74,96.38
7/10/2022,35.4,14.35,1.33,2.57,0,30.17,96.13
7/11/2022,34.31,20.32,5.04,2.66,0,27.53,95.88
7/12/2022,31.53,36.75,11.73,2.86,0,27.05,96.16
7/13/2022,34.48,27.12,9.35,2.22,0,26.49,96.37
7/14/2022,33.57,34.71,13.79,2.62,0,26.22,96.23
7/15/2022,31.93,41.49,14.44,2.84,0.06,27,96.14
7/16/2022,30.58,42.52,14.26,2.96,0,27.44,96.26
7/17/2022,30.67,42.08,14.47,3.05,0,25.25,96.43
7/18/2022,29.96,46.47,15.77,3.71,0,23.21,96.49
7/19/2022,31.25,38.89,13.86,3.76,0,26.75,96.43
7/20/2022,33.57,29.73,11.54,2.63,0.2,19.28,96.39
7/21/2022,36.09,23.04,10.08,2.78,0.04,21.64,96.3
7/22/2022,37.11,22.83,10.66,2.4,0,24.04,96.28
7/23/2022,37.98,19.41,8.83,3.03,0,19.75,96.3
7/24/2022,38.32,19.8,9.92,2.12,0.08,20.15,96.32
7/25/2022,36.85,22.11,10.43,3.05,0.02,26.31,96.42
7/26/2022,33.79,22.99,7.28,3.66,0,29.05,96.5
7/27/2022,29.57,38.86,11.91,3.77,0,28.45,96.39
7/28/2022,27.41,46.47,12.97,3.72,0.02,29.08,96.22
7/29/2022,28.44,48.57,14.8,3.88,0.03,28.5,96.28
7/30/2022,31.7,38.48,12.81,3.22,0,28.07,96.25
7/31/2022,36.59,21.47,7.5,2.52,0,25.33,96.19
8/1/2022,35.35,27.21,9.69,3.01,0,23.36,96.21
8/2/2022,35.94,24.06,9.52,2.74,0,23.62,96.11
8/3/2022,31.25,39.05,12.83,3.21,0,27.82,96.14
8/4/2022,29.3,39.76,11.4,3.23,0,27.72,96.15
8/5/2022,30.18,33.53,8.79,2.87,0,28.02,96.27
8/6/2022,30.34,34.87,10.11,3.1,0,26.36,96.42
8/7/2022,27.88,44.13,11.81,2.8,0,29.15,96.45
8/8/2022,27.02,47.77,12.35,3.34,0,29.61,96.39
8/9/2022,26.13,50.6,13.11,3.13,0.04,28.62,96.36
8/10/2022,26.86,46.33,11.55,3.26,0,28.12,96.31
8/11/2022,27.9,46.64,13.16,3.38,0,24.6,96.29
8/12/2022,32.34,39.47,13.44,2.92,0,22.65,96.13
8/13/2022,30.97,43.77,15.45,3.52,0.02,25.27,96.19
8/14/2022,26.76,53.34,15.74,3.5,0,22.45,96.35
8/15/2022,25.91,48.25,12.74,3.51,0,22.06,96.26
8/16/2022,24.41,54.14,12.98,3.61,0,27.9,96.18
8/17/2022,24.49,51.95,12.41,4.2,0,28.56,96.19
8/18/2022,27.14,42.32,9.41,3.03,0,28.92,96.15
8/19/2022,31.79,23.62,5.67,2.37,0,24.36,96.2
8/20/2022,34,20.96,6.78,2.6,0,16.9,96.39
8/21/2022,33.75,24.94,8.37,3.15,0,21.29,96.42
8/22/2022,30.78,32.35,9.69,3.17,0,26.12,96.15
8/23/2022,28.83,44.74,12.94,2.76,0,22.57,96.17
8/24/2022,27.13,52.83,15.45,3.44,0.01,22.97,96.33
8/25/2022,27.21,52.83,15.26,3.85,0,24.31,96.31
8/26/2022,27.11,54.58,15.67,3.85,0,25.22,96.11
8/27/2022,24.4,60.03,15.37,3.53,0,24.1,95.98
8/28/2022,24.59,58.4,14.92,3.76,0,24.51,96
8/29/2022,29.45,45.58,14.39,2.92,2.52,21.11,96.27
8/30/2022,29.68,43.43,15.48,2.42,0.27,7.87,96.62
8/31/2022,31.36,40.53,14.69,3.07,0.16,20.22,96.57
9/1/2022,29.02,40.32,13.49,3.6,0.67,18.92,96.47
9/2/2022,26.88,43.48,12.64,2.83,0.01,17.61,96.47
9/3/2022,25.96,54.33,14.69,3.78,0,24.62,96.47
9/4/2022,25.23,49.31,11.99,3.22,0,25.99,96.68
9/5/2022,25.63,47.43,11.41,3.69,0,25.57,96.85
9/6/2022,23.91,58.99,14.67,3.7,0,22.48,96.75
9/7/2022,24.73,53.12,12.63,3.6,0,25.6,96.57
9/8/2022,25.68,46.57,11.16,3.64,0.01,25.66,96.51
9/9/2022,26.5,51.27,13.95,2.87,0.01,23.5,96.57
9/10/2022,28.97,47.17,14.42,2.17,0.01,19.66,96.48
9/11/2022,30.34,38.67,12.71,2.65,0.01,21.4,96.2
9/12/2022,25.2,55.5,14.42,3.02,0,15.4,96.1
9/13/2022,23.68,63.8,15.64,3.19,0.02,18.54,96.2
9/14/2022,23.33,59.57,13.52,2.76,0.04,23.1,96.36
9/15/2022,23.66,59.89,13.89,3.27,0.08,23.71,96.44
9/16/2022,23.53,64.24,15.29,4.13,0.06,18.32,96.22
9/17/2022,24.27,58.95,14.65,3.36,0.02,18.96,95.9
9/18/2022,23.67,63.11,15.34,3.32,0.12,19.83,95.87
9/19/2022,23.73,60.69,14.69,2.9,0.12,15.49,96.3
9/20/2022,24.62,60.83,15.12,2.54,0.17,21.12,96.48
9/21/2022,25.29,58.5,14.5,2.83,0.03,23.29,96.51
9/22/2022,24.46,59.99,14.65,2.66,0.11,23.4,96.51
9/23/2022,24.72,61.09,15.41,2.61,0.02,23.12,96.4
9/24/2022,24.58,62.32,15.9,2.56,0.09,16.72,96.38
9/25/2022,20.4,72.39,15.14,2.54,7.3,6.27,96.27
9/26/2022,20.19,63.74,12.41,2.58,0.22,10.81,96.46
9/27/2022,20.11,57.55,9.97,2.25,0,21.9,96.82
9/28/2022,20.17,60.75,10.63,2.39,0.04,23.19,96.73
9/29/2022,20,65.34,12.09,2.9,0.06,21.65,96.44
9/30/2022,19.95,62.69,11.58,3.5,0.14,18.29,96.28
10/1/2022,21.93,50.68,9.29,2,0.04,21.37,96.43
10/2/2022,24.93,36.44,7.77,1.97,0,15.97,96.57
10/3/2022,26.38,30.91,6.5,1.86,0,19.17,96.88
10/4/2022,25.06,36.77,7.49,1.76,0,20.87,96.77
10/5/2022,23.26,54.16,11.89,2.5,0.05,19.32,96.7
10/6/2022,24.81,40.41,8.07,1.7,0,20.31,96.52
10/7/2022,27.56,29.84,7.19,2.67,0.89,18.55,96.21
10/8/2022,25.34,51.21,12.96,2.14,0.03,16.26,96.16
10/9/2022,23.47,57.09,13.72,2.44,0.23,16.17,96.47
10/10/2022,21.72,61.9,13.11,2.24,0.08,13.93,96.63
10/11/2022,20.27,65.93,12.88,2.51,0.88,15.9,96.52
10/12/2022,18.34,79.3,14.49,3.11,10.19,12.78,96.47
10/13/2022,20.74,69.57,14.05,1.77,0.6,19.45,96.63
10/14/2022,23.18,43.22,7.79,1.5,0,19.58,96.62
10/15/2022,25.26,41.97,10.45,1.8,0.58,15.81,96.48
10/16/2022,25.56,38.51,9.53,2.75,0.86,8.63,96.4
10/17/2022,26.02,40.18,10.54,2.24,0,16.78,96.73
10/18/2022,25.93,38.1,9.85,2.2,0,15.06,97.03
10/19/2022,25.87,36.69,8.82,2.32,0,16.63,96.8
10/20/2022,25.31,38.18,8.75,2.53,0,16.92,96.56
10/21/2022,25.12,37.02,7.66,2.49,0,18.33,96.62
10/22/2022,25.02,36.34,6.8,3.22,0,16.97,96.58
10/23/2022,24.16,34.87,4.86,2.53,0,16.13,96.58
10/24/2022,25.84,25.34,2.25,2.5,0,15.35,96.55
10/25/2022,25.18,26.37,3.27,2.94,0,13.43,96.59
10/26/2022,26.83,23.08,2.35,2.53,0,17.3,96.59
10/27/2022,25.84,22.91,1.01,1.79,0,18.14,96.89
10/28/2022,25.25,17.94,-2.57,2.03,0,17.19,96.91
10/29/2022,25.42,17.43,-1.81,2.56,0,13.07,96.73
10/30/2022,24.8,21.25,-0.13,1.78,0,15.62,96.6
10/31/2022,23.59,24.6,1.28,2.14,0,16.8,96.83
11/1/2022,23.76,34.05,5.01,2.04,0,10.9,97.03
11/2/2022,22.39,42.37,7.25,2.05,0,14.84,97.01
11/3/2022,20.64,53.64,9.9,1.51,0,16.86,97.05
11/4/2022,20.64,49.62,7.91,1.62,0,16.82,96.93
11/5/2022,20.92,51.6,8.95,1.47,0,16.63,96.79
11/6/2022,21.53,61.01,12.19,1.54,0,16.47,96.82
11/7/2022,21.99,43.88,6.55,2.01,0,16.42,96.79
11/8/2022,21.14,44.86,6.75,1.39,0,13.91,96.73
11/9/2022,18.88,53.62,7.94,1.35,0,15.63,96.84
11/10/2022,19.25,56.98,9.11,1.98,0,16,96.66
11/11/2022,19.79,44.03,4.77,1.87,0,16.27,96.44
11/12/2022,21.53,27.76,0.53,3.24,0,15.35,96.61
11/13/2022,21.99,25.85,0.37,2.47,0,13.23,96.91
11/14/2022,22.3,26.33,0.61,1.42,0,14.44,97.03
11/15/2022,21.39,32.94,2.98,1.94,0,12.4,97.01
11/16/2022,19.76,34.61,1.71,2.05,0,12.72,96.91
11/17/2022,18.31,53.31,6.91,1.52,0.04,15.7,96.78
11/18/2022,17.62,75.37,12.76,2.92,0.81,13.33,96.86
11/19/2022,14.85,61.76,6.5,3.8,0.01,15.81,97.17
11/20/2022,14.86,55.02,4.67,2.86,0,15.29,97.28
11/21/2022,16.46,56.91,6.38,1.71,1.1,15.05,97.32
11/22/2022,16.86,63.95,8.92,2.18,8.41,14.25,97.19
11/23/2022,17.68,57.48,7.55,1.77,2.09,14.62,96.95
11/24/2022,18.63,61.14,8.94,1.69,6.2,12.3,96.87
11/25/2022,18.01,67.01,10.9,1.81,10.81,14.12,97.03
11/26/2022,19.77,40.24,4.53,1.6,0.25,14.45,97.15
11/27/2022,19.05,43.42,4.7,1.77,0.1,14.59,97.15
11/28/2022,16.54,63.65,8.48,2.7,0.14,14.71,97
11/29/2022,14.78,46.19,1.78,1.83,0,14.92,96.67
11/30/2022,14.44,47.91,2.5,1.36,0.01,13.84,96.47
12/1/2022,13.3,78.86,9.4,2.75,8.58,10.38,96.12
12/2/2022,14.78,81.71,11.32,1.74,3.15,11.68,95.8
12/3/2022,14.33,80.38,10.4,1.86,0.68,13.81,95.77
12/4/2022,15.9,67.01,8.84,1.4,0.1,11.25,95.92
12/5/2022,16.51,64.31,9.1,4.45,0.67,7.19,96.08
12/6/2022,16.12,69.99,10.21,1.49,0.59,10.42,96.54
12/7/2022,17.14,56.64,7.65,2.21,0.42,9.62,96.06
12/8/2022,17,67.67,10.79,2.86,4.13,2.79,95.8
12/9/2022,15.98,81.42,12.58,4.68,3.75,8.58,96.16
12/10/2022,15.92,69.67,9.91,2.49,1.12,11.36,96.63
12/11/2022,17.53,69.37,11.52,2.21,1.62,10.16,96.63
12/12/2022,17.7,77.87,13.3,2.12,0.45,11.35,96.76
12/13/2022,18.96,65.43,11.77,2.49,0.22,12.2,96.65
12/14/2022,17.38,70.67,11.65,4.63,8.05,9.5,96.31
12/15/2022,13.99,84.46,11.26,5.35,9,9.96,96.17
12/16/2022,13.45,84.38,10.59,2.43,3.56,12.71,96.41
12/17/2022,13.86,76.96,9.24,1.39,0.13,13.68,96.78
12/18/2022,15.57,61.58,7.26,1.74,0,13.57,97.08
12/19/2022,15.95,51.63,5.16,1.63,0,13.29,97.3
12/20/2022,15.51,56.27,5.72,1.44,0,12.33,97.44
12/21/2022,14.6,62.88,6.64,1.5,0.02,13.13,97.59
12/22/2022,15.91,63.02,7.9,1.37,0.03,12.65,97.51
12/23/2022,16.74,54.55,6.65,1.41,0,13.23,97.34
12/24/2022,16.29,47.57,3.98,1.61,0,13.19,97.18
12/25/2022,15.79,48.5,4.08,1.54,0,12.57,96.91
12/26/2022,14.75,44.37,1.2,2.02,0,13.25,97.04
12/27/2022,14.3,43.48,1.15,2.14,0,13.46,97.27
12/28/2022,13.74,54.75,3.45,2.2,0.04,12.82,97.31
12/29/2022,14.18,46.41,1.4,1.32,0.01,13.46,97.38
12/30/2022,15.14,40.96,0.89,1.64,0,13.14,97.37
12/31/2022,16.06,47.02,3.98,1.83,0,8.87,97.33
1/1/2023,14.98,47.78,3.1,1.97,0,13.23,97.17
1/2/2023,14.73,50.92,3.23,1.53,0,12.85,97.19
1/3/2023,14.35,61.23,5.43,1.58,0,11.71,97.4
1/4/2023,14.13,55.79,4.01,1.38,0,12.54,97.44
1/5/2023,13.65,50.27,2.22,1.82,0,13.6,97.3
1/6/2023,13.81,51.31,2.78,1.2,0,13.75,97.32
1/7/2023,12.89,58.1,3.68,1.22,0,13.39,97.43
1/8/2023,13.56,59.13,4.57,1.32,0.01,13.88,97.61
1/9/2023,14.17,69.58,7.93,1.65,0.02,13.98,97.68
1/10/2023,14.85,68.22,8.3,1.59,0.02,13.93,97.61
1/11/2023,14.51,79.94,10.75,2.09,0.42,9.4,97.55
1/12/2023,12.97,78.84,8.85,2.33,0.22,14.22,97.35
1/13/2023,14.03,67.07,6.68,1.69,0.05,14.02,97.37
1/14/2023,14.15,62.69,6.05,1.19,0.03,14.47,97.31
1/15/2023,13.54,63.78,5.84,1.35,0.04,14.62,97.36
1/16/2023,11.93,73.6,6.62,1.93,0.05,15.14,97.27
1/17/2023,11.83,78.52,7.75,1.67,0.16,13.01,96.92
1/18/2023,12.12,76.3,7.72,2.34,0.7,9.99,96.9
1/19/2023,9.64,70.23,3.35,3.24,0,15.62,97.19
1/20/2023,9.94,63.86,2.03,2.29,0.01,15.58,97.11
1/21/2023,11.72,75.96,6.99,2.16,0.04,15.39,96.98
1/22/2023,12.48,77.82,8.13,2.45,0.04,15.61,96.82
1/23/2023,11.03,66.63,4.19,1.85,0.01,15.85,96.65
1/24/2023,8.84,60.86,0.39,2.03,0,16.2,96.63
1/25/2023,7.65,68.05,1.66,1.81,0.03,15.66,96.79
1/26/2023,8.03,60.09,-1.1,1.53,0,16.21,97.02
1/27/2023,7.68,81.4,4.56,2.34,4.31,10.6,96.72
1/28/2023,7.91,72.46,2.58,1.63,0.21,14.52,96.63
1/29/2023,7.63,61.22,-0.27,1.43,0,16.2,96.65
1/30/2023,9.41,52.18,-0.95,1.72,0,15.84,96.81
1/31/2023,10.82,44.66,-1.65,2.24,0,9.22,97.1
2/1/2023,9.19,57.88,0.07,1.27,0.01,9.09,97.26
2/2/2023,9.57,51.25,-1.3,1.76,0,16.77,97.22
2/3/2023,10.13,36.99,-4.99,1.94,0,16.67,97.22
2/4/2023,11.14,41.01,-3.22,1.59,0,16.05,97.38
2/5/2023,12.03,50.48,0.19,1.58,0.01,16.59,97.31
2/6/2023,12.12,55,1.62,1.61,0,16.21,96.89
2/7/2023,10.91,64.25,3.39,1.22,0.07,13.42,96.54
2/8/2023,10.43,71.19,4.62,1.93,0.03,16.47,96.78
2/9/2023,12.78,53.86,1.4,1.54,0,16.8,96.91
2/10/2023,13.12,48.97,2.18,1.39,0.17,4.38,96.89
2/11/2023,14.15,56.27,4.66,1.97,0.04,10.94,96.89
2/12/2023,15.2,52.73,4.27,1.68,0,16.86,97.05
2/13/2023,16.07,49.45,4.21,1.72,2.56,9.04,97.11
2/14/2023,13.14,75.59,8.81,1.84,1.21,7.95,97.21
2/15/2023,10.89,73.72,6.05,2.3,2.12,3.83,96.89
2/16/2023,10.27,86.22,7.95,3.18,6.18,4.26,96.78
2/17/2023,14.42,60.68,6.29,1.9,1.06,8.08,96.56
2/18/2023,15.84,55.43,6.02,1.3,0.16,12.56,96.68
2/19/2023,15.4,52.09,4.35,1.63,0.01,12.97,96.65
2/20/2023,17.04,52.59,5.82,2.32,0.01,15.62,96.62
2/21/2023,17.26,54.45,6.48,2.15,0.02,14.55,96.59
2/22/2023,16.71,63.99,8.52,1.76,0.06,17.27,96.51
2/23/2023,14.82,72.98,9.44,3.2,4.04,13.42,96.02
2/24/2023,10.6,71.92,5.17,2.29,8.99,12.63,96.09
2/25/2023,10.38,70.86,4.61,2.02,1.11,18.6,96.28
2/26/2023,12.22,81.29,8.97,4.4,12.01,8.1,96.23
2/27/2023,12.49,76.61,7.85,2.05,5.34,19.01,96.71
2/28/2023,14.1,71.88,8.31,1.82,1.35,18.04,96.92
3/1/2023,13.58,72.09,7.7,1.65,1.29,18.61,96.76
3/2/2023,14.57,69.9,8.41,1.73,0.52,16.62,96.73
3/3/2023,15.46,76.03,10.63,1.82,1.25,15.1,96.59
3/4/2023,14.98,67.24,7.89,1.17,0,19.84,96.55
3/5/2023,15.49,60.9,6.43,1.28,0,21.27,96.53
3/6/2023,16.23,60.42,6.89,1.27,0,21.02,96.5
3/7/2023,17.5,65.66,9.46,1.48,0,21.95,96.55
3/8/2023,18.11,64.35,10.06,1.42,0,21.59,96.6
3/9/2023,16.96,72.09,11.17,1.99,0,20.87,96.91
3/10/2023,18.18,64.56,9.93,2.4,0,22.71,97.04
3/11/2023,20.72,46.97,6.43,2.03,0,22.73,97.02
3/12/2023,21.92,32.55,2.02,1.69,0,23.44,96.82
3/13/2023,18.79,40.84,3.43,1.86,0,22.71,96.85
3/14/2023,18.23,54.02,6.63,2.79,0,23.28,96.68
3/15/2023,20.96,42.74,4.76,1.71,0,23.8,96.2
3/16/2023,19.53,44.39,5.28,2.16,0,22.13,96.17
3/17/2023,16.34,64.88,8.71,2.53,0,18.34,96.5
3/18/2023,14.55,70.2,8.2,2.65,0,17.52,96.63
3/19/2023,15.23,62.53,6.26,2.81,0,24.96,96.57
3/20/2023,16.65,48.52,3.18,1.6,0,25.1,96.4
3/21/2023,18.17,45.3,4.08,1.68,0,24.44,96.39
3/22/2023,19.7,42.25,4.42,2.02,0,23.77,96.33
3/23/2023,20.39,40.96,4.51,2.44,0,24.2,96.42
3/24/2023,19.68,45.14,5.23,1.8,0,24.89,96.82
3/25/2023,20.58,41.4,4.56,2.01,0,25.04,96.86
3/26/2023,21.46,46.97,7.17,2.29,0,24.4,96.83
3/27/2023,22.46,39.5,5.81,2.2,0,24.03,96.6
3/28/2023,23.29,35.51,4.8,1.96,0,24.4,96.55
3/29/2023,24.98,29.07,3.26,2.08,0,25.06,96.87
3/30/2023,24.19,32.37,4.3,2.38,0,24.72,97.23
3/31/2023,21.75,39.01,4.85,2.75,0,25.93,97.18
4/1/2023,20,52.81,8.28,3.17,0.02,26.39,97.09
4/2/2023,19.45,58.3,8.95,3.47,0.02,26.3,96.75
4/3/2023,18.76,55.95,6.83,2.45,0.08,26.56,96.29
4/4/2023,14.53,73.2,9.2,3.01,7.8,17.33,95.91
4/5/2023,15.38,69.97,9.06,2.4,4.45,15.41,95.39
4/6/2023,18.29,57.97,8.09,1.87,0,22.71,95.79
4/7/2023,20.85,44.97,6.56,1.55,0.01,23.35,96.03
4/8/2023,20.58,51.12,8.51,1.6,0.38,15.08,96.34
4/9/2023,22.01,39.61,5.76,1.78,0,21.39,96.7
4/10/2023,22.85,38.39,6.35,2.39,0,24.31,97.03
4/11/2023,22.64,37.6,5.06,2.3,0,26.7,96.94
4/12/2023,21.25,38.97,4.17,1.99,0,26.6,96.74
4/13/2023,18.11,59.44,8.02,2.95,0,27.81,96.69
4/14/2023,18.5,50.55,4.93,3.04,0,28.08,96.65
4/15/2023,20.84,47.01,5.87,3.15,0,28.43,96.5
4/16/2023,23.99,35.95,4.93,1.69,0,28.28,95.96
4/17/2023,25.41,31.1,4.84,2.18,0,25.64,95.59
4/18/2023,23.48,39.66,7.18,2.73,0.06,23.54,95.43
4/19/2023,18.36,69.73,12.18,2.57,1.77,20.9,95.86
4/20/2023,19.01,62.1,10.37,2.62,0.09,22.58,95.97
4/21/2023,18.97,55.01,8.06,2.33,0,26.61,95.94
4/22/2023,19.44,52.71,7.86,2.17,0,28.17,96.18
4/23/2023,21.14,56.14,10.38,3.26,0,26.56,96.22
4/24/2023,23.23,41.64,6.55,2.41,0,27.81,96.29
4/25/2023,27.36,27.84,4.63,2.2,0,26.93,96.25
4/26/2023,29.27,25.3,4.84,2.32,0,26.83,96.16
4/27/2023,29.53,25.57,5.93,2.62,0,26.94,96.13
4/28/2023,27.59,32.22,7.98,2.54,0,25.19,96.47
4/29/2023,24.71,42.84,9.08,2.97,0.01,27.6,96.68
4/30/2023,24.02,48.3,10.15,3.06,0.01,28.02,96.47
5/1/2023,23.29,43.27,6.5,2.8,0.02,29.47,96.29
5/2/2023,26.75,31.78,6.03,2.08,0,29.14,96.04
5/3/2023,24.49,39.61,7.97,2.31,0,26.2,96.47
5/4/2023,22.95,45.8,9.32,3.36,0,26.28,96.72
5/5/2023,21.83,55.64,11.27,4.13,0.06,27.33,96.58
5/6/2023,20.25,56.52,9.51,3.45,0,27.9,96.6
5/7/2023,21.99,56.75,10.95,4.31,0,29.74,96.58
5/8/2023,24.88,48.4,10.48,3.42,0,29.1,96.76
5/9/2023,25.81,43.75,9.65,3.18,0,28.88,96.77
5/10/2023,25.59,43.7,9.51,3.17,0,29.17,96.48
5/11/2023,22.88,48.47,9.12,3.16,0,30.72,96.27
5/12/2023,21.67,52.09,8.8,2.92,0,29.45,96.23
5/13/2023,19.86,51.78,7.15,3.31,0,30.39,96.36
5/14/2023,20.68,48.55,6.07,2.98,0,30.95,96.69
5/15/2023,21.35,41.94,4.05,2.92,0,30.49,96.56
5/16/2023,19.81,55.67,8.69,2.76,1.98,24.04,96.19
5/17/2023,18.22,64.8,10.7,3.83,2.01,20.72,96.25
5/18/2023,16.72,65.63,9.53,2.39,1.07,18.09,96.36
5/19/2023,19.2,56.28,8.34,1.95,0.17,30.19,96.49
5/20/2023,18.48,58.52,8.77,2.78,0.02,28.87,96.16
5/21/2023,16.62,63.27,8.69,3.71,1.15,18.35,95.98
5/22/2023,17.94,59.43,8.59,2.84,0.59,24.23,96.09
5/23/2023,18.54,60.06,9.24,2.48,0.4,25.93,96.15
5/24/2023,19.85,57.08,9.56,2.28,0.04,26.43,96.24
5/25/2023,21.13,59.59,11.58,2.65,0.05,26.95,96.32
5/26/2023,20.46,64.1,12.43,2.78,0.82,20.29,96.3
5/27/2023,19.56,60.52,10.82,2.88,0.87,19.92,96.46
5/28/2023,20.39,55.5,9.79,2.4,0.52,23.9,96.53
5/29/2023,20.43,56.31,10.39,2.71,0.43,21.91,96.43
5/30/2023,21.48,53.98,10.03,2.43,0.1,28.36,96.61
5/31/2023,23.09,53.21,11.46,3.01,0.01,28.27,96.27
6/1/2023,22.88,53.44,11.22,3.03,0.04,29.09,95.99
6/2/2023,22.53,54.79,11.51,2.49,0.02,27.95,95.92
6/3/2023,23.01,56.45,12.23,3.38,0.02,27.48,96.03
6/4/2023,22.75,60.73,13.79,3.2,0.23,27.18,96.19
6/5/2023,22.92,62.19,14.58,2.68,0.6,24.27,96.15
6/6/2023,25.39,51.81,13.39,2.61,0.27,20.06,95.88
6/7/2023,25.97,51.48,14.25,2.26,0.09,26.36,96.04
6/8/2023,22.63,66.45,15.46,3.39,0.22,22.54,96.2
6/9/2023,22.35,56.09,11.8,2.48,0.06,28.22,96.37
6/10/2023,22.73,57.35,12.61,2.61,0.14,29.63,96.43
6/11/2023,23.75,54.26,12.38,2.75,0.04,30.52,96.43
6/12/2023,23.81,54.91,12.51,3.39,0.02,28.62,96.37
6/13/2023,22.78,58.27,12.86,3.65,0.09,23.93,96.35
6/14/2023,24.26,49.94,10.87,4.38,0.02,31.22,96.29
6/15/2023,26.66,47.88,12.11,3.36,0,30.39,96.25
6/16/2023,28.61,43.06,12.39,2.68,0,29.68,96.28
6/17/2023,26.96,50.99,13.99,3.51,0,30.07,96.24
6/18/2023,25.44,52.54,13.32,3.26,0,29.12,96.18
6/19/2023,24.54,53.52,12.9,3.45,0,28.51,96.18
6/20/2023,24.96,51.85,12.84,3.08,0.02,26.24,96.22
6/21/2023,25.31,49.6,12.43,2.88,0,25.92,96.37
6/22/2023,26.45,49.41,13.3,3.97,0,30.22,96.55
6/23/2023,28.35,44.92,13.26,3.29,0,30.43,96.45
6/24/2023,31.38,36.5,10.39,2.28,0,30.72,96.21
6/25/2023,34.75,26.24,8.03,2.45,0.01,29.69,96.16
6/26/2023,36.89,17.29,5.99,2.36,0.69,26.97,96.15
6/27/2023,34.48,30.14,10.88,2.45,31.24,25.95,96.19
6/28/2023,30.54,40.24,12.09,2.24,0.14,29.63,96.36
6/29/2023,28.17,48.56,14.46,2.78,0.51,27.71,96.56
6/30/2023,27.23,48.58,13.12,3.35,0,28.18,96.58
7/1/2023,27.44,45.71,12.25,2.65,0,30.29,96.3
7/2/2023,29.64,41.77,13.21,2.52,0,29.75,96.3
7/3/2023,28.84,44.8,13.3,2.27,0,30.2,96.56
7/4/2023,28.6,44.66,12.64,2.67,0,29.92,96.64
7/5/2023,29.48,39.69,11.82,2.77,0,30.32,96.49
7/6/2023,27.88,43.29,12.13,2.68,0,30.13,96.26
7/7/2023,25.21,53.52,13.66,3.44,0,30.55,96.49
7/8/2023,25.4,51.58,13.03,3.9,0,30.73,96.65
7/9/2023,26.44,51.52,14.12,3.43,0,29.52,96.64
7/10/2023,31.2,39.37,13.32,2.61,0,26.13,96.55
7/11/2023,32.94,34.64,12.3,2.49,0,28.36,96.49
7/12/2023,33.46,32.86,12.52,2.89,0,27.6,96.53
7/13/2023,32.37,29.96,9.25,2.76,0,26.33,96.61
7/14/2023,29.26,38.93,11.17,3.27,0,30.38,96.54
7/15/2023,26.67,51.63,14.04,4.09,0,29.92,96.48
7/16/2023,27.17,49.58,13.61,4.67,0,29.42,96.21
7/17/2023,29.33,40.38,12.41,3.22,0.17,21.73,96.29
7/18/2023,34.21,35.79,15.65,2.69,3.09,21.33,96.56
7/19/2023,31.88,45.6,17.51,3.06,0,28,96.66
7/20/2023,28.47,46.65,14.65,3.75,0,28.94,96.6
7/21/2023,27.25,46.11,13.13,4.34,0,28.58,96.49
7/22/2023,26.51,49.35,13.68,4.28,0,27.65,96.38
7/23/2023,26.15,51.3,14.13,3.85,0,26.31,96.42
7/24/2023,25.97,50.76,13.46,3.41,0,28.56,96.55
7/25/2023,25.32,53.46,13.88,3.76,0,29.94,96.54
7/26/2023,25.08,50.42,11.99,3.44,0,30.14,96.54
7/27/2023,24.57,52.88,12.68,3.94,0,30.18,96.5
7/28/2023,25.89,52.02,13.64,4.24,0,29.12,96.33
7/29/2023,27.67,47.15,13.26,3.45,0,28.81,96.43
7/30/2023,29.66,45.97,14.69,2.58,0,27.47,96.66
7/31/2023,30.38,37.2,11.71,3.32,0,27.86,96.72
8/1/2023,27.87,40.52,10.97,3.59,0,28.54,96.53
8/2/2023,26.75,49.66,13.01,3.26,0,29.28,96.41
8/3/2023,26.47,50.8,13.45,4.29,0,29.43,96.44
8/4/2023,27.34,44.22,11.5,3.92,0,29.01,96.32
8/5/2023,30.3,42.44,12.65,2.73,0,29.28,96.1
8/6/2023,31.76,38.55,13.48,2.56,0,27.93,96.13
8/7/2023,30.82,40.78,14.47,2.74,0,23.18,96.22
8/8/2023,29.76,44.89,15.2,2.72,0,21.65,96.32
8/9/2023,32.35,39.09,15.15,2.71,0.01,22.51,96.56
8/10/2023,35.27,31.92,13.21,4.02,1.73,24.35,96.69
8/11/2023,37.83,23.61,11.38,3.59,0.31,24.6,96.59
8/12/2023,37.55,21.35,10.29,3.54,0.55,23.71,96.48
8/13/2023,36.12,24.38,10.24,2.57,0.36,23.4,96.29
8/14/2023,32.83,33.93,13.09,3,0,23.66,96.24
8/15/2023,29.86,39.83,11.81,2.94,0,27.28,96.34
8/16/2023,28.75,40.83,11.99,2.95,0,26.76,96.42
8/17/2023,29.08,37.83,10.63,2.82,0,25.96,96.41
8/18/2023,31.66,30.97,10.25,3.08,0,24.82,96.4
8/19/2023,34.19,26.01,9.94,2.6,0,23.08,96.43
8/20/2023,36.05,22.42,9.27,2.35,0.28,21.3,96.46
8/21/2023,35.1,26.43,9.77,2.66,0,25.91,96.29
8/22/2023,34.35,28.05,10.69,2.49,0,23.89,96.06
8/23/2023,35.74,22.61,9.85,2.68,0,23.42,96.13
8/24/2023,36.97,18.9,7.94,1.87,0,21.24,96.17
8/25/2023,36.51,20.49,8.77,2.39,0,24.92,96.26
8/26/2023,31.09,30.23,11.38,2.43,0,22.77,96.38
8/27/2023,27.6,42.91,12.29,4.96,0,26.14,96.55
8/28/2023,26.24,36.93,7.33,4.34,0,27.07,96.46
8/29/2023,26.16,46.5,11.13,3.56,0.04,27.01,96.25
8/30/2023,25.7,50.05,12.34,3.06,0.05,27.14,96.24
8/31/2023,25.72,49.74,11.91,2.85,0.06,26.91,96.4
9/1/2023,23.21,59.95,14.15,3,0.02,24.25,96.58
9/2/2023,22.18,63.21,13.83,2.9,0.4,21.2,96.26
9/3/2023,21.8,62.05,13.13,3.58,0.18,20.88,95.93
9/4/2023,22.64,54.71,11.39,2.57,0,26.38,96.37
9/5/2023,23.09,57.64,13.39,2.33,0,19.55,96.45
9/6/2023,25.92,53.23,13.56,2.02,0,22.88,96.4
9/7/2023,27.54,44.56,11.95,2.59,0,20.12,96.47
9/8/2023,26.57,50.07,13.52,2.84,0,24.6,96.43
9/9/2023,24.66,56.39,13.75,2.59,0.01,24.64,96.49
9/10/2023,24.25,59.48,14.3,2.96,0.1,25.09,96.54
9/11/2023,24.09,59.29,13.67,2.82,0.02,25.44,96.54
9/12/2023,23.91,60.35,14.58,3.33,0.28,23.63,96.44
9/13/2023,24.23,59.29,14.81,3.69,0.01,24.48,96.36
9/14/2023,24.22,60.13,14.67,3.64,0.1,22.42,96.25
9/15/2023,23.86,61.49,14.64,3.05,0.02,24.03,96.26
9/16/2023,23.24,63.04,14.63,3.01,0.03,22.84,96.23
9/17/2023,22.16,65.24,14.48,2.97,0.08,18.38,96.48
9/18/2023,22.71,58.01,12.78,3.57,0.07,20.92,96.63
9/19/2023,23.64,58.38,13.63,3.58,0.01,23,96.47
9/20/2023,22.68,57.4,12.15,2.8,0,23.98,96.5
9/21/2023,22.97,55.77,11.78,2.75,0,23.94,96.47
9/22/2023,22.97,58.54,12.69,2.91,0,23.59,96.42
9/23/2023,22.88,53.37,11.76,3.33,0,23.52,96.39
9/24/2023,23.97,47.84,10.62,2.19,0,23.56,96.51
9/25/2023,24.78,53.84,12.65,2.26,0,22.87,96.6
9/26/2023,24.47,60.89,14.95,2.25,0,22.69,96.57
9/27/2023,24.91,59.99,15.35,2.57,0,21.97,96.49
9/28/2023,27.49,50.47,13.07,2.36,0,22.25,96.37
9/29/2023,30.48,27.69,7.79,2.31,0,21.47,96.58
9/30/2023,30.55,23,5.38,2.21,0,21.66,96.75
10/1/2023,30.75,20.05,3.99,2.13,0,21.29,96.72
10/2/2023,29.85,25.18,6.42,1.89,0,19.14,96.76
10/3/2023,29.81,26.02,6.12,1.91,0,21.54,96.78
10/4/2023,28.43,28.58,6.67,1.92,0,20.1,96.83
10/5/2023,28.3,29.39,7.36,1.95,0,17.74,96.81
10/6/2023,28.65,24.35,5.41,1.82,0,19.17,96.79
10/7/2023,28.4,24.03,4.51,1.76,0,19.62,96.74
10/8/2023,28.34,25.14,4.9,2.4,0,20.66,96.75
10/9/2023,28.22,24.8,4.53,2.08,0,20.67,96.77
10/10/2023,26.49,27.41,5.01,1.91,0,17.75,96.76
10/11/2023,25.36,40.03,8.15,1.72,0,20.09,96.72
10/12/2023,26.33,33.28,6.61,2.66,0,20.08,96.72
10/13/2023,26.03,25.25,3.29,2.4,0,19.23,96.89
10/14/2023,24,32.58,6.3,2,0,9.15,96.97
10/15/2023,25.1,37.35,8.97,1.29,0,15.83,96.67
10/16/2023,25.37,41.26,10.56,1.74,0,17.37,96.24
10/17/2023,24.98,44.53,10.72,3,0.01,18.11,96.2
10/18/2023,23.21,58.55,13.38,2.5,0.09,18.88,96.43
10/19/2023,21.04,60.92,12.18,4.8,4.98,19.22,96.08
10/20/2023,19.25,68.52,12.79,2.88,18.87,15.61,96.08
10/21/2023,18.38,64.97,10.91,1.52,0,17.31,95.83
10/22/2023,19.64,65.96,12.61,5.23,1.54,15.82,95.69
10/23/2023,17.46,79.78,13.49,2.26,7.64,9.94,96.35
10/24/2023,17.39,67.04,10.16,1.38,0.62,18.05,96.82
10/25/2023,18.17,61.78,9.26,1.86,0.13,19.07,96.88
10/26/2023,20.04,64.23,12.04,1.48,0.25,18.77,96.71
10/27/2023,19.9,70.2,13.95,1.58,0.43,15.39,96.5
10/28/2023,19.44,70.4,13.31,1.54,0.32,12.51,96.19
10/29/2023,17.95,63.45,9.74,1.88,0.01,12.9,95.97
10/30/2023,20.21,60.79,12.13,1.84,0.36,11.49,96.1
10/31/2023,21.49,56.53,11.4,2.93,0.01,10.09,96.28
11/1/2023,20.78,69.01,14.11,1.47,0,16.42,96.83
11/2/2023,19.41,70.54,12.96,1.76,0.03,16.48,96.85
11/3/2023,18.6,73.31,13.15,2.18,0.42,12.29,96.64
11/4/2023,17.56,69.25,10.81,2.2,0.01,17.21,96.27
11/5/2023,17.62,73.75,12.19,2.41,0.15,16.8,96.37
11/6/2023,16.25,72.12,10.84,3.99,0.41,9.61,96.73
11/7/2023,14.25,61.1,5.42,4.95,0,17.01,97.03
11/8/2023,13.93,50.7,2.15,3.02,0,16.81,97.02
11/9/2023,16.14,53.46,5.03,2.25,0,16.04,97.02
11/10/2023,19.13,54.07,8.49,2.19,0,15.85,97
11/11/2023,20.79,54.16,10.08,1.57,0,16.08,96.97
11/12/2023,22.12,48.13,9.61,1.33,0,14.94,96.98
11/13/2023,22.84,40.17,7.88,1.46,0,11.43,97.12
11/14/2023,22.71,35.44,5.12,1.57,0,15.49,97.17
11/15/2023,21.63,40.08,5.79,1.68,0,15.29,97.1
11/16/2023,20.57,44.32,6.87,1.69,0,15.58,97.1
11/17/2023,21.12,39.57,5.21,1.28,0,15.24,97.06
11/18/2023,20.86,36.45,4.16,1.72,0,15.27,97.04
11/19/2023,19.95,37.21,3.37,1.87,0,15.11,96.88
11/20/2023,19.45,36.64,2.42,2.15,0,15.13,96.97
11/21/2023,18.01,52.11,5.92,1.41,0,14.2,97.05
11/22/2023,15.42,67.1,8.59,1.61,0,15.48,96.74
11/23/2023,14.28,56.48,4.63,1.23,0,15.41,96.61
11/24/2023,13.45,53.8,3.37,1.6,0,14.93,96.65
11/25/2023,12.92,60.34,4.81,1.36,0,12.54,96.51
11/26/2023,14.11,52.14,3.52,1.21,0,14.49,96.66
11/27/2023,15.3,49.44,3.81,1.44,0,14.54,96.83
11/28/2023,16.15,51.52,5.06,1.35,0.02,14.32,96.57
11/29/2023,15.06,60.78,6.56,1.18,0.05,14.46,96.31
11/30/2023,14.41,47.31,2.56,1.43,0,10.51,96.04
12/1/2023,15.37,60.08,6.3,2.97,10.36,6.25,96.04
12/2/2023,13.66,70.82,7.78,2.04,0.85,13.34,96.72
12/3/2023,14.01,49.18,2.68,1.53,0,14.11,96.75
12/4/2023,16.01,48.7,4.52,1.31,0,11.35,96.82
12/5/2023,17.49,53.54,7.44,3.18,0.24,5.22,96.42
12/6/2023,15.42,76.32,10.87,2.78,0.7,10.82,96.71
12/7/2023,15.72,69.78,9.39,1.98,0.02,8.5,97.02
12/8/2023,16.38,63.84,8.32,2.15,0.03,13.66,97.31
12/9/2023,18.77,48.59,6.66,2.81,0,12.66,97.27
12/10/2023,20.16,41.77,5.81,1.99,0,13.55,97.23
12/11/2023,19.11,43.73,5.86,1.76,0,11.47,97.2
12/12/2023,18.08,44.18,4.99,1.96,0,12.48,97.11
12/13/2023,16.34,55.64,6.06,2,0.01,13.17,96.99
12/14/2023,13.69,61.67,5.37,3.69,0,13.68,97.17
12/15/2023,14.47,44.58,1.62,1.92,0,13.13,97.32
12/16/2023,15.38,46.81,2.76,2.24,0,12.25,97.49
12/17/2023,14.38,55.3,4.35,1.72,0,13.35,97.61
12/18/2023,11.97,57.04,2.22,1.82,0.01,13.74,97.62
12/19/2023,11.14,46.51,-0.68,1.28,0,13.82,97.64
12/20/2023,11.16,49.04,-0.43,1.5,0,14.06,97.66
12/21/2023,11.35,58.44,2.51,2.06,0.13,13.45,97.25
12/22/2023,11.67,36.24,-4.12,1.5,0,13.69,97.34
12/23/2023,12.3,34.98,-3.81,1.47,0,13.79,97.26
12/24/2023,12.84,31.46,-4.99,1.39,0,13.68,97.16
12/25/2023,12.78,40.77,-2.6,1.33,0.01,13.59,97.06
12/26/2023,12.09,58.66,2.89,1.35,0.01,13.52,96.96
12/27/2023,12.57,52.93,1.33,1.5,0,13.48,96.98
12/28/2023,14.56,28.12,-5.03,1.71,0,12.35,97.13
12/29/2023,15.59,24.72,-5.67,1.75,0,12.03,97.13
12/30/2023,15,25.49,-6.03,2.05,0,13.74,96.89
12/31/2023,14.64,24.04,-6.69,1.6,0,12.73,96.78
1/1/2024,14.61,33.96,-1.89,1.43,0,10.85,96.88
1/2/2024,16.08,32.84,-1,1.91,0,13.09,97.03
1/3/2024,16.28,38.39,0.96,1.94,0,13.59,97.06
1/4/2024,15.51,50.71,3.38,2.4,0.44,12.52,96.78
1/5/2024,13.58,75.67,8.88,2.03,2.29,8.89,96.82
1/6/2024,11.95,46.6,-0.75,2.92,0,14.07,96.82
1/7/2024,12.97,33.04,-4.84,1.22,0,13.69,96.85
1/8/2024,14.55,31.37,-3.07,1.4,0,11.33,96.81
1/9/2024,14.73,49.91,3.59,1.66,0.01,13.09,96.78
1/10/2024,16.06,54.28,6.26,1.48,0.02,13.92,96.77
1/11/2024,16.54,35.27,-0.38,1.64,0,13.91,96.64
1/12/2024,16.73,25.67,-4.38,1.91,0,14.1,96.73
1/13/2024,18.04,20.39,-6.07,1.88,0,11.96,96.97
1/14/2024,18.04,18.35,-7.09,2.03,0,8.69,97.01
1/15/2024,18.13,20.34,-5.45,1.6,0,10.46,96.87
1/16/2024,18.59,31.15,0.52,2.85,0.03,3.68,96.56
1/17/2024,17.56,47.15,4.46,3.11,0.01,13.77,96.52
1/18/2024,17.75,41.36,2.02,2.07,0,12.3,96.36
1/19/2024,13.92,66.45,6.93,3.08,5.77,5.86,96.56
1/20/2024,11.87,72.74,6.55,2.53,0.01,8.82,97.1
1/21/2024,12.3,66.73,5.27,2.13,0,15.31,97.53
1/22/2024,14.79,43.95,1.24,1.22,0,14.65,97.82
1/23/2024,16.35,34.45,-0.68,1.38,0,15.77,98
1/24/2024,17.68,28.8,-2.26,1.51,0,15.68,97.92
1/25/2024,17.43,27.58,-2.71,2.54,0,15.63,97.75
1/26/2024,17.38,31,-1.58,2.14,0,14.13,97.64
1/27/2024,17.02,30.67,-1.94,1.86,0,15.47,97.44
1/28/2024,16.75,29.18,-2.4,2.19,0,15.8,97.28
1/29/2024,16.98,26.85,-3.36,1.68,0,12.23,97.34
1/30/2024,17.7,25.64,-3.73,1.72,0,14.41,97.35
1/31/2024,17.04,33.8,-0.72,1.74,0,12.35,97.53
2/1/2024,16.36,39.69,1.02,1.97,0,15.41,97.64
2/2/2024,16.63,40.71,0.79,1.56,0.02,16.48,97.5
2/3/2024,16.43,42.02,0.83,1.43,0,14.46,97.41
2/4/2024,16.02,30.16,-2.67,2.23,0,14.37,97.6
2/5/2024,14.97,33.73,-2.23,1.86,0,13.2,97.67
2/6/2024,14.92,34,-2.94,1.41,0.01,15.74,97.55
2/7/2024,16.42,27.6,-4.15,1.47,0,17.19,97.27
2/8/2024,17.3,20.43,-6.48,2.97,0.01,11.21,96.61
2/9/2024,17.4,57.55,5.8,6.61,36.33,3.92,95.81
2/10/2024,14.33,77.65,9.84,2.46,0.42,16.61,96.22
2/11/2024,15.89,67.11,9.07,1.77,0.03,17.72,96.7
2/12/2024,17.68,59.36,8.35,1.63,0.03,18.09,96.88
2/13/2024,21.8,38.21,5.73,1.16,0,15.27,96.85
2/14/2024,23.49,32.92,4.75,2.72,0,15.64,96.63
2/15/2024,18.1,60.46,9.83,2.51,0,15.49,96.96
2/16/2024,16.03,70.13,9.82,2.32,0,14.05,97.24
2/17/2024,16.14,60.98,7.1,3.69,0,18.93,97.33
2/18/2024,17.45,46.33,3.32,1.88,0,19.53,97.33
2/19/2024,17.02,48.22,4.87,2.31,0,19.37,97.53
2/20/2024,17.45,50.79,6.07,1.7,0.01,19.34,97.27
2/21/2024,18.24,39.64,2.02,1.7,0,19.6,97.26
2/22/2024,17.42,44.73,2.73,2.03,0.06,19.21,97.18
2/23/2024,13.79,75.3,9.25,2.19,1.23,15.42,97.01
2/24/2024,12.34,67.38,5.64,2.45,0.2,20.14,97.15
2/25/2024,13.74,60.31,4.46,1.61,0,20.53,97.07
2/26/2024,13.31,75.94,8.71,2.21,0.66,15.95,96.78
2/27/2024,11.37,62.57,3.34,2.87,0.09,20.18,96.97
2/28/2024,11.13,55.09,0.36,2.18,0,21.32,97.19
2/29/2024,12.87,59.06,3.32,2.52,0.01,21.44,96.98
3/1/2024,12.25,65.12,5.03,3.45,0.02,19.24,96.75
3/2/2024,12.69,64.55,4.76,1.95,0,19.37,96.59
3/3/2024,13.1,71.45,7.4,2.02,0.11,21.4,96.9
3/4/2024,14.52,63.04,5.61,2.41,0,21.94,96.93
3/5/2024,13.89,70.9,8.03,2.14,0.01,16.89,96.9
3/6/2024,16.46,57.52,5.82,1.73,0,20.8,96.62
3/7/2024,13.79,71.36,7.48,3.34,1.38,21.73,96.54
3/8/2024,12.41,64.34,4.68,1.61,0.38,22.13,96.5
3/9/2024,13.43,73.01,8.33,5.11,3.32,18.48,96.14
3/10/2024,14.17,73.94,8.88,2.67,4.02,16.16,96.44
3/11/2024,13.84,63.3,5.67,2.29,0.01,22.93,96.76
3/12/2024,16.97,48.89,4.67,1.55,0,20.07,96.49
3/13/2024,15.45,69.19,9.29,2.26,0.78,13.2,96.5
3/14/2024,16.97,68.37,9.87,1.42,0.04,23.17,96.75
3/15/2024,19.16,54.1,7.36,1.65,0.01,23.84,96.9
3/16/2024,23.04,32.63,3.16,1.68,0,24.05,96.81
3/17/2024,23.98,29.17,2.61,1.9,0,20.48,96.78
3/18/2024,22.75,32.81,3.87,2.2,0.06,16.57,96.62
3/19/2024,21.64,42.06,5.42,3.24,0.01,23.36,96.43
3/20/2024,16.16,71.04,9.99,2.59,0.16,20.71,96.42
3/21/2024,14.89,66.51,7.86,2.29,0.19,21.75,96.09
3/22/2024,14.72,70.03,8.13,2.19,0.17,16.73,95.91
3/23/2024,17.22,58.77,6.18,1.5,0.1,16.74,95.7
3/24/2024,14.04,78.22,9.96,2.84,1.85,16.77,95.67
3/25/2024,12.76,80.7,9.33,4.32,13.01,7.37,95.69
3/26/2024,11.57,73.36,6.15,3.82,9.4,17.11,96.05
3/27/2024,12.75,64.36,4.88,2.7,0.09,26.34,96.43
3/28/2024,14.43,65.62,6.66,3.04,0.02,25.64,96
3/29/2024,12.99,66.42,6.45,5.39,3.06,19.64,95.59
3/30/2024,15.32,72.11,9.88,6.86,2.32,21.13,95.62
3/31/2024,16.67,71.51,10.73,6.02,0.98,22.59,95.9
4/1/2024,16.34,68.04,9.53,1.59,0.44,19.11,96.53
4/2/2024,15.79,66.41,8.56,1.53,0,26.11,96.7
4/3/2024,17.72,61.7,8.35,2.44,0.02,26.69,96.7
4/4/2024,23.19,44.06,6.86,2.08,0,25.95,96.43
4/5/2024,25.95,28.44,3.26,2.42,0,24.97,96.11
4/6/2024,22.72,42.22,6.64,3.03,0,16.89,96.06
4/7/2024,18.61,67.8,11.78,3.73,0,21.64,96.44
4/8/2024,17.74,64.04,9.69,3.52,0.01,17.2,96.69
4/9/2024,18.4,54.23,6.69,4.91,0.01,27.61,96.76
4/10/2024,23.58,37,4.82,1.91,0,26.66,96.71
4/11/2024,25.41,29.79,3.54,1.84,0,27.77,96.71
4/12/2024,26.15,27.06,3.32,2.04,0,27.93,96.54
4/13/2024,23.41,25.84,0.82,3.19,0,27.86,96.54
4/14/2024,23.98,27.18,0.74,1.69,0,27.76,96.51
4/15/2024,23.82,31.73,2.9,1.99,0,28.72,96.58
4/16/2024,24.33,35.06,5.45,2.24,0,27.74,96.35
4/17/2024,22.84,41.4,7.11,1.9,0,26.96,96.26
4/18/2024,21.42,38.29,4.01,1.39,0,22.5,96.25
4/19/2024,19,57.11,9.25,2.23,0.01,19.07,96.26
4/20/2024,16.88,67.02,9.65,2.65,0.6,21.16,96.16
4/21/2024,18.05,64.24,9.96,2.81,0.11,26.31,95.99
4/22/2024,20.59,49.95,7.37,2.49,0,26.52,96.03
4/23/2024,21.33,44.13,7.13,2.66,0,24.84,96.13
4/24/2024,20.98,45.06,5.37,2.82,0,28.42,96.17
4/25/2024,18.31,57.09,7.23,2.49,0.01,28.94,96.12
4/26/2024,17.08,59.76,7.39,2.39,0.11,27.74,95.92
4/27/2024,16.04,64.04,8.65,3.08,1.01,21.31,95.89
4/28/2024,14.8,59.88,6.3,2.76,0.58,21.94,96.26
4/29/2024,13.78,59.83,5.2,2.59,0.44,25.07,96.75
4/30/2024,15.65,53.9,4.23,2.12,0,30.24,96.88
5/1/2024,17.5,57.12,7.32,2.64,0,29.78,96.7
5/2/2024,17.75,59.06,8.34,3.19,0,26.43,96.57
5/3/2024,19.88,44.58,4.89,2.62,0,30.34,96.57
5/4/2024,21.71,39.53,4.35,2.56,0,29.58,96.6
5/5/2024,22,46.11,6.33,3.2,0,29.66,96.5
5/6/2024,22.54,51.01,10.09,3.42,0,29.3,96.27
5/7/2024,23.66,44.31,7.74,3.11,0,26.4,96.23
5/8/2024,25.28,42.27,8.94,2.04,0,28.76,96.19
5/9/2024,27.65,30.86,6.89,1.27,0,19.68,96.06
5/10/2024,23.67,53.9,12.61,2.17,0.02,13.4,96.03
5/11/2024,22.48,59.66,12.92,2.87,0.02,25.76,96.27
5/12/2024,21.79,57.81,11.79,3.71,0.02,28.71,96.39
5/13/2024,22.2,54.21,11.05,3.46,0.01,29.38,96.32
5/14/2024,20.48,58.69,10.91,4.17,0.02,29.69,96.15
5/15/2024,18.36,56.32,8.1,4.34,0.01,28.68,96.1
5/16/2024,18.87,53.24,7,3.71,0,30.75,96.12
5/17/2024,19.82,59.35,9.98,3.54,0,30.38,96.15
5/18/2024,18.96,60.12,10.06,2.96,0.03,17.29,96.2
5/19/2024,17.37,59.95,8.37,2.94,0.04,18.3,96.32
5/20/2024,18.19,54.12,6.87,3.13,0.01,30.9,96.49
5/21/2024,18.77,55.96,7.82,3.77,0.02,31.24,96.65
5/22/2024,19.02,56.73,8.72,3.96,0.01,25.71,96.51
5/23/2024,20.38,56.72,9.82,3.83,0.03,29.9,96.26
5/24/2024,20.26,58.43,10.3,2.85,0.35,28.66,96.35
5/25/2024,21.87,57.81,11.98,3.27,0.11,28.16,96.49
5/26/2024,22.75,57.86,12.56,3.79,0.01,29.24,96.52
5/27/2024,24.04,53.04,12.35,3.83,0,28.97,96.44
5/28/2024,24.89,46.46,10.92,3.27,0,29.13,96.39
5/29/2024,28.17,39.88,10.78,2.84,0,29.01,96.11
5/30/2024,27.86,45.07,12.85,3.35,0,27.73,95.86
5/31/2024,26.04,51.59,13.52,3.25,0,27.27,95.78
6/1/2024,26.58,46.45,12.11,3.14,0,28.86,95.97
6/2/2024,25.39,47.83,11.2,2.72,0,28.68,96.16
6/3/2024,24.15,52.7,13.03,3.17,0.02,26.4,96.19
6/4/2024,23.66,59.52,14.44,2.92,0.02,23.75,96.21
6/5/2024,24.16,59.61,14.93,4.19,0,28.56,96.21
6/6/2024,23.24,60.02,13.67,3.33,0,27.59,96.19
6/7/2024,21.7,56.45,11.7,3.02,0,19.35,96.41
6/8/2024,21.54,59.73,12.16,2.99,0,28.94,96.45
6/9/2024,22.24,56.81,11.93,2.88,0.01,28.78,96.29
6/10/2024,21.33,59.81,12.09,2.71,0.05,21.18,96.36
6/11/2024,21.86,57.86,11.77,2.85,0.03,21.07,96.48
6/12/2024,21.77,57.2,11.56,3.56,0.06,26.68,96.64
6/13/2024,23.41,57.31,13.46,4,0.01,29.37,96.54
6/14/2024,23.88,53.71,12.69,2.6,0.02,21.59,96.52
6/15/2024,23.28,55.76,12.39,3.85,0,30.93,96.55
6/16/2024,23.24,51.39,10.83,3.76,0,31.62,96.3
6/17/2024,23.66,55.25,12.67,3.27,0,31.72,96.26
6/18/2024,22.95,57.69,12.69,3.44,0,29.91,96.55
6/19/2024,21.7,54.33,9.97,3.63,0.04,28.16,96.71
6/20/2024,21.97,50.84,9.01,4.38,0.14,32.33,96.71
6/21/2024,23.92,48.67,9.82,4.35,0.02,31.81,96.59
6/22/2024,26.24,42.98,9.55,2.96,0.02,29.17,96.32
6/23/2024,30.55,30.88,8.43,2.58,0,30.36,95.99
6/24/2024,28.32,39.36,10.68,3.2,0.01,30.58,95.85
6/25/2024,25.76,52.45,13.44,3.4,0,28.51,95.96
6/26/2024,22.1,58.41,12.92,3.55,0.01,15.63,96.1
6/27/2024,21.1,59.09,11.81,3.27,0.02,26.9,96.29
6/28/2024,22.6,52.74,10.67,2.53,0.01,31.17,96.63
6/29/2024,24.62,50.94,12.01,3.47,0,30.78,96.57
6/30/2024,24.78,50.47,12.13,3.31,0,31.19,96.49
7/1/2024,25.34,48.62,11.4,3.94,0,31.11,96.58
7/2/2024,26.28,47.38,11.38,2.95,0,30.81,96.34
7/3/2024,27.1,43.85,10.99,2.54,0,30.9,96.14
7/4/2024,27.49,46.2,12.95,3.13,0,30.52,96.06
7/5/2024,25.02,53.46,13.12,3.46,0,29.39,96.34
7/6/2024,24.59,52.06,11.83,2.82,0,30.11,96.4
7/7/2024,23.69,53.47,12.14,3.49,0,31.09,96.36
7/8/2024,23.54,49.04,10.61,3.58,0,30.97,96.38
7/9/2024,25.42,45.63,10.87,4.23,0,30.98,96.46
7/10/2024,28.53,44.01,13.06,3.67,0,29.62,96.48
7/11/2024,30.05,43.15,13.85,3.35,0,26.69,96.6
7/12/2024,30.55,40.57,13.13,3.07,0,28,96.38
7/13/2024,28.72,39.97,11.69,2.79,0,28.34,96.2
7/14/2024,28.52,35.28,8.52,2.69,0,29.6,96.33
7/15/2024,27.85,40.86,10.17,3.14,0.01,30.64,96.52
7/16/2024,27.51,47.01,13.03,4.02,0.04,29.43,96.43
7/17/2024,29.09,39.8,11.88,3.44,0.01,24,96.32
7/18/2024,33.57,30.1,12.36,2.61,0,22.98,96.39
7/19/2024,33.88,40.64,16.8,2.24,12.25,19.94,96.57
7/20/2024,30.38,46.77,16.53,3.19,0,26.22,96.35
7/21/2024,28.49,45.43,13.84,3.49,0,27.88,96.3
7/22/2024,30.03,42.46,14.17,2.74,0,27.44,96.27
7/23/2024,35.08,30.1,12.76,1.98,0.02,23.06,96.45
7/24/2024,37.41,21.81,9.9,2.77,0,23.71,96.37
7/25/2024,33.19,29.14,10.26,2.91,0,24.91,96.18
7/26/2024,29.43,36.8,10.59,3.19,0,29.05,96.05
7/27/2024,27.32,49.03,13.84,3.77,0,29.54,96.13
7/28/2024,25.71,55.96,14.91,3.83,0.01,27.7,96.17
7/29/2024,26.16,52.05,13.72,3.31,0,28.77,96.25
7/30/2024,28.48,46.77,13.6,3.47,0,28.68,96.31
7/31/2024,30.84,42.27,14.89,3.03,0,25.17,96.38
8/1/2024,30.23,44.77,15.55,3.44,0,23.65,96.41
8/2/2024,30.65,35.83,11.11,3.5,0,26.79,96.29
8/3/2024,31.8,28.53,8.71,2.96,0,28.28,96.12
8/4/2024,31.55,32.28,9.84,2.93,0,27.95,96.19
8/5/2024,28.08,40.67,11.63,2.66,0,28.03,96.23
8/6/2024,27.68,42.11,10.81,2.83,0,28.77,96.06
8/7/2024,27.27,50.22,14.2,2.55,0,28.2,96.11
8/8/2024,28.36,45.99,13.26,2.93,0,27.48,96.37
8/9/2024,28.94,44.85,13.58,2.95,0,26.51,96.43
8/10/2024,31.15,35.9,12.01,2.39,0,26.19,96.27
8/11/2024,32.72,30.71,11.11,2.36,0,19.17,96.21
8/12/2024,33.21,28.04,11.03,2.94,0.01,22.53,96.25
8/13/2024,28.18,42.28,11.86,3.51,0,27.41,96.33
8/14/2024,26.55,49.78,12.31,4.25,0,28.69,96.29
8/15/2024,29.02,46.92,13.7,3.79,0,27.99,95.97
8/16/2024,31.7,39.08,12.41,2.7,0,27.86,95.97
8/17/2024,34.37,27.28,10.08,2.44,0,25.47,96
8/18/2024,34.63,25.56,9.64,2.79,0,22.72,96.15
8/19/2024,32.23,30.16,11.37,2.84,0,20.35,96.32
8/20/2024,29,39.97,12.52,3.15,1.2,18.71,96.34
8/21/2024,29.78,42.37,13.72,3,0,24.41,96.41
8/22/2024,26.56,52.15,14.02,3.6,0.01,27.26,96.48
8/23/2024,25,52.84,13.24,3.69,0.09,27,96.22
8/24/2024,26.23,54.74,15.02,3.77,0.01,25.43,96.18
8/25/2024,28.85,51.63,16.27,3.33,0,25.32,96.33
8/26/2024,27.83,48.51,14.08,2.67,0,26.33,96.38
8/27/2024,27.24,45.65,12.02,2.54,0,27.19,96.29
8/28/2024,24.52,53.54,12.73,3.29,0.03,25.05,96.31
8/29/2024,24.34,57,14.05,3.81,0,25.66,96.2
8/30/2024,24.74,62.19,15.95,3.66,0.03,24.1,96.12
8/31/2024,25.65,62.28,16.72,3.75,0.02,22.22,96.21
9/1/2024,25.98,59.59,16.48,3.47,0.01,19.86,96.31
9/2/2024,27.85,51.92,15.46,3.81,0,22.64,96.19
9/3/2024,26.81,55.39,15.91,3.5,0.04,20.4,96.25
9/4/2024,27.28,48.93,14.4,3.2,0,21.48,96.18
9/5/2024,29.97,35.89,11.7,2.78,0.02,21.46,95.79
9/6/2024,29.04,39.05,12.52,3.34,0.08,21.13,95.65
9/7/2024,29.5,57.28,19.14,3.1,16.55,14.26,95.87
9/8/2024,24.35,67.69,17.57,3.27,0.4,14.11,96.46
9/9/2024,23.82,60.13,14.6,2.52,0.02,25.33,96.76
9/10/2024,22.73,59.13,12.75,3.07,0.02,25.52,96.72
9/11/2024,21.58,57.8,11.68,3.58,0.12,21.79,96.61
9/12/2024,24.02,47,9.92,3.78,0,25.09,96.41
9/13/2024,26.09,47.57,12.38,2.06,0,24.25,96.27
9/14/2024,29.08,39.18,12.02,1.43,0,22.49,96.33
9/15/2024,30.12,36.08,12.02,2.25,0.01,22.39,96.22
9/16/2024,26.29,51.05,14.22,2.33,0.01,18.1,96.16
9/17/2024,24.71,55.82,14.47,1.95,0.04,23.76,96.01
9/18/2024,22.86,63.96,14.83,2.27,0.06,16.88,96.07
9/19/2024,23.28,60.09,14.21,2.65,0.06,20.8,96.13
9/20/2024,24.38,57.38,14.88,2.09,1.42,18.86,96.15
9/21/2024,23.2,58.52,13.64,2.65,0.04,19.22,96.38
9/22/2024,23.95,57.54,14.09,2.67,0.15,22.08,96.57
9/23/2024,23.59,56.21,13.29,2.51,0.03,22.58,96.51
9/24/2024,22.09,59.64,12.86,2.61,0.09,21.88,96.6
9/25/2024,23.6,50.08,10.16,2.81,0,22.55,96.63
9/26/2024,24.43,54.4,13.23,2.71,0.01,22.41,96.75
9/27/2024,23.98,60.92,13.97,3.1,0.12,22.37,96.69
9/28/2024,23.23,56.96,12.87,3.47,0.03,22.42,96.53
9/29/2024,24.89,49.54,12.1,2.88,0,21.92,96.57
9/30/2024,28.8,40.07,11.11,2.03,0.01,19.91,96.47
10/1/2024,31.03,34.77,12.15,2.15,0.01,19.18,96.37
10/2/2024,28.4,40.25,11.86,2.89,0,20.87,96.46
10/3/2024,25.59,50.94,13.1,3.17,0.01,21.39,96.49
10/4/2024,24.91,59.55,15.15,3.51,0.01,20.5,96.44
10/5/2024,25.48,57.15,15.12,3.49,0.02,20.61,96.36
10/6/2024,26.14,54.08,14.6,2.73,0.03,19.99,96.12
10/7/2024,22.87,64.67,14.99,2.91,0.21,13.2,96.22
10/8/2024,20.84,68.03,14.31,1.65,0.72,18.94,96.47
10/9/2024,21.19,65.61,13.07,2.23,0.11,20.48,96.54
10/10/2024,22.64,54.15,11.85,1.98,0.09,20.15,96.49
10/11/2024,24.01,55.64,13.67,2.42,0.01,20.31,96.43
10/12/2024,21.92,73.58,16.25,3.21,10.95,11.97,96.34
10/13/2024,19.99,70.11,13.72,2.33,4.17,18.76,96.35
10/14/2024,19.89,66.79,12.91,1.45,1.48,16.6,96.19
10/15/2024,21.52,66.36,14.35,3.2,3.04,13.74,96.11
10/16/2024,20.77,73.73,15.58,2.35,7.27,12.18,96.6
10/17/2024,19.69,69.12,13.15,2.64,0.57,14.74,97.14
10/18/2024,18.73,58.55,8.73,3.51,0,20.31,97.03
10/19/2024,18.41,59.75,9.19,2.53,0,19.92,96.9
10/20/2024,20.96,56.36,10.63,1.88,0,19.7,96.88
10/21/2024,20.88,68.53,13.86,2.06,0,18.3,96.85
10/22/2024,22.45,57.82,12.45,1.47,0,17.07,96.69
10/23/2024,21.99,54.78,12.06,1.66,0.89,10.38,96.81
10/24/2024,23.18,54.67,12.22,2.15,0.62,16.53,96.86
10/25/2024,20.05,66.92,13.18,2.57,0.15,16.26,96.86
10/26/2024,16.52,62.47,8.36,4.14,0.23,9.44,96.93
10/27/2024,15.23,66.89,8.65,2.32,0.28,16.71,96.49
10/28/2024,13.41,74.84,8.57,1.88,1.31,13.74,96.02
10/29/2024,14.16,76.95,9.85,4.15,2.29,14.83,96.13
10/30/2024,16.38,75.36,11.51,3.57,0.72,14.47,96.47
10/31/2024,17.04,71.21,10.56,1.37,0.08,17.84,96.66
11/1/2024,17.45,68.97,10.69,1.25,0.06,17.64,96.57
11/2/2024,17.62,68.16,10.85,1.53,0,16.76,96.33
11/3/2024,19.48,52.31,7.9,1.37,0,15.81,96.33
11/4/2024,19.86,48.06,7.54,1.58,0,14.38,96.7
11/5/2024,21.8,41.72,6.93,1.41,0,16.35,96.87
11/6/2024,24.44,34.17,6.34,1.5,0,16.36,96.64
11/7/2024,24.3,37.92,7.83,2.25,0,12.99,96.71
11/8/2024,24.43,42.04,9.79,2.35,0,7.89,97.04
11/9/2024,22.72,49.29,11.42,1.41,0,10.25,97.25
11/10/2024,21.14,49.34,8.61,2.29,0,15.6,97.09
11/11/2024,17.98,61.48,9.37,2.48,0.01,16.02,96.7
11/12/2024,17.25,65.74,9.98,1.63,0.08,15.46,96.32
11/13/2024,16.18,74.97,11.29,2.47,0.85,11.48,96.06
11/14/2024,16.47,68.9,9.9,2.45,0.08,13.58,96.19
11/15/2024,18.36,47.46,6.17,2.07,0.03,9.03,96.16
11/16/2024,19.7,50.46,8.32,2.4,0.02,13.73,96.13
11/17/2024,18.78,52.87,8.52,2.16,0.06,13.16,96.45
11/18/2024,20.39,58.19,11.69,2.33,0.68,12.53,96.56
11/19/2024,19.14,65.31,12.26,2.63,4.21,4.09,97.01
11/20/2024,19.97,57.11,10.35,1.67,0.05,13.93,97.19
11/21/2024,20.75,46.98,8.23,1.31,0,14.22,97
11/22/2024,20.44,43.35,6.86,1.87,0,14.11,96.82
11/23/2024,22.64,36.95,6.2,2.07,0,13.04,96.6
11/24/2024,23.42,30.49,4.68,3.9,0.01,8.72,96.63
11/25/2024,20.66,38.95,5.19,2.79,0,12.68,96.93
11/26/2024,20.33,34.51,3.38,2.73,0,9.57,96.91
11/27/2024,21.32,32.67,3.29,2.27,0,13.01,96.93
11/28/2024,21.33,33.35,3.42,1.67,0,13.18,97.12
11/29/2024,21.42,35,4.61,1.23,0,12.83,97.34
11/30/2024,21.08,36.57,4.53,1.9,0,13.01,97.3
12/1/2024,19.34,32.07,1.09,2.31,0,11.58,97.08
12/2/2024,18.81,36.58,2.95,1.37,0,11.91,97.04
12/3/2024,18.1,44.03,4.32,1.65,0,13.42,97.17
12/4/2024,16.1,58.57,6.86,2.4,0,13.82,97.48
12/5/2024,15.53,47.76,3.25,1.89,0,11.11,97.52
12/6/2024,16.5,34.05,-1.15,1.19,0,11.62,97.47
12/7/2024,16.93,41.99,2.23,1.73,0.05,10.78,97.43
12/8/2024,16.4,62.92,8.17,1.92,0.06,12.12,97
12/9/2024,12.35,74.02,7.2,2.87,0.05,11.55,96.75
12/10/2024,9.75,63.11,1.71,1.94,0,14.29,96.53
12/11/2024,10.55,65.43,3.75,1.87,0.09,12.7,96.47
12/12/2024,11.45,73.74,6.35,2.1,0.03,13.37,96.62
12/13/2024,12.12,62.56,4.2,1.18,0,14.1,96.93
12/14/2024,14.95,35,-1.31,1.45,0,11.27,97.24
12/15/2024,17.1,25.62,-3.09,1.56,0,8.48,97.46
12/16/2024,17.37,27.19,-2.15,1.99,0,11.14,97.62
12/17/2024,17.94,32.08,0.06,1.99,0,11.53,97.85
12/18/2024,16.63,42.31,2.12,1.38,0.07,12.92,97.82
12/19/2024,15.35,58.04,6.1,1.3,0.09,12.77,97.73
12/20/2024,14.55,69.87,8.18,2.29,0.66,12.39,97.38
12/21/2024,11.85,83.46,8.97,2.55,6.14,7.98,97.16
12/22/2024,12.6,58.01,3.64,1.7,0.01,8.46,97.31
12/23/2024,13.71,52.28,3.21,1.37,0,13.31,97.15
12/24/2024,14.8,44.18,1.65,1.45,0,13.21,96.97
12/25/2024,15.16,39.1,0.49,1.63,0,11.93,96.95
12/26/2024,14.98,41.79,1.47,2.18,0.01,11.71,96.98
12/27/2024,14.98,43.07,1.74,1.64,0.05,9.78,97.04
12/28/2024,14.18,55.82,5.24,1.15,0.91,11.09,97.11
12/29/2024,12.82,71.36,7.56,1.36,0.31,9.18,97.12
12/30/2024,12.92,60.56,4.99,1.34,0.1,11.71,97.23
12/31/2024,12,62.54,4.49,1.02,0.15,13.07,97.19
1/1/2025,11.17,56.75,2.4,1.58,1.19,13.28,97.1
1/2/2025,11.04,41.74,-2.63,1.49,0,13.8,97.22
1/3/2025,12.84,34.31,-3.12,1.42,0,12.71,97.4
1/4/2025,12.91,45.52,0.82,1.31,0,10.75,97.23
1/5/2025,12.95,43.99,-0.3,2.1,0,13.28,96.75
1/6/2025,13.24,66.19,6.47,3.09,1.4,10.42,96.77
1/7/2025,12.48,54.37,1.3,1.83,0.08,13.72,97.02
1/8/2025,13.84,52.37,3.19,1.91,0,11.68,97.22
1/9/2025,14.99,49.22,3.48,1.3,0,13.97,97.34
1/10/2025,15.57,50.1,3.38,1.74,0.05,14.3,97.47
1/11/2025,15.61,53.69,5.01,1.85,0,13.43,97.52
1/12/2025,15.44,61.91,7.04,2.09,0,14.05,97.24
1/13/2025,13.57,56.23,2.57,2.99,0,15.09,96.9
1/14/2025,11.54,36.06,-5.22,1.42,0,15.39,96.79
1/15/2025,10.62,31.2,-6.27,2.03,0,14.89,97.02
1/16/2025,10.28,47.87,-2.14,1.5,0,14.91,97.17
1/17/2025,11.7,68.38,5.67,1.26,0.09,14.12,97.04
1/18/2025,12.27,59.69,3.68,1.34,0.14,14.78,96.94
1/19/2025,12.01,46.72,0.08,1.68,0,14.94,96.9
1/20/2025,14.65,40.71,0.28,2.06,0,14.78,96.66
1/21/2025,15.98,25.91,-4.79,3.11,0,14.59,96.37
1/22/2025,15.64,38.08,-1.92,3.3,0,14.44,96.22
1/23/2025,14.86,46.31,1.85,1.16,0,15.21,96.61
1/24/2025,14.89,41.96,-1.26,1.39,0,15.51,96.79
1/25/2025,14.06,59.35,4.73,1.36,0,13.08,97.03
1/26/2025,14.77,58.22,4.32,1.57,0.03,13.72,97.22
1/27/2025,16.6,52.45,3.58,2.42,0.23,14.62,97.4
1/28/2025,14.79,67.34,8,2.16,1.17,13.76,97.67
1/29/2025,13.94,54.82,2.35,2.19,0.81,16.33,97.43
1/30/2025,10.83,76.6,6.48,3.05,6.2,12.37,97.52
1/31/2025,9.67,63.27,2.22,1.99,0.01,16.74,97.47
2/1/2025,9.86,56.18,0.15,1.51,0,16.91,97.32
2/2/2025,9.93,70.73,4.42,1.49,0.19,14.13,97.1
2/3/2025,11.77,70.06,5.77,1.54,0.01,16.35,96.97
2/4/2025,10.6,65.15,3.4,2.25,0,17.78,97.14
2/5/2025,12.08,47.52,-0.24,1.39,0,17.57,97.26
2/6/2025,13.19,40.06,-1.9,1.64,0,17.48,97.21
2/7/2025,12.04,47.31,-1.03,1.62,0,18.11,97.08
2/8/2025,12.9,47.7,-0.03,1.63,0,18.08,97.2
2/9/2025,14.47,39.03,-1.5,1.4,0,18.2,97.1
2/10/2025,14.68,33.54,-3.32,1.92,0,18.32,96.73
2/11/2025,14.51,32.96,-3.55,2.24,0,17.46,96.68
2/12/2025,14.65,40.36,-0.92,1.64,0.01,18.46,96.86
2/13/2025,15.22,38.36,-1.21,1.34,0,18.36,96.78
2/14/2025,16.04,31.51,-2.99,1.71,0,19.07,96.57
2/15/2025,16.78,32.75,-2.24,2.89,0.82,12.65,96.13
2/16/2025,12.16,75.98,7.55,2.39,6.64,14.38,96.44
2/17/2025,14.11,56.05,4.24,1.08,0.01,19.08,96.31
2/18/2025,14.01,61.21,5.43,3.37,6.04,9.8,96.12
2/19/2025,13.18,80.76,9.49,1.71,4.85,15.37,96.82
2/20/2025,15.21,61.65,6.69,1.73,0.01,19.13,97.12
2/21/2025,16.37,54.03,5.78,2.65,0,18.04,97.07
2/22/2025,16.11,61.86,7.66,2.33,0.02,19.12,97.23
2/23/2025,14.21,65.43,6.41,2.81,0.04,19.56,97.33
2/24/2025,15.19,46.96,1.69,1.53,0,20.62,97.46
2/25/2025,15.49,48.73,2.85,1.49,0.02,19.42,97.52
2/26/2025,15.7,57.76,5.8,1.41,0.06,19.38,97.14
2/27/2025,15.18,61.57,6.8,1.62,0.07,16.95,96.72
2/28/2025,11.61,78.88,7.84,3.57,12.13,16.37,96.14
3/1/2025,12.65,70.02,6.54,1.68,1.38,20.19,96.07
3/2/2025,13.76,59.88,5.11,1.49,0.01,17.22,96.01
3/3/2025,15.23,59.32,5.7,2.21,9.53,16.94,95.83
3/4/2025,14.78,73.21,9.07,1.62,7.24,18.42,95.73
3/5/2025,13.79,71.36,8.09,1.77,4.48,15.06,95.83
3/6/2025,12.56,72.48,7.36,2.23,2.9,18.86,96.13
3/7/2025,13.8,68.89,7.44,3.08,0.02,21.73,96.07
3/8/2025,13.05,74.63,8.49,5.18,7.53,12.78,95.62
3/9/2025,13.08,74.96,8.18,5.21,2.63,20.79,95.68
3/10/2025,14.54,79.64,10.61,4.82,4.48,18.99,95.86
3/11/2025,14.5,81.2,10.88,3.52,4.5,18.37,96.21
3/12/2025,16.1,74.48,11.01,3.75,1.62,21.35,96.06
3/13/2025,15.28,70.02,9.05,5.84,4,20.45,95.52
3/14/2025,12.11,82.38,9.07,5.08,11.28,17.74,95.81
3/15/2025,12.55,68.06,5.67,1.61,1.18,21.77,96.65
3/16/2025,13.76,61.04,4.82,1.63,0,22.86,96.75
3/17/2025,14.98,65.7,7.94,5.37,0.53,23.19,96.48
3/18/2025,14.72,70.33,8.37,1.94,0.43,23.29,96.56
3/19/2025,16.15,53.72,4.5,1.75,0,22.93,96.08
3/20/2025,17.78,55.69,6.98,4.2,0.3,23.97,96.28
3/21/2025,14.71,67.79,7.49,2.01,0.56,20.64,96.75
3/22/2025,13.07,69.84,7.1,2.18,0.56,19.61,96.76
3/23/2025,11.48,73.64,6.27,2.03,0.4,21.26,96.72
3/24/2025,12.22,70.27,6.08,2.56,0.09,23.4,96.81
3/25/2025,12.82,66.8,5.08,2.72,0.02,25.63,96.86
3/26/2025,14.28,56.58,3.39,2.68,0.02,26.16,96.72
3/27/2025,17.23,47.71,4.01,1.95,0,23.6,96.42
3/28/2025,20.01,38.62,3.17,2.34,0,24.08,96.36
3/29/2025,21.36,35.93,3.63,1.92,0,23.85,96.43
3/30/2025,22.9,36.92,5.35,1.47,0,22.37,96.18
3/31/2025,19.3,60,9.8,2.33,0,25.28,96.26
4/1/2025,16.67,68.01,9.9,2.55,0.09,22.39,96
4/2/2025,15.54,70.73,9.61,3.45,0.3,22.1,95.59
4/3/2025,18.42,57.63,8.13,3.64,0.02,25.7,95.61
4/4/2025,17.02,64.69,9.29,3.22,0.04,25.48,96.24
4/5/2025,16.95,65.08,9.13,1.61,0.05,23.03,96.36
4/6/2025,17.25,62.17,8.41,1.72,0,25.99,96.42
4/7/2025,19.82,56.22,9.34,1.97,0,26.47,96.26
4/8/2025,23.22,42.67,6.76,2.49,0,25.24,96.14
4/9/2025,22.49,43.91,8.14,1.86,0.51,11.53,95.87
4/10/2025,20.44,58.27,11.37,1.22,0.01,14.57,95.75
4/11/2025,20.38,62.69,11.72,2.42,1.28,20.74,95.83
4/12/2025,18.18,71.04,12.13,2.2,10.84,19.28,96
4/13/2025,16.71,73.58,11.36,2.23,5.87,23.11,96.18
4/14/2025,17.33,70.2,10.86,2.15,0.67,20.93,96.32
4/15/2025,15.79,70.71,9.63,2.89,1.58,18.65,96.44
4/16/2025,15.19,60.6,6.42,3.1,0.04,28.23,96.87
4/17/2025,18.58,51.75,6.42,2.04,0,25.46,96.65
4/18/2025,20.94,45.88,6.93,2.78,0,23.14,96.35
4/19/2025,16.51,68.43,9.89,2.95,0.01,14.66,96.48
4/20/2025,14.99,58.85,5.66,3.36,0.02,25.56,96.59
4/21/2025,16.59,59.45,6.46,3.31,0,28.96,96.53
4/22/2025,18.05,60.05,7.97,3.03,0.01,28.75,96.63
4/23/2025,21.55,51.42,8.53,2.65,0.01,22.13,96.42
4/24/2025,23.32,44.58,8.65,2.82,0.03,26.22,96.38
4/25/2025,20.77,60.36,11.64,1.73,0.1,17.82,96.55
4/26/2025,21.44,60.21,11.84,2.53,0,28.05,96.56
4/27/2025,23.72,49.4,9.86,2.36,0,28.47,96.26
4/28/2025,22.93,47.48,9.76,2.37,0,29.03,96.01
4/29/2025,18.08,60.99,9.16,2.8,0,24.2,96.06
4/30/2025,16.79,60.5,7.86,2.98,0,14.83,96.18
5/1/2025,17.96,55.13,6.35,2.95,0.01,29.68,95.97
5/2/2025,18.73,55.65,8.87,3.24,0,28.29,96.24
5/3/2025,18.31,62.88,9.81,2.45,0.02,28.02,96.61
5/4/2025,18.62,60.4,9.21,2.02,0.07,28.81,96.53
5/5/2025,18.86,57.37,8.76,2.34,0.05,27.53,96.42
5/6/2025,18.76,58.97,9.03,2.31,0.03,23.4,96.19
5/7/2025,19.72,58.58,9.33,2.24,0.04,29.03,96.13
5/8/2025,18.89,63.3,10.75,2.73,0.14,26.68,96.24
5/9/2025,19.42,57.75,9.49,1.91,0.03,25.27,96.05
5/10/2025,19.27,56.28,8.66,2.12,0,28.7,96.22
5/11/2025,19.3,58.57,9.9,2.34,0.44,22.25,96.42
5/12/2025,20.08,57.53,10.13,2.62,0.08,26.3,96.36
5/13/2025,17.13,62.33,9.17,3.15,2.45,21.65,96.33
5/14/2025,17.7,58.57,7.98,2.8,0.76,26.25,96.62
5/15/2025,18.84,53.08,7.03,3.29,0.03,30.99,96.65
5/16/2025,21.21,43.86,6.04,2.38,0,30.46,96.3
5/17/2025,23.51,43.93,8.08,2.75,0,28.57,96.12
5/18/2025,20.49,61.38,11.84,3.27,0,23.63,96.42
5/19/2025,21.02,57.87,11.29,4.01,0,29.35,96.59
5/20/2025,21.85,51.89,9.95,3.56,0,29.5,96.62
5/21/2025,21.8,54.68,10.92,2.88,0,26.81,96.5
5/22/2025,22.54,57.31,11.97,2.62,0.01,29.59,96.45
5/23/2025,22.31,53.8,10.7,2.44,0,30.39,96.32
5/24/2025,23.81,49.25,10.17,2.8,0,30.06,96.36
5/25/2025,27.38,33.68,8.28,2.42,0,29.01,96.53
5/26/2025,29.01,34.86,10.42,2.81,0.46,24.79,96.45
5/27/2025,27.53,40.18,11.66,2.47,0.35,25.38,96.6
5/28/2025,30.04,31.92,10.25,3.06,0.04,20.77,96.52
5/29/2025,32.05,25.54,8.33,2.16,0.05,21.75,96.43
5/30/2025,30.57,30.83,9.81,2.56,0,26.55,96.56
5/31/2025,28.52,36.97,10.65,2.51,0,28.87,96.6
6/1/2025,25.38,45.09,9.36,2.61,0,31.54,96.53
6/2/2025,22.72,54.21,10.36,2.7,0,30.7,96.54
6/3/2025,21.24,54.92,10.47,3.53,0,23.77,96.61
6/4/2025,20.79,52.85,9.31,4,0,29.85,96.56
6/5/2025,23.31,52.27,11.32,3.72,0,29.61,96.46
6/6/2025,25.81,49.69,12.85,2.92,0,27.9,96.4
6/7/2025,29.05,39.69,10.48,2.68,0,27.41,96.27
6/8/2025,27.71,41.11,11.12,2.58,0,29.36,96.44
6/9/2025,26.52,45.84,12.97,2.68,0,23.36,96.58
6/10/2025,23.83,55.96,13.47,3.6,0.01,19.1,96.58
6/11/2025,23.24,52.44,11.35,3.46,0,31,96.41
6/12/2025,23.79,53.48,12.26,3.47,0,31.39,96.32
6/13/2025,23.86,54.67,12.76,4,0,25.68,96.47
6/14/2025,24.55,58.75,14.87,4.36,0,27,96.63
6/15/2025,26.29,57.67,15.68,3.42,0.03,26.09,96.48
6/16/2025,29.72,44.88,13.3,2.64,0.03,26.37,96.47
6/17/2025,31.11,34.44,10.97,3.01,1.21,25.08,96.68
6/18/2025,32.38,27.31,10.09,2.69,0.07,16.3,96.68
6/19/2025,33.08,32.38,12.04,2.42,0.16,23.26,96.48
6/20/2025,32.83,33.7,12.78,2.81,0,26.07,96.55
6/21/2025,27.66,46.09,13.5,3.66,0,23.53,96.67
6/22/2025,26.17,52.68,14.35,3.85,0,28.78,96.59
6/23/2025,24.6,54.52,13.78,3.89,0,27.52,96.6
6/24/2025,25.24,53.16,13.61,3.81,0,29.07,96.41
6/25/2025,26.69,45.68,12.15,3.65,0,29.86,96.44
6/26/2025,31.22,35.43,10.94,3.85,1.68,27.47,96.47
6/27/2025,34.8,21.89,8,4.02,0.13,23.43,96.67
6/28/2025,37.06,20.11,7.6,2.61,0,26.77,96.53
6/29/2025,37.13,16.17,5.2,2.4,0,27.69,96.39
6/30/2025,35.74,20.27,6.78,2.37,0,29.13,96.18
7/1/2025,34.53,26.46,10.75,2.75,0.05,27.69,96.07
7/2/2025,30.87,40.66,14.65,2.79,0.02,29.17,96.31
7/3/2025,30.96,35.47,12.29,2.79,0,29.77,96.48
7/4/2025,30.33,34.07,8.95,2.63,0,30.95,96.67
7/5/2025,27.42,47.16,12.75,3.31,0,30.56,96.6
7/6/2025,26.25,50.11,13.24,3.63,0,29.78,96.31
7/7/2025,27.35,47.85,13.83,2.69,0,29.26,96.11
7/8/2025,31.03,38.22,12.83,2.73,0,25,96.17
7/9/2025,31.72,37.07,13.51,2.33,0.08,24.78,96.44
7/10/2025,30.37,41.77,14.89,3,0,28.07,96.6
7/11/2025,26.08,50.13,13.34,3.24,0,30.29,96.56
7/12/2025,24.47,50.78,11.41,3.75,0,31.57,96.4
7/13/2025,24.7,53.93,13.26,4.46,0,29.85,96.35
7/14/2025,27.76,46.61,12.98,3.42,0,30.43,96.62
7/15/2025,34.26,26.99,9.74,2.38,0,26.85,96.63
7/16/2025,34.86,21.24,7.5,3.02,0,27.08,96.6
7/17/2025,33.09,24.36,7.29,3.49,0,28.02,96.43
7/18/2025,29.14,35.34,9.82,3.9,0,28.92,96.41
7/19/2025,26.99,47.3,12.96,4.5,0,29.68,96.29
7/20/2025,25.75,47.96,12.53,4.84,0,29.36,96.2
7/21/2025,26.01,49.32,13.43,4.37,0,29.29,96.21
7/22/2025,26.02,45.93,12.07,3.92,0,29.88,96.44
7/23/2025,26.21,44.67,11.73,4.59,0,29,96.3
7/24/2025,27.01,45.45,11.82,3.97,0,28.1,95.81
7/25/2025,31.45,32.81,9.69,3.16,0.06,29.18,95.73
7/26/2025,29.85,44.86,14.9,2.29,0.05,28.4,96.39
7/27/2025,30.35,47.57,16.5,2.34,10.69,28.58,96.58
7/28/2025,30.13,42.14,13.52,2.29,0.22,29.15,96.44
7/29/2025,28.21,44.28,11.86,2.32,7.96,30.01,96.24
7/30/2025,28.48,45.81,13,2.18,0,29.74,96.21
7/31/2025,30.04,38.71,11.56,2.11,0,29.06,96.2
8/1/2025,31.32,36.39,12.3,2.38,0,28.12,96.02
8/2/2025,29.89,51.66,16.73,3.08,0,26,95.95
8/3/2025,26.45,59.61,16.72,3.65,0.05,22.93,96.37
8/4/2025,26.89,57.04,16.73,2.98,0,24.79,96.64
8/5/2025,32.16,45.03,16.8,3.04,0.02,21.53,96.57
8/6/2025,35.61,31.39,13.83,3.38,0.03,25.72,96.4
8/7/2025,31.03,45.84,16.24,3.09,0.01,26.43,96.49
8/8/2025,30.77,34.94,11.63,2.81,0,27.18,96.5
8/9/2025,33.03,28.73,10.03,2.3,0,27.03,96.46
8/10/2025,35.06,24.3,8.69,2.45,0,27.02,96.44
8/11/2025,35.7,21.5,7.3,3.16,0,26.62,96.18
8/12/2025,35.31,19.01,5.98,2.64,0,26.24,96.01
8/13/2025,33.75,20.88,6.06,2.47,0,27.58,96.16
8/14/2025,33.79,23.35,8.13,2.36,0,23.44,96.19
8/15/2025,34.09,28.42,12.18,2.36,0.05,19.91,96.45
8/16/2025,37.2,21.85,10.32,2.58,0,23.55,96.4
8/17/2025,36.42,24.23,10.87,2.44,0,26.46,96.3
8/18/2025,33.41,33.6,12.89,2.55,0,26.19,96.34
8/19/2025,28.92,42.37,13.61,3.26,0,26.61,96.42
8/20/2025,26.85,46.31,12.61,3.3,0,27.17,96.35
8/21/2025,28.54,41.32,10.72,3.21,0,27,96.21
8/22/2025,29.67,35.88,10.3,3.37,0,22.15,96.24
8/23/2025,26.94,49.59,13.45,3.62,0,25.68,96.35
8/24/2025,23.64,60.58,14.77,3.86,0.01,23.53,96.34
8/25/2025,24.34,56.97,14.3,3.78,0.01,25.01,96.3
8/26/2025,25.83,52.54,13.86,3.91,0.01,26.16,96.1
8/27/2025,25.7,52.72,14,3.32,0,26,96.27
8/28/2025,23.87,57.02,13.51,4.07,0.01,25.71,96.55
8/29/2025,24.35,54.45,12.5,4.16,0,27.33,96.45
8/30/2025,26.2,50.07,12.64,3.78,0,27.06,96.32
8/31/2025,25.66,55.98,14.29,4.03,0,26.99,96.42
9/1/2025,23.47,58.46,13.84,4.92,0,25.01,96.57
9/2/2025,23.26,47.44,9.13,4.48,0,26.5,96.43
9/3/2025,24.34,50.41,10.51,3.14,0,26.55,96.36
9/4/2025,25.17,48.63,11.31,3.85,0,26.16,96.3
9/5/2025,27.97,42.92,11.5,2.66,0.03,21.44,96.16
9/6/2025,32.08,28.41,10.68,3.38,0.06,9.98,96.29
9/7/2025,30.69,38.89,14.21,2.18,0,21.58,96.39
9/8/2025,29.03,48.25,16.24,3.16,0.21,17.2,96.52
9/9/2025,21.69,56.15,11.81,3.87,0.17,14.53,96.73
9/10/2025,22.31,49.83,8.71,4.48,0,25.51,96.72
9/11/2025,26.11,47.44,11.13,3.21,0.01,24.45,96.64
9/12/2025,30.75,37.44,11.5,2.61,0,23.59,96.36
9/13/2025,30.19,35.53,11.14,3.04,0,23.11,96.6
9/14/2025,29.59,31.41,8.41,3.06,0,23.39,96.69
9/15/2025,30.12,28.93,7.64,1.99,0.1,23.65,96.61
9/16/2025,31.65,26.62,8.2,1.29,0.03,19.54,96.66
9/17/2025,31.16,29.31,10.57,1.18,0,20.12,96.75
9/18/2025,31.63,32.24,11.69,3.07,1.65,14,96.78
9/19/2025,31.67,32.48,11.94,3.24,0.01,15.11,96.68
9/20/2025,31.78,26.96,9.15,2.25,0.01,17.27,96.56
9/21/2025,26.55,52.48,15.01,2.88,0.18,16.4,96.49
9/22/2025,24.77,54.46,13.87,3.38,0.06,22.36,96.35
9/23/2025,22.27,55.88,12.25,3.17,0.01,21.6,96.39
9/24/2025,22.39,54.37,11.4,2.85,0.03,22.98,96.35
9/25/2025,22.14,56.2,11.85,2.18,0.03,19.16,96.46
9/26/2025,22.98,57.78,12.61,2.23,0.06,22.9,96.59
9/27/2025,22.73,56.32,11.83,2.6,0.06,22.79,96.8
9/28/2025,20.88,63.39,12.61,2.99,0,18.62,96.79
9/29/2025,20.57,65.99,13.02,2.74,0,19.49,96.51
9/30/2025,21.48,63.19,13.12,2.53,0,22.35,96.48
10/1/2025,22.59,61.38,13.36,2.32,0,22.01,96.61
10/2/2025,25.06,52.5,12.66,1.38,0,18.37,96.69
10/3/2025,25.84,52.04,13.96,1.95,0,20.82,96.92
10/4/2025,24.01,56.99,13.53,2.52,0,21.18,96.99
10/5/2025,22.94,58.01,13.02,2.52,0,21.07,96.72
10/6/2025,25.85,47.83,11.49,2.03,0,20.87,96.66
10/7/2025,27.5,43.5,11.96,2.15,0,20.36,96.82
10/8/2025,24.17,55.49,13.56,2.94,0,20.24,96.94
10/9/2025,21.13,59.1,11.43,3.08,0,21.39,96.76
10/10/2025,19.77,61.99,10.95,2.43,0,20.73,96.56
10/11/2025,20.94,59.64,11.16,2.39,0,20.72,96.3
10/12/2025,22.41,58.46,11.8,2.09,0,18.19,96.3
10/13/2025,23.94,48.27,9.57,2.03,0,19.81,96.29
10/14/2025,25.91,31.36,5.22,2,0,18.55,96.28
10/15/2025,24.34,42.96,8.84,2.19,0,17.87,96.46
10/16/2025,23.96,46.65,10.1,2.09,0,18.56,96.19
10/17/2025,22.74,60.48,13.49,2.23,0,17.94,96.07
10/18/2025,24.26,49.57,11.56,1.55,0,18.39,96.29
10/19/2025,25.03,43.93,10.81,1.9,0,18.26,96.44
10/20/2025,23.38,53.8,12.13,2.05,0,18.39,96.47
10/21/2025,22.83,56.08,12.22,2.78,0,18.53,96.53
10/22/2025,23.51,49.31,10.37,3.52,0,18.73,96.62
10/23/2025,25.13,46.74,9.86,2.07,0,18.52,96.59
10/24/2025,25.9,40.69,8.8,1.71,0,18.27,96.56
10/25/2025,22.23,53.05,10.37,2.36,0.01,14.27,96.53
10/26/2025,19.97,64.18,12.44,1.2,0.01,16.01,96.76
10/27/2025,23.2,45.41,9.62,0.92,0,14.68,96.71
10/28/2025,23.87,42.43,9,2.73,0.13,14.47,96.43
10/29/2025,20.52,67.91,13.55,3.54,0.27,10.1,96.34
10/30/2025,20.1,68.87,13.19,1.46,0.17,16.8,96.48
10/31/2025,20.2,69.05,13.11,2,0.06,17.84,96.59
11/1/2025,21.08,54.94,9.32,1.86,0.01,17.69,96.82
11/2/2025,20.57,51.49,8.97,1.72,0,17.2,96.99
11/3/2025,20.7,48.43,7.41,1.77,0,16.39,96.79
11/4/2025,23.66,29.15,3.57,2,0,15.49,96.61
11/5/2025,23.13,39.5,6.14,3.3,0,15.45,96.58
11/6/2025,19,66.04,11.71,2.37,0.05,13.35,96.64
11/7/2025,16.69,63.8,9.06,2.73,0,15.45,96.58
11/8/2025,17.93,58.37,7.99,3.05,0,16.82,96.7
11/9/2025,17.24,56.26,7.21,1.93,0,15.77,96.67
11/10/2025,18.55,54.78,7.75,1.88,0,15.68,96.6
11/11/2025,22.1,31.59,1.56,2.25,0,15.84,96.2
11/12/2025,22.58,36.41,5.13,3.47,4.9,14.67,96.03
11/13/2025,20.1,62.32,12.41,3.66,10.39,3.18,95.89
11/14/2025,16.14,72.86,10.36,3.32,3.67,15.95,96.47
11/15/2025,15.92,70.62,10.11,2.41,0.01,14.08,96.67
11/16/2025,16.19,80.54,12.64,2.61,2.75,9.01,96.67
11/17/2025,14.9,80.03,11.05,2.07,2.06,12.07,96.69
11/18/2025,14.86,74.66,9.84,1.54,1.49,14.84,96.54
11/19/2025,14.31,65.01,7.18,1.47,0.02,14.21,96.43
11/20/2025,13.74,66.83,6.85,2.03,0.01,14.33,96.65
11/21/2025,12.92,63.36,5.2,2.76,0.03,14.85,96.87
11/22/2025,13.96,52.05,2.9,1.72,0,14.9,97.07
11/23/2025,16.82,38.33,1.44,1.54,0,14.68,97.19
11/24/2025,16.84,42.71,2.66,2.14,0,14.21,97.07
11/25/2025,14.83,57.45,4.7,1.33,0.02,14.82,96.85
11/26/2025,13.71,63.62,6.27,2.82,0.01,13.57,96.7
11/27/2025,13.82,49.16,2.46,1.3,0,14.69,96.65
11/28/2025,15.09,45.08,2.28,1.59,0,14.52,96.72
11/29/2025,13.67,55.75,3.94,1.4,0.01,14.43,96.72
11/30/2025,12.89,77.92,8.79,2.29,3.02,13.26,96.54
12/1/2025,11.37,64.22,3.98,1.78,0.58,13.96,96.61
12/2/2025,12.09,59.04,3.36,1.27,0.06,14.21,96.9
12/3/2025,12.33,68.64,6.29,2,0.31,14.41,97.17
12/4/2025,11.19,52.78,0.46,2.19,0,14.51,97.15
12/5/2025,13.18,38.85,-1.91,1.29,0,14.13,97.1
12/6/2025,14.52,35.17,-1.65,1.24,0,11.07,97.11
12/7/2025,15.54,33.17,-1.38,1.53,0,10.97,97.04
12/8/2025,14.54,35.28,-1.71,1.59,0,13.01,96.95
12/9/2025,14.68,35.53,-1.34,1.85,0,12.91,97.01
12/10/2025,13.22,68.58,6.85,2.97,6.16,5.28,96.9
12/11/2025,12.07,73.58,6.96,1.34,0.39,13.12,96.81
12/12/2025,12.07,76.32,7.74,2.63,14.75,6.52,96.15
12/13/2025,11.42,81.23,8,1.19,13.04,8.93,95.88
12/14/2025,11.38,68.44,5.39,2.35,0.69,10.26,96.1
12/15/2025,12.41,73.4,7.61,4.01,2.37,6.14,96.46
12/16/2025,11.33,84.53,8.72,4.76,28.91,6.76,96.6
12/17/2025,10.47,78.39,6.63,2.23,6.66,9.85,96.76
12/18/2025,9.77,71.84,4.35,1.99,0,12.21,96.89
12/19/2025,11.53,67.09,4.88,1.76,1.07,9.66,96.79
12/20/2025,11.48,78.44,7.5,1.2,1.08,11.81,96.88
12/21/2025,10.95,81.73,7.65,2.89,5.93,12.69,96.47
12/22/2025,10.85,81.55,7.53,1.9,6.86,12.06,96.61
12/23/2025,10.3,72.23,4.73,1.68,0.48,13.7,96.57
12/24/2025,12.35,88.87,10.52,4.22,11.12,8.48,95.84
12/25/2025,10.25,86.3,7.93,2.16,6.97,10.54,96.09
12/26/2025,9.29,86.01,6.96,2.45,1.04,9.04,96.44
12/27/2025,10.97,85.3,8.51,4.92,9.98,6.74,96.16
12/28/2025,11.19,84.73,8.57,4.56,9.43,10.6,96.24
12/29/2025,10.79,80.33,7.4,0.67,2.14,11.21,96.76
12/30/2025,11.36,65.67,4.39,0.95,0.2,11.81,96.84
12/31/2025,13.03,78.98,9.34,1.88,1.02,12.36,96.67
1/1/2026,15.46,63.14,7.77,2.18,0,10.88,96.15
1/2/2026,14.59,56.37,5.72,3.65,2.97,8.57,95.55
1/3/2026,13.88,79.09,10.02,4.54,15.06,7.61,95.17
1/4/2026,13.59,87.63,11.44,5.05,11.93,9.3,95.35
1/5/2026,11.6,90.67,10.19,2.33,17.42,8.88,96.01
1/6/2026,8.07,81.21,4.77,1.66,0.66,9.98,96.85
1/7/2026,6.33,72.36,1.18,1.76,0,13.93,97.61
1/8/2026,9.14,61.57,1.31,1.47,0,13.94,97.85
1/9/2026,9.24,77.85,5.15,1.46,0.02,14.07,97.73
1/10/2026,9.48,82.49,6.37,2.31,0.06,14.15,97.51
1/11/2026,11.22,67.9,4.93,1.32,0.03,14.2,97.26
1/12/2026,11.8,60.75,3.7,1.98,0,14.3,96.95
1/13/2026,11.98,66.11,5,2.81,5.59,9.51,96.51
1/14/2026,10.51,83.09,7.51,1.2,2.76,11.89,96.81
1/15/2026,10.21,79.84,6.38,0.89,0.08,13.67,96.98
1/16/2026,10.1,88.78,8.17,3.11,6.15,11.96,96.84
1/17/2026,9.58,86.86,7.37,2.01,3.95,10.93,96.29
1/18/2026,7.67,89.06,5.96,3.52,22.66,10.04,95.68
1/19/2026,8.34,81.96,5.2,1.3,1.77,12.11,96.71
1/20/2026,8.46,70.82,2.94,1.23,0.14,14.93,96.95
1/21/2026,9.45,79.79,5.87,2.17,0.53,13.1,96.66
1/22/2026,12.75,91.79,11.38,2.99,3.62,12.4,96.38
1/23/2026,12.01,90.95,10.55,4.52,7.97,8.07,96.34
1/24/2026,9.74,83.35,6.86,4.17,5.09,10.76,96.9
1/25/2026,9.79,85.65,7.27,1.58,0.14,15.33,97.32
1/26/2026,10.96,79.53,7.26,1.77,0.01,15.5,96.99
1/27/2026,11.94,84.17,9.26,4.33,1.05,14.4,96.65
1/28/2026,13.65,85.56,11.09,3.58,0.61,13.01,96.65
1/29/2026,14.22,89.41,12.36,1.68,0.87,10.69,96.97
1/30/2026,14.76,85.69,12.15,1.95,0.29,12.07,97.05
1/31/2026,14.55,80.16,10.82,0.99,0.56,15.85,97.02
2/1/2026,14.41,68.9,7.77,1.12,0.02,15.86,96.56
2/2/2026,10.93,84.66,8.31,3.41,10.47,5.83,96.13
2/3/2026,11.67,84.08,8.93,3.95,2.57,8.44,96.17
2/4/2026,14.46,85.02,11.89,3.48,2.85,13.69,96.25
2/5/2026,14.31,80.87,10.74,3.78,0.83,16.18,96.09
2/6/2026,12.98,83.41,9.88,3.62,1.4,14.18,96.59
2/7/2026,11.21,75.18,6.14,3.46,0.16,12.38,96.99
2/8/2026,13.5,86.04,11.12,3.07,4.15,12.2,96.99
2/9/2026,15.45,87.74,13.22,1.83,2.32,14.44,97.05
2/10/2026,17.89,77.69,13.39,1.4,0.23,16.63,97.06
2/11/2026,18.08,72.35,12.31,1.55,0.02,17.05,97.16
2/12/2026,16.88,69.19,9.6,1.22,0.1,17.89,96.94
2/13/2026,12.44,84.65,9.7,3.69,2.11,13.71,96.87
2/14/2026,10.4,73.48,5.34,2.86,0.94,17.12,97.42
2/15/2026,10.26,64.25,2.83,2.91,0,18.26,97.66
2/16/2026,14.27,57.23,4.74,2.05,0,18.56,97.59
2/17/2026,16.44,49.17,4.17,1.12,0,18.8,97.15
2/18/2026,14.8,65.35,7.53,1.57,0.05,16.99,97.05
2/19/2026,12.54,80.81,8.8,2.48,0.31,18.7,97.12
2/20/2026,13.98,69.4,7.47,2.04,0.03,19.21,97.13
2/21/2026,18.49,50.08,6.16,1.56,0,19.29,97.2
2/22/2026,19.63,43.83,5.78,1.53,0,19.45,97.28
2/23/2026,18.64,47.24,6.02,1.68,0,19.65,97.12
2/24/2026,17.35,51.75,5.75,1.57,0,19.5,96.81
2/25/2026,16.63,60.38,7.09,2.35,0,19.61,96.48
2/26/2026,14.66,61.68,6.54,2.58,0,5.36,96.53
2/27/2026,15.79,56.87,5.43,2.08,0,15.5,96.77
2/28/2026,13.49,77.81,8.99,2.7,0,14.06,96.71
3/1/2026,12.72,80.51,9,1.39,0,14.07,96.36
3/2/2026,13.34,78.07,9.03,2.1,0.34,16.52,95.91
3/3/2026,9.16,83.4,6.35,2.94,8.35,14.52,95.67
3/4/2026,9.79,73.08,4.74,2.5,3.16,10.46,96.04
3/5/2026,13.21,84.28,10.24,2.14,2.33,13.24,96.67
3/6/2026,11.53,79.73,7.61,1.9,1.03,13.12,96.83
3/7/2026,9.78,75.82,4.82,1.85,0.07,18.13,96.64
3/8/2026,11.57,77.1,6.93,2.29,0.07,21.25,96.78
3/9/2026,12.31,78.59,8.04,2.71,0.08,21.48,96.93
3/10/2026,10.58,79.93,6.75,2.78,0.79,11.75,96.88
3/11/2026,10.61,71.21,4.59,3.04,0.21,22.03,96.8
3/12/2026,14.09,63.22,5.4,1.68,0,21.96,96.69
3/13/2026,15.5,63.79,7.25,2.07,0.03,21.89,96.7
3/14/2026,13.07,76.22,8.12,1.78,0.1,18.26,96.69
3/15/2026,14.33,76.88,9.54,2.61,0.05,22.18,96.39
3/16/2026,17.84,58.08,7.63,1.64,0.04,22.49,96.13
3/17/2026,17.85,56.38,7.22,2.3,10.76,7.19,95.86
3/18/2026,16.62,61.75,8.2,2.09,0.19,22.69,95.38
3/19/2026,16.7,64,8.78,2.37,0.78,16.3,95.29
3/20/2026,17.63,70.17,11.44,2.43,0.62,16.73,95.35
3/21/2026,15.8,77.82,11.52,1.56,1.54,14.82,95.53
3/22/2026,16.93,68.41,10.3,1.5,6.35,16.72,95.59
3/23/2026,15.98,72.31,10.38,1.45,2.19,22.41,95.96
3/24/2026,18.18,62.45,9.68,1.88,0.12,22.95,96.18
3/25/2026,19.47,57.81,9.03,1.85,0.7,23.39,96.08
3/26/2026,16.91,75.01,11.66,1.48,1.85,18.48,95.9
3/27/2026,16.14,82.16,12.81,1.16,0.12,19.94,95.93
3/28/2026,16.89,73.13,10.89,1.45,0.01,23.43,96.42
3/29/2026,15.66,69.64,8.9,2.88,0,24.56,96.73
3/30/2026,13.83,62.69,4.72,2.77,0,25.33,96.69
3/31/2026,16.41,52.3,3.84,1.58,0,25.52,96.83
