time,BatV,temp_SOIL,water_SOIL,conduct_SOIL
2025-12-01T17:33:47.382718772Z,3.288,13.73,24.41,159
2025-12-01T17:53:47.310547175Z,3.288,13.63,24.35,158
2025-12-01T18:13:47.221687087Z,3.288,13.52,24.29,157
2025-12-01T18:33:47.138879261Z,3.286,13.43,24.29,157
2025-12-01T18:53:47.061105031Z,3.284,13.42,24.29,156
2025-12-01T19:13:47.008033816Z,3.286,13.32,24.28,155
2025-12-01T19:33:46.905110006Z,3.28,13.22,24.18,155
2025-12-01T19:53:46.824388340Z,3.295,13.11,24.17,154
2025-12-01T20:13:46.758948118Z,3.284,13.01,24.16,153
2025-12-01T20:33:46.672020988Z,3.284,12.91,24.09,152
2025-12-01T20:53:46.590230324Z,3.282,12.78,24.05,152
2025-12-01T21:13:46.507995466Z,3.282,12.68,24.05,151
2025-12-01T21:33:46.444582249Z,3.275,12.6,24.05,151
2025-12-01T21:53:46.367043565Z,3.282,12.5,24.01,151
2025-12-01T22:33:46.208697785Z,3.282,12.41,23.94,150
2025-12-01T22:53:46.128149765Z,3.288,12.39,23.93,149
2025-12-01T23:13:46.049892362Z,3.275,12.29,23.93,149
2025-12-01T23:33:45.987526358Z,3.275,12.28,23.93,149
2025-12-01T23:53:45.896082140Z,3.275,12.19,23.93,148
2025-12-02T00:13:45.836862928Z,3.277,12.19,23.93,148
2025-12-02T00:33:45.755950001Z,3.275,12.12,23.93,148
2025-12-02T00:53:45.697568726Z,3.275,12.09,23.92,148
2025-12-02T01:13:45.610309286Z,3.275,12.03,23.86,147
2025-12-02T01:33:45.537649567Z,3.277,11.93,23.84,147
2025-12-02T01:53:45.445612391Z,3.275,11.88,23.88,147
2025-12-02T02:13:45.391316073Z,3.273,11.88,23.86,147
2025-12-02T02:33:45.307507855Z,3.273,11.85,23.86,147
2025-12-02T02:53:45.237409221Z,3.273,11.77,23.81,147
2025-12-02T03:13:45.166333296Z,3.273,11.67,23.81,146
2025-12-02T03:33:45.085905762Z,3.271,11.57,23.81,146
2025-12-02T03:53:45.026536771Z,3.273,11.46,23.81,145
2025-12-02T04:13:44.948408295Z,3.271,11.4,23.81,145
2025-12-02T04:33:44.878128093Z,3.269,11.31,23.81,144
2025-12-02T04:53:44.815644998Z,3.271,11.25,23.75,145
2025-12-02T05:13:44.744695078Z,3.275,11.24,23.81,145
2025-12-02T05:33:44.658666237Z,3.262,11.19,23.81,145
2025-12-02T05:53:44.599717955Z,3.267,11.15,23.74,144
2025-12-02T06:13:44.527150972Z,3.267,11.13,23.8,144
2025-12-02T06:33:44.451594193Z,3.275,11.05,23.7,144
2025-12-02T06:53:44.381349537Z,3.265,11.04,23.7,144
2025-12-02T07:13:44.325663678Z,3.267,10.95,23.69,143
2025-12-02T07:33:44.245691947Z,3.267,10.91,23.69,143
2025-12-02T07:53:44.178945487Z,3.273,10.86,23.69,143
2025-12-02T08:13:44.124253166Z,3.271,10.95,23.57,144
2025-12-02T08:33:44.026378394Z,3.275,11.11,23.51,144
2025-12-02T08:53:43.956874150Z,3.284,11.27,23.46,144
2025-12-02T09:13:43.868830066Z,3.282,11.67,23.03,146
2025-12-02T09:33:43.787687629Z,3.28,12.6,22.85,147
2025-12-02T09:53:43.715600896Z,3.282,13.01,23.2,145
2025-12-02T10:13:43.629234226Z,3.288,13.01,23.21,144
2025-12-02T10:33:43.546534899Z,3.282,13.01,23.26,144
2025-12-02T10:53:43.473711878Z,3.284,13.04,23.21,143
2025-12-02T11:13:43.392340702Z,3.284,13.11,23.21,142
2025-12-02T11:33:43.308738448Z,3.29,13.16,23.09,142
2025-12-02T11:53:43.217362153Z,3.305,13.32,23.03,143
2025-12-02T12:13:43.137869033Z,3.299,13.52,23.06,142
2025-12-02T12:33:42.658931738Z,3.239,13.63,22.97,142
2025-12-02T12:53:42.965748106Z,3.297,13.73,22.96,141
2025-12-02T13:13:42.874884426Z,3.295,13.83,22.87,140
2025-12-02T13:33:42.806567257Z,3.292,13.9,22.84,140
2025-12-02T13:53:42.720534160Z,3.297,13.96,22.82,139
2025-12-02T14:13:42.639698746Z,3.299,14.04,22.74,139
2025-12-02T14:33:42.380967777Z,3.295,14.07,22.73,138
2025-12-02T14:53:42.058291516Z,3.244,14.12,22.72,138
2025-12-02T15:13:42.383964594Z,3.297,14.05,22.63,137
2025-12-02T15:33:42.286829702Z,3.297,14.14,22.6,136
2025-12-02T15:53:42.196949139Z,3.292,14.14,22.6,136
2025-12-02T16:13:42.119385037Z,3.292,14.18,22.59,135
2025-12-02T16:33:42.051962026Z,3.292,14.14,22.59,135
2025-12-02T16:53:41.949027260Z,3.292,14.14,22.56,134
2025-12-02T17:13:41.870160620Z,3.29,14.04,22.49,134
2025-12-02T17:33:41.791301764Z,3.292,13.94,22.48,133
2025-12-02T17:53:41.708775375Z,3.286,13.83,22.48,132
2025-12-02T18:13:41.621648616Z,3.282,13.75,22.48,132
2025-12-02T18:33:41.559690367Z,3.284,13.72,22.48,131
2025-12-02T18:53:41.476866655Z,3.29,13.63,22.48,131
2025-12-02T19:13:41.396565528Z,3.282,13.52,22.48,131
2025-12-02T19:33:41.319557238Z,3.284,13.42,22.48,131
2025-12-02T19:53:41.228997126Z,3.282,13.34,22.48,130
2025-12-02T20:13:41.175559293Z,3.286,13.32,22.48,130
2025-12-02T20:33:41.069295384Z,3.292,13.22,22.44,130
2025-12-02T20:53:41.001296716Z,3.284,13.19,22.44,129
2025-12-02T21:13:40.914686563Z,3.282,13.11,22.47,129
2025-12-02T21:33:40.847269857Z,3.28,13.01,22.47,129
2025-12-02T21:53:40.767250230Z,3.282,12.91,22.46,129
2025-12-02T22:13:40.700883204Z,3.282,12.84,22.4,128
2025-12-02T22:33:40.621267035Z,3.282,12.8,22.36,128
2025-12-02T22:53:40.546256425Z,3.282,12.7,22.36,128
2025-12-02T23:13:40.473189626Z,3.28,12.69,22.36,127
2025-12-02T23:33:40.387141723Z,3.28,12.6,22.37,128
2025-12-02T23:53:40.320452227Z,3.277,12.56,22.37,127
2025-12-03T00:13:40.228267570Z,3.277,12.5,22.37,127
2025-12-03T00:33:40.156938478Z,3.277,12.43,22.36,127
2025-12-03T00:53:40.075424054Z,3.275,12.43,22.28,127
2025-12-03T01:13:40.016510512Z,3.282,12.44,22.26,127
2025-12-03T01:33:39.925970023Z,3.277,12.42,22.26,127
2025-12-03T01:53:39.858337278Z,3.277,12.43,22.26,127
2025-12-03T02:13:39.778601808Z,3.277,12.41,22.25,126
2025-12-03T02:33:39.705168654Z,3.271,12.41,22.25,126
2025-12-03T02:53:39.648435138Z,3.28,12.39,22.25,126
2025-12-03T03:13:39.568349441Z,3.277,12.39,22.25,126
2025-12-03T03:33:39.479737610Z,3.277,12.39,22.25,126
2025-12-03T03:53:39.409370068Z,3.277,12.37,22.25,126
2025-12-03T04:13:39.327828439Z,3.277,12.39,22.23,126
2025-12-03T04:33:39.251425777Z,3.271,12.48,22.23,126
2025-12-03T04:53:39.165515388Z,3.28,12.5,22.19,126
2025-12-03T05:13:39.095938408Z,3.28,12.51,22.15,126
2025-12-03T05:33:39.026011724Z,3.28,12.58,22.12,125
2025-12-03T05:53:38.953811347Z,3.28,12.6,22.12,125
2025-12-03T06:13:38.854787201Z,3.28,12.6,22.12,125
2025-12-03T06:33:38.793841803Z,3.28,12.6,22.12,125
2025-12-03T06:53:38.714707447Z,3.282,12.6,22.12,125
2025-12-03T07:13:38.635829975Z,3.282,12.56,22.09,124
2025-12-03T07:33:38.557222065Z,3.282,12.57,22.07,124
2025-12-03T07:53:38.481459580Z,3.282,12.6,22.02,124
2025-12-03T08:13:38.407750619Z,3.286,12.63,22,124
2025-12-03T08:33:38.335670980Z,3.282,12.7,22,124
2025-12-03T08:53:38.255235004Z,3.282,12.8,21.9,124
2025-12-03T09:13:38.155017204Z,3.286,13.11,21.57,125
2025-12-03T10:53:37.756620596Z,3.288,13.83,21.64,122
2025-12-03T11:13:37.544261866Z,3.286,13.83,21.61,122
2025-12-03T11:33:37.592331376Z,3.29,13.83,21.6,121
2025-12-03T11:53:37.520171651Z,3.292,13.92,21.48,121
2025-12-03T12:13:37.422047127Z,3.297,14.04,21.47,121
2025-12-03T12:33:37.350754492Z,3.297,14.14,21.46,121
2025-12-03T12:53:37.252485155Z,3.299,14.24,21.38,120
2025-12-03T13:13:36.851415836Z,3.235,14.34,21.34,120
2025-12-03T13:33:37.099195117Z,3.295,14.4,21.34,119
2025-12-03T13:53:37.004528860Z,3.297,14.45,21.34,119
2025-12-03T14:13:36.917170859Z,3.297,14.54,21.26,119
2025-12-03T14:33:36.824591816Z,3.297,14.55,21.21,118
2025-12-03T14:53:36.758735063Z,3.288,14.55,21.21,118
2025-12-03T15:13:36.658067443Z,3.295,14.55,21.21,117
2025-12-03T15:33:36.578463293Z,3.295,14.55,21.12,117
2025-12-03T15:53:36.502468113Z,3.292,14.53,21.08,116
2025-12-03T16:13:36.408823193Z,3.292,14.46,21.08,116
2025-12-03T16:33:36.338975312Z,3.292,14.45,21.08,115
2025-12-03T16:53:36.238989016Z,3.29,14.44,21.08,115
2025-12-03T17:13:36.170128205Z,3.295,14.35,21.09,114
2025-12-03T17:33:36.078772879Z,3.29,14.24,21.09,114
2025-12-03T17:53:36.010854556Z,3.288,14.14,21.09,114
2025-12-03T18:13:35.962700876Z,3.284,14.04,21.06,113
2025-12-03T18:33:35.840769870Z,3.288,13.93,20.99,113
2025-12-03T18:53:35.773478576Z,3.286,13.83,20.97,112
2025-12-03T19:13:35.682504515Z,3.286,13.73,20.97,112
2025-12-03T19:33:35.596124115Z,3.286,13.67,20.97,112
2025-12-03T19:53:35.525100674Z,3.284,13.62,20.97,111
2025-12-03T20:13:35.462783044Z,3.284,13.52,20.97,111
2025-12-03T20:33:35.385016123Z,3.286,13.42,20.97,111
2025-12-03T20:53:35.289775603Z,3.277,13.32,20.94,110
2025-12-03T21:13:35.225285361Z,3.284,13.22,20.9,110
2025-12-03T21:33:35.127604668Z,3.282,13.11,20.87,110
2025-12-03T21:53:35.058870238Z,3.28,13.01,20.86,109
2025-12-03T22:13:34.981724639Z,3.282,12.94,20.86,109
2025-12-03T22:33:34.905973265Z,3.282,12.88,20.86,109
2025-12-03T22:53:34.827845351Z,3.28,12.8,20.86,108
2025-12-03T23:13:34.750091924Z,3.28,12.7,20.86,109
2025-12-03T23:33:34.669370718Z,3.28,12.67,20.84,108
2025-12-03T23:53:34.594500690Z,3.282,12.6,20.78,108
2025-12-04T00:13:34.525359232Z,3.282,12.5,20.76,107
2025-12-04T00:33:34.456900099Z,3.275,12.47,20.75,107
2025-12-04T00:53:34.376805745Z,3.28,12.39,20.74,107
2025-12-04T01:13:34.289709263Z,3.271,12.29,20.75,107
2025-12-04T01:33:34.225599203Z,3.282,12.27,20.75,107
2025-12-04T01:53:34.150095304Z,3.275,12.19,20.75,106
2025-12-04T02:13:34.068206327Z,3.273,12.09,20.75,106
2025-12-04T02:33:34.001388168Z,3.282,12,20.75,106
2025-12-04T02:53:33.905402714Z,3.277,11.96,20.75,105
2025-12-04T03:13:33.838391882Z,3.277,11.88,20.72,105
2025-12-04T03:33:33.767885866Z,3.275,11.78,20.65,105
2025-12-04T03:53:33.688856349Z,3.277,11.77,20.63,105
2025-12-04T04:13:33.616200870Z,3.271,11.67,20.64,104
2025-12-04T04:33:33.544860782Z,3.275,11.6,20.63,104
2025-12-04T04:53:33.482286951Z,3.271,11.57,20.63,104
2025-12-04T05:13:33.387663604Z,3.275,11.46,38.64,424
2025-12-04T05:33:33.332540008Z,3.275,16.39,47.34,539
2025-12-04T05:53:33.258247556Z,3.267,17.3,47.8,523
2025-12-04T06:13:33.186204168Z,3.273,16.49,41.54,395
2025-12-04T06:33:33.098884231Z,3.271,15.16,35.91,317
2025-12-04T06:53:33.022172376Z,3.271,14.55,33.97,289
2025-12-04T07:13:32.969942252Z,3.269,14.04,32.76,271
2025-12-04T07:33:32.894319730Z,3.271,13.55,32.02,260
2025-12-04T07:53:32.809415533Z,3.269,13.19,31.52,253
2025-12-04T08:13:32.755345351Z,3.277,12.91,31.11,247
2025-12-04T08:33:32.668231349Z,3.275,12.7,30.73,243
2025-12-04T08:53:32.601439158Z,3.28,12.6,30.43,240
2025-12-04T09:13:32.514725954Z,3.273,12.6,29.84,238
2025-12-04T09:33:32.439078963Z,3.282,12.91,29.42,236
2025-12-04T09:53:32.406998219Z,3.282,13.11,29.59,231
2025-12-04T10:13:32.283600871Z,3.282,12.92,29.44,228
2025-12-04T10:33:32.225216189Z,3.284,12.88,29.29,225
2025-12-04T10:53:32.105720180Z,3.277,12.83,29.04,223
2025-12-04T11:13:32.042142277Z,3.286,12.89,28.9,221
2025-12-04T11:33:31.950873386Z,3.286,12.91,28.75,220
2025-12-04T11:53:31.875287361Z,3.295,13.01,28.54,219
2025-12-04T12:13:31.785277036Z,3.292,13.17,28.5,217
2025-12-04T12:33:31.699500267Z,3.295,13.22,28.36,215
2025-12-04T12:53:31.607553788Z,3.295,13.29,28.24,213
2025-12-04T13:13:31.538412028Z,3.29,13.32,28.11,212
2025-12-04T13:33:31.454664365Z,3.292,13.4,27.98,209
2025-12-04T13:53:31.373243790Z,3.29,13.42,27.85,208
2025-12-04T14:13:31.277027337Z,3.29,13.42,27.72,207
2025-12-04T14:33:31.203301612Z,3.295,13.43,27.65,205
2025-12-04T14:53:31.120610794Z,3.29,13.42,27.58,203
2025-12-04T15:13:31.029836359Z,3.292,13.42,27.46,202
2025-12-04T15:33:30.938992318Z,3.29,13.4,27.34,200
2025-12-04T15:53:30.865370617Z,3.29,13.34,27.24,199
2025-12-04T16:13:30.773182521Z,3.288,13.33,27.21,198
2025-12-04T16:33:30.703153597Z,3.295,13.31,27.09,196
2025-12-04T16:53:30.605862963Z,3.29,13.22,27.08,195
2025-12-04T17:13:30.537571285Z,3.292,13.17,27.02,194
2025-12-04T17:33:30.449012581Z,3.292,13.1,26.95,193
2025-12-04T17:53:30.365438677Z,3.288,13,26.94,191
2025-12-04T18:13:30.276082626Z,3.288,12.9,26.86,190
2025-12-04T18:33:30.205513337Z,3.29,12.8,26.82,190
2025-12-04T18:53:30.127348794Z,3.282,12.7,26.82,189
2025-12-04T19:13:30.039116469Z,3.29,12.6,26.81,188
2025-12-04T19:33:29.963779578Z,3.284,12.5,26.81,187
2025-12-04T19:53:29.894277026Z,3.284,12.39,26.76,187
2025-12-04T20:13:29.800044394Z,3.286,12.24,26.68,186
2025-12-04T20:33:29.728429232Z,3.282,12.1,26.65,185
2025-12-04T20:53:29.657141328Z,3.275,12.02,26.66,184
2025-12-04T21:13:29.582850642Z,3.288,11.98,26.63,184
2025-12-04T21:33:29.498918613Z,3.282,11.92,26.57,185
2025-12-04T21:53:29.460393097Z,3.277,11.88,26.56,183
2025-12-04T22:13:29.368549660Z,3.286,11.77,26.55,182
2025-12-04T22:33:29.279986810Z,3.277,11.66,26.45,182
2025-12-04T22:53:29.196676369Z,3.28,11.57,26.42,181
2025-12-04T23:13:29.117633886Z,3.277,11.57,26.42,181
2025-12-04T23:33:29.047257891Z,3.271,11.54,26.34,180
2025-12-04T23:53:28.966001379Z,3.284,11.46,26.3,179
2025-12-05T00:13:28.887766331Z,3.277,11.39,26.3,179
2025-12-05T00:33:28.830987722Z,3.282,11.36,26.29,178
2025-12-05T00:53:28.751005628Z,3.277,11.28,26.19,178
2025-12-05T01:13:28.656910221Z,3.28,11.25,26.17,177
2025-12-05T01:33:28.592667102Z,3.275,11.15,26.17,176
2025-12-05T01:53:28.515717392Z,3.271,11.12,26.13,176
2025-12-05T02:13:28.456358889Z,3.277,11.05,26.06,175
2025-12-05T02:33:28.394194246Z,3.277,11.03,26.05,175
2025-12-05T02:53:28.286254499Z,3.275,10.95,26.05,175
2025-12-05T03:13:28.213571801Z,3.275,10.94,26.04,174
2025-12-05T03:33:28.135565136Z,3.275,10.88,25.95,174
2025-12-05T03:53:28.069186100Z,3.275,10.84,25.93,172
2025-12-05T04:13:27.979971901Z,3.275,10.75,25.93,172
2025-12-05T04:33:27.916925689Z,3.28,10.74,25.92,171
2025-12-05T04:53:27.846438037Z,3.28,10.65,25.84,171
2025-12-05T05:13:27.779440917Z,3.273,10.63,25.81,170
2025-12-05T05:33:27.678722155Z,3.277,10.58,25.81,170
2025-12-05T05:53:27.607705559Z,3.275,10.53,25.8,170
2025-12-05T06:13:27.556562323Z,3.275,10.5,25.8,169
2025-12-05T06:33:27.479878151Z,3.28,10.43,25.69,169
2025-12-05T06:53:27.383819681Z,3.275,10.43,25.72,169
2025-12-05T07:13:27.326061474Z,3.271,10.35,25.7,168
2025-12-05T07:33:27.252053473Z,3.277,10.31,25.69,168
2025-12-05T07:53:27.167221282Z,3.271,10.22,25.68,168
2025-12-05T08:13:27.103624947Z,3.275,10.27,25.56,168
2025-12-05T08:33:27.025470128Z,3.271,10.41,25.45,168
2025-12-05T08:53:26.940159574Z,3.284,10.54,25.44,168
2025-12-05T09:13:26.856417169Z,3.288,10.84,24.99,169
2025-12-05T09:33:26.776003942Z,3.284,11.57,24.75,169
2025-12-05T09:53:26.688449012Z,3.286,12.04,24.99,167
2025-12-05T10:13:26.616860021Z,3.288,12.07,24.99,166
2025-12-05T10:33:26.530725503Z,3.288,12.08,24.98,164
2025-12-05T10:53:26.463472893Z,3.288,12.19,24.88,164
2025-12-05T11:13:26.386667837Z,3.292,12.29,24.87,164
2025-12-05T11:33:26.287560348Z,3.29,12.39,24.76,163
2025-12-05T11:53:26.039254955Z,3.299,12.5,24.64,162
2025-12-05T12:13:26.123848301Z,3.295,12.7,24.64,161
2025-12-05T12:33:26.029645945Z,3.299,12.86,24.52,160
2025-12-05T12:53:25.943887129Z,3.299,12.92,24.52,160
2025-12-05T13:13:25.858885619Z,3.297,13.11,24.43,159
2025-12-05T13:33:25.391154297Z,3.244,13.22,24.41,159
2025-12-05T13:53:25.680531513Z,3.301,13.35,24.34,158
2025-12-05T14:13:25.591197328Z,3.303,13.43,24.29,157
2025-12-05T14:33:25.371909382Z,3.299,13.52,24.29,156
2025-12-05T14:53:25.421361889Z,3.299,13.61,24.19,156
2025-12-05T15:13:25.339396139Z,3.297,13.63,24.17,155
2025-12-05T15:33:25.250568878Z,3.301,13.65,24.11,154
2025-12-05T15:53:24.780963477Z,3.244,13.73,24.06,153
2025-12-05T16:13:25.077042883Z,3.301,13.73,24.06,153
2025-12-05T16:33:24.993929228Z,3.305,13.73,24.05,153
2025-12-05T16:53:24.933538694Z,3.297,13.73,24.05,152
2025-12-05T17:13:24.837199294Z,3.297,13.73,24.05,152
2025-12-05T17:33:24.750745015Z,3.292,13.7,24.05,151
2025-12-05T17:53:24.657878695Z,3.292,13.63,24.06,151
2025-12-05T18:13:24.578604845Z,3.295,13.52,24.06,151
2025-12-05T18:33:24.498702266Z,3.292,13.42,24.06,150
2025-12-05T18:53:24.418344460Z,3.29,13.31,24.05,150
2025-12-05T19:13:24.337220911Z,3.288,13.12,23.99,149
2025-12-05T19:33:24.261692043Z,3.288,13,23.94,148
2025-12-05T19:53:24.177534057Z,3.29,12.87,23.93,147
2025-12-05T20:13:24.105036593Z,3.288,12.7,23.93,146
2025-12-05T20:33:24.021043719Z,3.286,12.6,23.85,146
2025-12-05T20:53:23.954498466Z,3.29,12.49,23.81,145
2025-12-05T21:13:23.851865438Z,3.288,12.39,23.81,145
2025-12-05T21:33:23.774205971Z,3.282,12.39,23.81,145
2025-12-05T21:53:23.692657770Z,3.288,12.35,23.81,145
2025-12-05T22:13:23.613610015Z,3.288,12.29,23.81,145
2025-12-05T22:33:23.551953210Z,3.286,12.26,23.83,144
2025-12-05T22:53:23.459157584Z,3.286,12.15,23.81,144
2025-12-05T23:13:23.387559579Z,3.292,12.07,23.81,143
2025-12-05T23:33:23.293934202Z,3.28,11.98,23.8,143
2025-12-05T23:53:23.227618197Z,3.28,11.88,23.81,143
2025-12-06T00:13:23.155905898Z,3.282,11.78,23.81,143
2025-12-06T00:33:23.084263926Z,3.28,11.72,23.81,143
2025-12-06T00:53:23.004576605Z,3.277,11.65,23.81,142
2025-12-06T01:13:23.069891744Z,3.277,11.56,23.81,142
2025-12-06T01:33:22.886654310Z,3.282,11.46,23.8,141
2025-12-06T01:53:22.785305376Z,3.277,11.36,23.8,142
2025-12-06T02:13:22.698125345Z,3.275,11.26,23.78,142
2025-12-06T02:33:22.642899577Z,3.273,11.25,23.76,141
2025-12-06T02:53:22.566878933Z,3.275,11.15,23.72,141
2025-12-06T03:13:22.500628086Z,3.275,11.15,23.71,141
2025-12-06T03:33:22.410283790Z,3.273,11.05,23.7,141
2025-12-06T03:53:22.352424480Z,3.271,11.02,23.72,140
2025-12-06T04:13:22.267563573Z,3.267,10.95,23.71,140
2025-12-06T04:33:22.194400052Z,3.275,10.84,23.69,140
2025-12-06T04:53:22.128624198Z,3.275,10.75,23.69,140
2025-12-06T05:13:22.051974739Z,3.275,10.63,23.6,139
2025-12-06T05:33:21.986372412Z,3.277,10.53,23.58,139
2025-12-06T05:53:21.905647860Z,3.277,10.43,23.58,138
2025-12-06T06:13:21.836641439Z,3.269,10.33,23.58,137
2025-12-06T06:33:21.756269302Z,3.273,10.32,23.53,137
2025-12-06T06:53:21.696006205Z,3.277,10.32,23.48,137
2025-12-06T07:13:21.600990518Z,3.277,10.24,23.47,137
2025-12-06T07:33:21.546783040Z,3.282,10.22,23.46,137
2025-12-06T07:53:21.474007174Z,3.277,10.22,23.46,136
2025-12-06T08:13:21.384862336Z,3.277,10.23,23.38,136
2025-12-06T08:33:21.307256412Z,3.282,10.41,23.34,136
2025-12-06T08:53:21.217256368Z,3.286,10.55,23.23,137
2025-12-06T09:13:21.144455882Z,3.286,10.88,22.87,137
2025-12-06T09:33:21.058610375Z,3.29,11.77,22.5,139
2025-12-06T09:53:20.975936725Z,3.29,12.49,22.85,137
2025-12-06T10:13:20.904614455Z,3.29,12.5,22.88,135
2025-12-06T10:33:20.822878028Z,3.297,12.52,22.86,135
2025-12-06T10:53:20.732624717Z,3.292,12.64,22.85,135
2025-12-06T11:13:20.651421588Z,3.295,12.8,22.85,134
2025-12-06T11:33:20.567088484Z,3.295,12.96,22.73,134
2025-12-06T11:53:20.487187164Z,3.303,13.13,22.72,134
2025-12-06T12:13:20.393930298Z,3.301,13.42,22.6,134
2025-12-06T12:33:20.308337634Z,3.308,13.63,22.6,133
2025-12-06T12:53:20.235731155Z,3.297,13.72,22.6,133
2025-12-06T13:13:19.998895551Z,3.299,13.83,22.54,132
2025-12-06T13:33:20.047159824Z,3.301,13.94,22.47,132
2025-12-06T13:53:19.582877980Z,3.246,14.04,22.47,132
2025-12-06T14:13:19.885119349Z,3.305,14.14,22.37,131
2025-12-06T14:33:19.790691583Z,3.305,14.24,22.35,130
2025-12-06T14:53:19.699544163Z,3.305,14.35,22.34,130
2025-12-06T15:13:19.615433548Z,3.303,14.45,22.34,129
2025-12-06T15:33:19.536062723Z,3.308,14.54,22.22,129
2025-12-06T15:53:19.443444001Z,3.31,14.65,22.22,129
2025-12-06T16:13:19.363531493Z,3.303,14.66,22.22,128
2025-12-06T16:33:19.275111614Z,3.299,14.66,22.22,127
2025-12-06T16:53:19.193006504Z,3.301,14.65,22.22,127
2025-12-06T17:13:18.942630895Z,3.299,14.63,22.23,127
2025-12-06T17:33:19.035890130Z,3.299,14.55,22.22,127
2025-12-06T17:53:18.930127380Z,3.295,14.45,22.22,126
2025-12-06T18:13:18.855624278Z,3.297,14.34,22.22,125
2025-12-06T18:33:18.794890002Z,3.29,14.24,22.22,125
2025-12-06T18:53:18.698143276Z,3.297,14.14,22.23,124
2025-12-06T19:13:18.622881178Z,3.292,14.02,22.23,125
2025-12-06T19:33:18.526903465Z,3.292,13.9,22.22,124
2025-12-06T19:53:18.439529801Z,3.29,13.74,22.23,124
2025-12-06T20:13:18.371026348Z,3.29,13.63,22.23,124
2025-12-06T20:33:18.291864287Z,3.284,13.52,22.23,124
2025-12-06T20:53:18.199331245Z,3.288,13.42,22.23,123
2025-12-06T21:13:18.127244891Z,3.288,13.3,22.23,123
2025-12-06T21:33:18.054225926Z,3.286,13.12,22.23,123
2025-12-06T21:53:17.971600429Z,3.284,13.01,22.23,122
2025-12-06T22:13:17.891994355Z,3.286,12.92,22.22,122
2025-12-06T22:33:17.833984594Z,3.284,12.87,22.22,122
2025-12-06T22:53:17.751463671Z,3.284,12.71,22.12,122
2025-12-06T23:13:17.669153091Z,3.297,12.64,22.12,121
2025-12-06T23:33:17.592842416Z,3.288,12.53,22.12,121
2025-12-06T23:53:17.507832752Z,3.292,12.48,22.12,121
2025-12-07T00:13:17.427517070Z,3.284,12.32,22.12,120
2025-12-07T00:33:17.356645301Z,3.284,12.22,22.09,120
2025-12-07T00:53:17.281877984Z,3.284,12.13,22.07,119
2025-12-07T01:13:17.216061295Z,3.284,12.07,22.01,119
2025-12-07T01:33:17.135304627Z,3.286,11.98,22.01,119
2025-12-07T01:53:17.057080695Z,3.292,11.98,22.01,119
2025-12-07T02:13:16.968908136Z,3.277,11.91,22,119
2025-12-07T02:33:16.878732002Z,3.288,11.88,21.96,118
2025-12-07T02:53:16.821587991Z,3.282,11.79,21.92,118
2025-12-07T03:13:16.727953510Z,3.284,11.77,21.89,118
2025-12-07T03:33:16.658311932Z,3.282,11.75,21.89,117
2025-12-07T03:53:16.589463154Z,3.286,11.67,21.89,117
2025-12-07T04:13:16.507543366Z,3.282,11.67,21.89,117
2025-12-07T04:33:16.440741447Z,3.28,11.58,21.89,117
2025-12-07T04:53:16.351673155Z,3.282,11.56,21.89,116
2025-12-07T05:13:16.260251644Z,3.282,13.82,46.57,578
2025-12-07T05:33:16.186870792Z,3.282,17.51,46.48,531
2025-12-07T05:53:16.123155255Z,3.282,18.21,46.89,518
2025-12-07T06:13:16.043825555Z,3.284,17.72,37.21,343
2025-12-07T06:33:15.970049051Z,3.282,16.88,33.99,294
2025-12-07T06:53:15.895335206Z,3.282,16.29,32.64,273
2025-12-07T07:13:15.808292025Z,3.28,15.78,31.85,260
2025-12-07T07:33:15.745108047Z,3.282,15.36,31.34,253
2025-12-07T07:53:15.671624442Z,3.282,14.97,30.86,247
2025-12-07T08:13:15.576003365Z,3.288,14.65,30.49,241
2025-12-07T08:33:15.496417240Z,3.284,14.33,30.21,237
2025-12-07T08:53:15.418543089Z,3.295,14.12,29.92,234
2025-12-07T09:13:15.347980112Z,3.288,13.94,29.63,231
2025-12-07T09:33:15.266398672Z,3.29,13.93,28.95,230
2025-12-07T09:53:15.175594188Z,3.292,14.25,28.95,228
2025-12-07T10:13:15.094356898Z,3.299,14.28,28.92,225
2025-12-07T10:33:15.009439022Z,3.297,14.35,28.81,223
2025-12-07T10:53:14.939741192Z,3.292,14.45,28.68,221
2025-12-07T11:13:14.837193150Z,3.295,14.55,28.54,219
2025-12-07T11:33:14.763619862Z,3.301,14.59,28.35,218
2025-12-07T11:53:14.675944246Z,3.308,14.71,28.16,216
2025-12-07T12:13:14.185591307Z,3.26,14.86,28.03,214
2025-12-07T12:33:14.352322003Z,3.308,14.96,27.95,213
2025-12-07T12:53:14.415877026Z,3.308,15.06,27.84,211
2025-12-07T14:33:13.980811939Z,3.305,15.48,27.4,204
2025-12-07T14:53:13.897702526Z,3.299,15.57,27.33,203
2025-12-07T15:13:13.819291706Z,3.303,15.57,27.27,202
2025-12-07T15:33:13.738337249Z,3.305,15.57,27.15,201
2025-12-07T15:53:13.629656742Z,3.303,15.57,27.14,199
2025-12-07T16:13:13.549129111Z,3.301,15.57,27.07,199
2025-12-07T16:33:13.461753156Z,3.303,15.53,27.02,198
2025-12-07T16:53:13.385824048Z,3.301,15.47,27.01,196
2025-12-07T17:13:12.908420566Z,3.237,15.38,27.01,195
2025-12-07T17:33:13.225853241Z,3.297,15.27,27.01,194
2025-12-07T17:53:13.141810122Z,3.292,15.06,26.99,193
2025-12-07T18:13:13.048542046Z,3.292,14.86,26.93,192
2025-12-07T18:33:12.968415304Z,3.295,14.71,26.87,191
2025-12-07T18:53:12.881781485Z,3.292,14.56,26.86,191
2025-12-07T19:13:12.798823731Z,3.284,14.45,26.85,190
2025-12-07T19:33:12.723051398Z,3.297,14.3,26.8,189
2025-12-07T19:53:12.641165743Z,3.288,14.14,26.75,188
2025-12-07T20:13:12.565116459Z,3.29,14.04,26.72,188
2025-12-07T20:33:12.485534478Z,3.288,13.92,26.72,187
2025-12-07T20:53:12.405452861Z,3.288,13.81,26.71,186
2025-12-07T21:13:12.325456749Z,3.297,13.69,26.66,186
2025-12-07T21:33:12.251299764Z,3.286,13.52,26.59,185
2025-12-07T21:53:12.168803659Z,3.295,13.42,26.58,184
2025-12-07T22:13:12.106147945Z,3.286,13.32,26.56,184
2025-12-07T22:33:12.025568463Z,3.288,13.21,26.47,183
2025-12-07T22:53:11.927791818Z,3.284,13.01,26.45,182
2025-12-07T23:13:11.857634667Z,3.288,12.85,26.42,181
2025-12-07T23:33:11.778632238Z,3.288,12.7,26.32,180
2025-12-07T23:53:11.704999839Z,3.288,12.6,26.32,179
2025-12-08T00:13:11.636664702Z,3.292,12.5,26.31,179
2025-12-08T00:33:11.546502026Z,3.284,12.44,26.25,178
2025-12-08T00:53:11.477712665Z,3.286,12.35,26.2,178
2025-12-08T01:13:11.386237933Z,3.286,12.26,26.19,177
2025-12-08T01:33:11.311561480Z,3.282,12.19,26.14,176
2025-12-08T01:53:11.244864737Z,3.284,12.08,26.09,176
2025-12-08T02:13:11.164476470Z,3.284,12.06,26.07,175
2025-12-08T02:33:11.088064060Z,3.286,11.97,26.07,174
2025-12-08T02:53:11.007761298Z,3.286,11.87,26.03,174
2025-12-08T03:13:10.941261778Z,3.284,11.77,25.96,173
2025-12-08T03:33:10.863559802Z,3.282,11.67,25.95,173
2025-12-08T03:53:10.777388960Z,3.282,11.69,25.95,173
2025-12-08T04:13:10.698089213Z,3.284,11.64,25.94,172
2025-12-08T04:33:10.617132019Z,3.284,11.58,25.94,172
2025-12-08T04:53:10.546341135Z,3.282,11.57,25.94,172
2025-12-08T05:13:10.476246221Z,3.288,11.51,25.9,171
2025-12-08T05:33:10.418696499Z,3.282,11.46,25.9,171
2025-12-08T05:53:10.325951461Z,3.275,11.42,25.85,171
2025-12-08T06:13:10.255672897Z,3.282,11.36,25.82,171
2025-12-08T06:33:10.170384950Z,3.273,11.28,25.82,170
2025-12-08T06:53:10.100382526Z,3.28,11.17,25.81,169
2025-12-08T07:13:10.039658913Z,3.275,11.05,25.77,169
2025-12-08T07:33:09.962054780Z,3.28,10.95,25.69,168
2025-12-08T07:53:09.875816844Z,3.282,10.84,25.69,168
2025-12-08T08:13:09.797977788Z,3.28,10.84,25.57,167
2025-12-08T08:33:09.733893931Z,3.292,10.94,25.47,167
2025-12-08T08:53:09.664137597Z,3.29,11.12,25.4,167
2025-12-08T10:33:09.226222548Z,3.292,12.63,24.98,165
2025-12-08T10:53:08.981785697Z,3.297,12.74,24.88,165
2025-12-08T11:13:09.060649496Z,3.303,12.86,24.84,164
2025-12-08T11:33:08.587773568Z,3.239,12.92,24.76,162
2025-12-08T11:53:08.901755830Z,3.31,13.06,24.64,162
2025-12-08T12:13:08.820163879Z,3.312,13.32,24.54,161
2025-12-08T12:33:08.711000054Z,3.308,13.44,24.52,160
2025-12-08T12:53:08.638181868Z,3.31,13.52,24.41,159
2025-12-08T13:13:08.553384138Z,3.308,13.66,24.39,158
2025-12-08T13:33:08.470702425Z,3.303,13.84,24.29,158
2025-12-08T13:53:08.243323266Z,3.31,14.01,24.29,157
2025-12-08T14:13:08.293659434Z,3.31,14.14,24.17,156
2025-12-08T14:33:08.198012129Z,3.305,14.17,24.17,155
2025-12-08T14:53:07.720252480Z,3.25,14.24,24.05,154
2025-12-08T15:13:08.018784005Z,3.303,14.32,24.05,153
2025-12-08T15:33:07.948819553Z,3.308,14.38,23.98,152
2025-12-08T15:53:07.851417285Z,3.308,14.47,23.96,152
2025-12-08T16:13:07.759710031Z,3.305,14.55,23.93,151
2025-12-08T16:33:07.691705659Z,3.31,14.55,23.93,151
2025-12-08T16:53:07.608813848Z,3.305,14.55,23.93,150
2025-12-08T17:13:07.512319650Z,3.305,14.55,23.93,150
2025-12-08T17:33:07.446709275Z,3.303,14.54,23.93,149
2025-12-08T17:53:07.362982288Z,3.301,14.45,23.93,149
2025-12-08T18:13:07.264880377Z,3.301,14.31,23.94,148
2025-12-08T18:33:07.179169733Z,3.297,14.14,23.93,148
2025-12-08T18:53:07.087280001Z,3.29,14.04,23.93,147
2025-12-08T19:13:07.023755992Z,3.301,13.84,23.93,147
2025-12-08T19:33:06.949242810Z,3.292,13.74,23.93,147
2025-12-08T19:53:06.857013645Z,3.292,13.63,23.93,146
2025-12-08T20:13:06.786339062Z,3.292,13.53,23.93,146
2025-12-08T20:33:06.695406913Z,3.29,13.42,23.93,146
2025-12-08T20:53:06.609174989Z,3.292,13.33,23.93,145
2025-12-08T21:13:06.537131282Z,3.295,13.22,23.81,144
2025-12-08T21:33:06.449941851Z,3.292,13.11,23.81,145
2025-12-08T21:53:06.370135589Z,3.295,13.11,23.81,144
2025-12-08T22:13:06.290175955Z,3.299,13.01,23.81,144
2025-12-08T22:33:06.215491871Z,3.295,12.91,23.81,143
2025-12-08T22:53:06.137510667Z,3.29,12.8,23.79,143
2025-12-08T23:13:06.048641659Z,3.292,12.66,23.69,142
2025-12-08T23:33:05.968253435Z,3.29,12.56,23.69,142
2025-12-08T23:53:05.904133215Z,3.29,12.5,23.69,142
2025-12-09T00:13:05.797052065Z,3.29,12.39,23.69,141
2025-12-09T00:33:05.735095725Z,3.288,12.29,23.67,140
2025-12-09T00:53:05.654952606Z,3.29,12.19,23.64,140
2025-12-09T01:13:05.585711737Z,3.282,12.08,23.59,139
2025-12-09T01:33:05.505448122Z,3.286,11.98,23.57,139
2025-12-09T01:53:05.417496290Z,3.282,11.88,23.57,139
2025-12-09T02:13:05.346605562Z,3.284,11.77,23.57,138
2025-12-09T02:33:05.280017979Z,3.29,11.65,23.57,137
2025-12-09T02:53:05.195805060Z,3.29,11.57,23.51,137
2025-12-09T03:13:05.134994481Z,3.286,11.46,23.46,136
2025-12-09T03:33:05.051910442Z,3.284,11.42,23.45,136
2025-12-09T03:53:04.957654486Z,3.286,11.36,23.45,135
2025-12-09T04:13:04.892143074Z,3.292,11.3,23.45,135
2025-12-09T04:33:04.826199310Z,3.282,11.26,23.35,135
2025-12-09T04:53:04.739824582Z,3.286,11.26,23.35,134
2025-12-09T05:13:04.661137396Z,3.28,11.16,23.34,135
2025-12-09T05:33:04.587837466Z,3.28,11.16,23.34,135
2025-12-09T05:53:04.509783815Z,3.282,11.15,23.34,134
2025-12-09T06:13:04.434686471Z,3.284,11.05,23.34,134
2025-12-09T06:33:04.367888385Z,3.284,11.04,23.32,133
2025-12-09T06:53:04.285886954Z,3.277,11.05,23.33,133
2025-12-09T07:13:04.204014696Z,3.282,11.06,23.31,133
2025-12-09T07:33:04.128325785Z,3.282,11.07,23.24,133
2025-12-09T07:53:04.049204714Z,3.284,11.14,23.22,133
2025-12-09T08:13:03.978131686Z,3.286,11.15,23.19,133
2025-12-09T08:33:03.896837594Z,3.288,11.18,23.1,132
2025-12-09T08:53:03.811918627Z,3.301,11.34,23,132
2025-12-09T09:13:03.733545665Z,3.295,11.57,22.75,133
2025-12-09T09:33:03.653758832Z,3.303,12.29,22.37,133
2025-12-09T09:53:03.566833571Z,3.295,13.01,22.61,132
2025-12-09T10:13:03.490045107Z,3.295,12.98,22.73,131
2025-12-09T10:33:03.432586453Z,3.297,12.92,22.66,131
2025-12-09T10:53:03.318039366Z,3.301,13.01,22.61,130
2025-12-09T11:13:02.854996712Z,3.241,13.08,22.6,130
2025-12-09T11:33:03.139935749Z,3.301,13.22,22.5,130
2025-12-09T11:53:02.900785088Z,3.312,13.42,22.48,130
2025-12-09T12:13:02.963484855Z,3.31,13.75,22.36,130
2025-12-09T12:33:02.744818543Z,3.305,14.04,22.35,129
2025-12-09T12:53:02.813442504Z,3.31,14.14,22.35,129
2025-12-09T13:13:02.567825699Z,3.308,14.24,22.33,129
2025-12-09T13:33:02.239735274Z,3.252,14.36,22.23,128
2025-12-09T13:53:02.149211132Z,3.256,14.48,22.22,128
2025-12-09T14:13:02.448203724Z,3.308,14.55,19.07,71
2025-12-09T14:33:02.372377523Z,3.305,14.65,19.05,71
2025-12-09T14:53:02.278165704Z,3.308,14.7,18.95,70
2025-12-09T15:13:01.808452049Z,3.252,14.76,18.92,70
2025-12-09T15:33:02.097216753Z,3.305,14.81,18.92,70
2025-12-09T15:53:02.018664355Z,3.31,14.86,18.91,70
2025-12-09T16:13:01.926653320Z,3.31,14.86,18.91,70
2025-12-09T16:33:01.849676374Z,3.305,14.86,18.91,69
2025-12-09T16:53:01.769828712Z,3.303,14.76,18.92,69
2025-12-09T17:13:01.286649439Z,3.248,14.73,18.92,69
2025-12-09T17:33:01.614514581Z,3.303,14.65,18.92,69
2025-12-09T17:53:01.498813606Z,3.305,14.55,18.93,69
2025-12-09T18:13:01.416256631Z,3.301,14.45,18.98,69
2025-12-09T18:33:01.339142019Z,3.299,14.28,19.04,69
2025-12-09T18:53:01.259686232Z,3.297,14.14,19.07,69
2025-12-09T19:13:01.166053082Z,3.299,14.02,19.08,68
2025-12-09T19:33:01.102447027Z,3.299,13.86,19.08,68
2025-12-09T19:53:01.005888714Z,3.288,13.74,19.07,68
2025-12-09T20:13:00.937383813Z,3.292,13.63,19.06,68
2025-12-09T20:33:00.846235812Z,3.295,13.53,19.08,68
2025-12-09T20:53:00.765501556Z,3.292,13.42,19.08,68
2025-12-09T21:13:00.688741037Z,3.297,13.32,19.08,67
2025-12-09T21:33:00.619820094Z,3.292,13.22,19.08,67
2025-12-09T21:53:00.538240610Z,3.29,13.13,19.08,67
2025-12-09T22:13:00.444389937Z,3.29,13.09,19.07,67
2025-12-09T22:33:00.376608798Z,3.292,13.01,19.01,67
2025-12-09T22:53:00.294016267Z,3.29,12.96,19,67
2025-12-09T23:13:00.214756968Z,3.284,12.91,19,67
2025-12-09T23:33:00.148759040Z,3.288,12.81,19,66
2025-12-09T23:53:00.059420063Z,3.288,12.8,18.99,66
2025-12-10T00:12:59.984675906Z,3.29,12.79,18.99,66
2025-12-10T00:32:59.914579505Z,3.29,12.8,18.99,66
2025-12-10T00:52:59.842777541Z,3.29,12.81,18.98,66
2025-12-10T01:12:59.745010616Z,3.288,12.86,18.96,66
2025-12-10T01:32:59.665803846Z,3.29,12.85,18.91,66
2025-12-10T01:52:59.604139075Z,3.292,12.8,18.85,66
2025-12-10T02:12:59.520364359Z,3.295,12.71,18.86,65
2025-12-10T02:32:59.428828822Z,3.29,12.7,18.84,65
2025-12-10T02:52:59.364045682Z,3.292,12.73,18.74,65
2025-12-10T03:12:59.274620808Z,3.292,12.8,18.71,65
2025-12-10T03:32:59.197633780Z,3.299,12.83,18.71,65
2025-12-10T03:52:59.124196357Z,3.292,12.91,18.71,65
2025-12-10T04:12:59.027104664Z,3.288,12.88,18.71,65
2025-12-10T04:32:58.945588544Z,3.292,12.89,18.71,65
2025-12-10T04:52:58.864969624Z,3.29,12.91,18.71,65
2025-12-10T05:12:58.789207979Z,3.292,12.91,18.71,65
2025-12-10T05:32:58.699084164Z,3.29,12.92,18.71,65
2025-12-10T05:52:58.625193492Z,3.29,12.95,18.71,65
2025-12-10T06:12:58.552802481Z,3.29,12.97,18.71,65
2025-12-10T06:32:58.465133778Z,3.292,12.99,18.7,65
2025-12-10T06:52:58.385243056Z,3.288,13.01,18.7,65
2025-12-10T07:12:58.319957654Z,3.29,13.01,18.7,64
2025-12-10T07:32:58.225477961Z,3.29,13.01,18.7,64
2025-12-10T07:52:58.172679619Z,3.288,12.98,18.84,64
2025-12-10T08:12:58.077403375Z,3.286,12.91,18.85,64
2025-12-10T08:32:57.995737280Z,3.29,12.91,18.82,64
2025-12-10T08:52:57.904704778Z,3.288,12.98,18.71,64
2025-12-10T09:12:57.841088499Z,3.288,13.01,18.7,64
2025-12-10T09:32:57.749424825Z,3.29,13.04,18.7,64
2025-12-10T09:52:57.692723049Z,3.288,13.11,18.7,64
2025-12-10T10:12:57.601758979Z,3.288,13.2,18.69,64
2025-12-10T10:32:57.517021196Z,3.29,13.22,18.69,64
2025-12-10T10:52:57.436595019Z,3.292,13.22,18.7,64
2025-12-10T11:12:57.356737559Z,3.295,13.22,18.7,64
2025-12-10T11:32:57.276482147Z,3.29,13.16,18.7,64
2025-12-10T11:52:57.207741545Z,3.288,13.11,18.8,64
2025-12-10T12:12:57.133177325Z,3.286,13.01,18.74,64
2025-12-10T12:32:57.043833246Z,3.29,12.91,18.71,64
2025-12-10T12:52:56.963207923Z,3.292,12.91,18.71,63
2025-12-10T13:12:56.892302968Z,3.29,13.01,18.59,63
2025-12-10T13:32:56.810950252Z,3.292,13.11,18.56,63
2025-12-10T13:52:56.725907314Z,3.292,13.22,18.55,63
2025-12-10T14:32:56.549017664Z,3.297,13.52,18.4,63
2025-12-10T14:52:56.477156230Z,3.295,13.63,18.4,63
2025-12-10T15:12:56.406188751Z,3.295,13.73,18.4,63
2025-12-10T15:32:56.310157598Z,3.297,13.73,18.44,63
2025-12-10T15:52:56.252285952Z,3.288,13.72,18.53,63
2025-12-10T16:12:56.159890920Z,3.29,13.59,19.38,70
2025-12-10T16:32:56.059318141Z,3.286,13.42,20.98,92
2025-12-10T16:52:55.993178667Z,3.29,13.31,21.99,106
2025-12-10T17:12:55.920960547Z,3.295,13.19,23.21,128
2025-12-10T17:32:55.845089800Z,3.282,13.11,23.36,130
2025-12-10T17:52:55.763953486Z,3.282,13.11,23.39,130
2025-12-10T18:12:55.682829447Z,3.286,13.01,23.41,130
2025-12-10T18:32:55.632505790Z,3.288,13,23.44,129
2025-12-10T18:52:55.534130217Z,3.277,12.91,25.36,161
2025-12-10T19:12:55.455356989Z,3.286,12.88,25.88,170
2025-12-10T19:32:55.378610184Z,3.284,12.84,25.81,167
2025-12-10T19:52:55.301684361Z,3.282,12.82,25.59,163
2025-12-10T20:12:55.230974317Z,3.284,12.8,25.37,160
2025-12-10T20:32:55.161111088Z,3.282,12.79,25.24,157
2025-12-10T20:52:55.104028223Z,3.282,12.7,25.12,155
2025-12-10T21:12:55.008166249Z,3.282,12.63,25,153
2025-12-10T21:32:54.929736833Z,3.284,12.6,24.88,151
2025-12-10T21:52:54.857013302Z,3.282,12.57,24.76,149
2025-12-10T22:12:54.780990920Z,3.282,12.52,24.64,148
2025-12-10T22:32:54.698375376Z,3.282,12.5,24.6,147
2025-12-10T22:52:54.632255652Z,3.28,12.46,24.52,146
2025-12-10T23:12:54.602757169Z,3.286,12.39,24.41,145
2025-12-10T23:32:54.477404068Z,3.288,12.38,24.44,144
2025-12-10T23:52:54.413181263Z,3.277,12.3,25.21,154
2025-12-11T00:12:54.334666654Z,3.271,12.29,25.25,154
2025-12-11T00:32:54.270018906Z,3.271,12.19,25.11,152
2025-12-11T00:52:54.187485023Z,3.277,12.12,25.01,151
2025-12-11T01:12:54.115126315Z,3.273,12.08,24.96,149
2025-12-11T01:32:54.050760365Z,3.271,11.98,24.87,147
2025-12-11T01:52:53.980752554Z,3.273,11.97,24.76,146
2025-12-11T02:12:53.902726706Z,3.267,11.88,24.73,145
2025-12-11T02:32:53.839897093Z,3.28,11.78,24.64,144
2025-12-11T02:52:53.763956851Z,3.271,11.71,24.62,143
2025-12-11T03:12:53.721802929Z,3.265,11.64,24.52,142
2025-12-11T03:32:53.616121034Z,3.262,11.57,24.51,141
2025-12-11T03:52:53.555006821Z,3.275,11.46,24.4,140
2025-12-11T04:12:53.486628129Z,3.262,11.43,24.4,139
2025-12-11T04:32:53.405371380Z,3.265,11.36,24.32,138
2025-12-11T04:52:53.337040056Z,3.267,11.27,24.28,138
2025-12-11T05:12:53.270271811Z,3.267,10.84,49.36,519
2025-12-11T05:32:53.203521832Z,3.262,10.84,35.02,294
2025-12-11T05:52:53.144526681Z,3.265,10.83,32.55,260
2025-12-11T06:12:53.076531896Z,3.265,10.74,31.37,242
2025-12-11T06:32:52.991280520Z,3.262,10.74,30.59,231
2025-12-11T06:52:52.915905208Z,3.265,10.64,30.04,223
2025-12-11T07:12:52.862190548Z,3.265,10.63,29.56,217
2025-12-11T07:32:52.786431398Z,3.265,10.6,29.2,212
2025-12-11T07:52:52.719693863Z,3.267,10.58,28.93,208
2025-12-11T08:12:52.646576814Z,3.267,10.63,28.67,205
2025-12-11T08:32:52.576459686Z,3.262,10.68,28.41,202
2025-12-11T08:52:52.509251494Z,3.273,10.76,28.16,200
2025-12-11T09:12:52.426075075Z,3.275,10.94,27.8,198
2025-12-11T09:32:52.335214517Z,3.273,11.57,27.19,200
2025-12-11T09:52:52.268480753Z,3.277,12.38,27.43,196
2025-12-11T10:12:52.190475209Z,3.277,12.39,27.43,193
2025-12-11T10:32:52.122444672Z,3.277,12.29,27.3,191
2025-12-11T10:52:52.043179402Z,3.282,12.3,27.18,189
2025-12-11T11:12:51.977537911Z,3.28,12.32,27.05,187
2025-12-11T11:32:51.892027184Z,3.275,12.37,26.93,186
2025-12-11T11:52:51.801229710Z,3.288,12.42,26.81,184
2025-12-11T12:12:51.722788393Z,3.29,12.63,26.63,184
2025-12-11T12:32:51.641640019Z,3.288,12.83,26.57,182
2025-12-11T12:52:51.545155042Z,3.286,12.91,26.45,181
2025-12-11T13:12:51.478476973Z,3.288,13.07,26.33,180
2025-12-11T13:32:51.400324866Z,3.286,13.19,26.29,179
2025-12-11T13:52:51.317012793Z,3.286,13.32,26.21,178
2025-12-11T14:12:51.240552007Z,3.288,13.44,26.09,177
2025-12-11T14:32:51.149791440Z,3.284,13.58,26.03,176
2025-12-11T14:52:51.081268036Z,3.284,13.63,25.98,174
2025-12-11T15:12:50.994615254Z,3.286,13.63,25.92,173
2025-12-12T10:32:46.631098078Z,3.262,11.88,24.4,148
2025-12-12T13:12:46.029382025Z,3.269,13.01,24.11,146
2025-12-12T13:32:45.947221917Z,3.269,13.05,24.06,146
2025-12-12T13:52:45.876725637Z,3.28,13.11,24.05,146
2025-12-12T14:12:45.776476577Z,3.267,13.32,23.93,145
2025-12-12T14:32:45.692510375Z,3.273,13.42,23.93,145
2025-12-12T14:52:45.608917330Z,3.269,13.52,23.93,145
2025-12-12T15:12:45.554273771Z,3.265,13.52,23.93,144
2025-12-12T15:32:45.465165922Z,3.265,13.52,23.93,144
2025-12-12T15:52:45.397479801Z,3.267,13.52,23.93,143
2025-12-12T16:12:45.306365880Z,3.265,13.48,23.93,143
2025-12-12T16:32:45.237252144Z,3.262,13.43,23.93,142
2025-12-12T16:52:45.163543512Z,3.265,13.42,23.93,142
2025-12-12T17:12:45.067441300Z,3.267,13.32,23.93,142
2025-12-12T17:32:44.988854338Z,3.265,13.31,23.92,141
2025-12-12T17:52:44.910337385Z,3.265,13.22,23.92,142
2025-12-12T18:12:44.848388167Z,3.262,13.2,23.9,141
2025-12-12T18:32:44.771871708Z,3.256,13.12,23.86,141
2025-12-12T18:52:44.690295929Z,3.26,13.11,23.86,141
2025-12-12T19:12:44.609384369Z,3.258,13.07,23.86,140
2025-12-12T19:32:44.536387237Z,3.265,13.01,23.84,140
2025-12-12T19:52:44.466746498Z,3.258,13,23.82,140
2025-12-12T20:12:44.376051572Z,3.26,12.93,23.81,140
2025-12-12T20:32:44.307881521Z,3.269,12.91,23.81,140
2025-12-12T20:52:44.237495905Z,3.26,12.91,23.81,139
2025-12-12T21:12:44.161978053Z,3.26,12.87,23.81,139
2025-12-12T21:32:44.077455151Z,3.258,12.81,23.81,139
2025-12-12T21:52:44.013329435Z,3.269,12.8,24.01,142
2025-12-12T22:12:43.938673099Z,3.258,12.71,24.05,143
2025-12-12T22:32:43.864896049Z,3.256,12.7,24.14,143
2025-12-12T22:52:43.785032259Z,3.262,12.6,24.15,143
2025-12-12T23:12:43.714711879Z,3.254,12.59,24.17,144
2025-12-12T23:32:43.645894325Z,3.256,12.5,24.4,147
2025-12-12T23:52:43.565428802Z,3.256,12.49,24.41,147
2025-12-13T00:12:43.493597933Z,3.26,12.42,24.42,147
2025-12-13T00:32:43.406129874Z,3.256,12.39,24.4,147
2025-12-13T00:52:43.345989244Z,3.256,12.32,24.4,146
2025-12-13T01:12:43.268485193Z,3.252,12.29,24.4,146
2025-12-13T01:32:43.194485588Z,3.252,12.19,24.4,145
2025-12-13T01:52:43.153030192Z,3.252,12.15,24.36,145
2025-12-13T02:12:43.053253847Z,3.254,12.08,24.33,144
2025-12-13T02:32:42.990574326Z,3.254,11.98,24.29,144
2025-12-13T02:52:42.907373072Z,3.25,11.9,24.28,144
2025-12-13T03:12:42.832800014Z,3.252,11.85,24.28,143
2025-12-13T03:32:42.764181017Z,3.25,11.77,24.27,142
2025-12-13T03:52:42.687863888Z,3.256,11.67,24.23,142
2025-12-13T04:12:42.617164970Z,3.25,11.57,24.17,142
2025-12-13T04:32:42.549942610Z,3.25,11.49,24.16,141
2025-12-13T04:52:42.477339979Z,3.25,11.46,24.16,140
2025-12-13T05:12:42.394254103Z,3.246,11.36,24.16,140
2025-12-13T05:32:42.331642851Z,3.244,11.28,24.16,140
2025-12-13T05:52:42.245004291Z,3.248,11.25,24.13,139
2025-12-13T06:12:42.190823231Z,3.246,11.15,24.08,139
2025-12-13T06:32:42.131654927Z,3.241,11.07,24.05,139
2025-12-13T06:52:42.048028544Z,3.25,11.05,24.04,139
2025-12-13T07:12:41.967126586Z,3.248,11.04,24.04,139
2025-12-13T07:32:41.886918999Z,3.248,11.05,24.04,139
2025-12-13T07:52:41.823404520Z,3.248,11.06,23.98,139
2025-12-13T08:12:41.746661944Z,3.248,11.15,23.93,138
2025-12-13T08:32:41.692268654Z,3.248,11.23,23.93,138
2025-12-13T08:52:41.603287617Z,3.254,11.36,23.82,139
2025-12-13T09:12:41.530599908Z,3.254,11.57,23.8,138
2025-12-13T09:32:41.457414489Z,3.256,12.18,23.21,141
2025-12-13T09:52:41.385778246Z,3.26,12.91,23.45,140
2025-12-13T10:12:41.343733539Z,3.258,12.91,23.62,139
2025-12-13T10:32:41.221937681Z,3.258,12.83,23.61,139
2025-12-13T10:52:41.153170592Z,3.26,12.82,23.57,138
2025-12-13T11:12:41.056205804Z,3.269,12.83,23.57,138
2025-12-13T11:32:40.974070498Z,3.265,12.88,23.51,138
2025-12-13T11:52:40.901116274Z,3.265,12.93,23.45,137
2025-12-13T12:12:40.675932014Z,3.275,13.09,23.41,137
2025-12-13T12:32:40.742131095Z,3.265,13.32,23.35,136
2025-12-13T12:52:40.665804271Z,3.269,13.42,23.33,136
2025-12-13T13:12:40.575902072Z,3.262,13.52,23.33,136
2025-12-13T13:32:40.504769356Z,3.265,13.63,23.32,135
2025-12-13T13:52:40.419677010Z,3.265,13.69,23.26,135
2025-12-13T14:12:40.336154805Z,3.26,13.72,23.23,134
2025-12-13T14:32:40.254804287Z,3.265,13.65,23.21,134
2025-12-13T14:52:40.175871396Z,3.265,13.63,23.21,133
2025-12-13T15:12:40.096552799Z,3.265,13.63,23.19,133
2025-12-13T15:32:40.013901409Z,3.267,13.71,23.11,132
2025-12-13T15:52:39.941702109Z,3.265,13.73,23.09,132
2025-12-13T16:12:39.874145138Z,3.262,13.73,23.09,131
2025-12-13T16:32:39.886558465Z,3.262,13.66,23.09,131
2025-12-13T16:52:39.706144250Z,3.265,13.63,23.09,131
2025-12-13T17:12:39.622955532Z,3.262,13.52,23.09,131
2025-12-13T17:32:39.569455982Z,3.258,13.44,23.09,130
2025-12-13T17:52:39.480802009Z,3.26,13.4,23.09,130
2025-12-13T18:32:39.313796055Z,3.26,13.22,23.09,129
2025-12-13T18:52:39.245041545Z,3.256,13.11,23.09,129
2025-12-13T19:12:39.173158187Z,3.256,13.04,23.09,129
2025-12-13T19:32:39.093464255Z,3.265,12.96,23.09,129
2025-12-13T19:52:39.015927301Z,3.258,12.89,23.09,128
2025-12-13T20:12:38.950448053Z,3.256,12.8,23.09,128
2025-12-13T20:32:38.876763114Z,3.26,12.73,23.09,128
2025-12-13T20:52:38.788307750Z,3.256,12.7,23.09,128
2025-12-13T21:12:38.714734687Z,3.256,12.6,23.09,128
2025-12-13T21:32:38.644355326Z,3.26,12.55,23.09,127
2025-12-13T21:52:38.565225275Z,3.258,12.49,23.09,127
2025-12-13T22:12:38.515255532Z,3.256,12.39,23.09,127
2025-12-13T22:32:38.447840384Z,3.256,12.29,23.08,127
2025-12-13T22:52:38.367429663Z,3.256,12.26,23.07,126
2025-12-13T23:12:38.276859072Z,3.254,12.19,23.05,127
2025-12-13T23:32:38.207699510Z,3.252,12.13,23.01,126
2025-12-13T23:52:38.138165784Z,3.254,12.08,23,126
2025-12-14T00:12:38.072489551Z,3.252,12.05,22.99,126
2025-12-14T00:32:37.990185801Z,3.258,11.98,22.99,126
2025-12-14T00:52:37.922245971Z,3.252,11.98,22.98,126
2025-12-14T01:12:37.846959361Z,3.25,11.96,22.98,126
2025-12-14T01:32:37.771484344Z,3.26,11.94,22.98,126
2025-12-14T01:52:37.696037323Z,3.254,11.91,22.98,126
2025-12-14T02:12:37.628605744Z,3.254,11.88,22.98,126
2025-12-14T02:32:37.561410378Z,3.254,11.88,22.98,126
2025-12-14T02:52:37.473857943Z,3.252,11.88,22.98,125
2025-12-14T03:12:37.422046142Z,3.25,11.88,22.98,125
2025-12-14T03:32:37.329182438Z,3.252,11.86,22.97,125
2025-12-14T03:52:37.255512963Z,3.25,11.83,22.97,125
2025-12-14T04:12:37.184785013Z,3.252,11.78,22.96,125
2025-12-14T04:32:37.117100146Z,3.25,11.77,22.97,125
2025-12-14T04:52:37.056034620Z,3.25,11.67,22.97,125
2025-12-14T05:12:36.966244548Z,3.252,11.67,22.94,124
2025-12-14T05:32:36.899901466Z,3.25,11.61,22.91,124
2025-12-14T05:52:36.833205865Z,3.248,11.59,22.89,124
2025-12-14T06:12:36.763079848Z,3.252,11.57,22.89,124
2025-12-14T06:32:36.675124135Z,3.252,11.56,22.88,124
2025-12-14T06:52:36.612537797Z,3.246,11.51,22.86,124
2025-12-14T07:12:36.550184415Z,3.25,11.47,22.86,124
2025-12-14T07:32:36.456760635Z,3.254,11.46,22.86,124
2025-12-14T07:52:36.390069344Z,3.252,11.47,22.84,123
2025-12-14T08:12:36.316891458Z,3.252,11.55,22.76,123
2025-12-14T08:32:36.243467013Z,3.254,11.61,22.74,123
2025-12-14T08:52:36.163665443Z,3.256,11.73,22.71,123
2025-12-14T09:12:36.093456850Z,3.256,11.88,22.62,123
2025-12-14T09:32:36.007969159Z,3.254,12.29,22.37,124
2025-12-14T09:52:35.933792961Z,3.254,12.61,22.49,124
2025-12-14T10:12:35.864190285Z,3.267,12.7,22.5,123
2025-12-14T10:32:35.786286939Z,3.256,12.8,22.49,123
2025-12-14T10:52:35.696859194Z,3.258,12.97,22.48,123
2025-12-14T11:12:35.649285329Z,3.265,13.11,22.48,123
2025-12-14T11:32:35.541135230Z,3.262,13.22,22.47,123
2025-12-14T11:52:35.465127051Z,3.269,13.32,22.36,123
2025-12-14T12:12:35.373918354Z,3.262,13.44,22.36,123
2025-12-14T12:32:35.288287051Z,3.265,13.53,22.36,122
2025-12-14T12:52:35.214414851Z,3.267,13.59,22.34,121
2025-12-14T13:12:35.135123911Z,3.275,16.91,22.32,98
2025-12-14T13:32:35.045089552Z,3.28,14.13,22.3,228
2025-12-14T13:52:34.963728486Z,3.288,14.14,22.28,357
2025-12-14T14:12:34.211490586Z,3.223,14.45,22.2,323
2025-12-14T14:32:34.799166006Z,3.282,13.73,22,160
2025-12-14T14:52:34.716570223Z,3.28,14.35,21.96,151
2025-12-14T15:12:34.631019154Z,3.277,16.9,19.96,114
2025-12-14T16:32:34.308448272Z,3.269,13.73,19.37,112
2025-12-14T16:52:34.267610010Z,3.267,13.69,19.51,115
2025-12-14T17:12:34.152232148Z,3.271,16.8,41.62,917
2025-12-14T17:32:34.076068540Z,3.28,18.02,40.06,573
2025-12-14T17:52:34.014891463Z,3.271,17.31,31.77,408
2025-12-14T18:12:33.921546925Z,3.262,16.8,30.04,368
2025-12-14T18:32:33.835099028Z,3.269,16.39,29.45,357
2025-12-14T18:52:33.758762498Z,3.269,16.02,29.14,348
2025-12-14T19:12:33.685487343Z,3.269,15.78,28.79,339
2025-12-14T19:32:33.608375125Z,3.262,15.53,28.57,334
2025-12-14T19:52:33.540465119Z,3.269,15.36,28.43,329
2025-12-14T20:12:33.458240009Z,3.267,15.16,28.27,325
2025-12-14T20:32:33.413094868Z,3.269,14.97,28.14,321
2025-12-14T20:52:33.311817520Z,3.26,14.85,28.01,318
2025-12-14T21:12:33.271120616Z,3.267,14.7,27.87,315
2025-12-14T21:32:33.167072630Z,3.265,14.55,27.82,313
2025-12-14T21:52:33.100349500Z,3.262,14.45,27.74,310
2025-12-14T22:12:32.996165771Z,3.265,14.34,27.61,307
2025-12-14T22:32:32.939982529Z,3.269,14.24,27.6,305
2025-12-14T22:52:32.845758092Z,3.258,14.14,27.47,303
2025-12-14T23:12:32.784695114Z,3.265,14.04,27.47,302
2025-12-14T23:32:32.706154320Z,3.262,13.94,27.44,300
2025-12-14T23:52:32.623463208Z,3.26,13.83,27.33,298
2025-12-15T00:12:32.571759221Z,3.273,13.73,27.32,297
2025-12-15T00:32:32.483865554Z,3.254,13.64,27.21,295
2025-12-15T00:52:32.398928491Z,3.256,13.59,27.2,293
2025-12-15T01:12:32.335357036Z,3.262,13.53,27.08,293
2025-12-15T01:32:32.277392940Z,3.269,13.52,27.08,291
2025-12-15T01:52:32.178157820Z,3.262,13.51,27.05,290
2025-12-15T02:12:32.112707553Z,3.265,13.42,26.95,290
2025-12-15T02:32:32.027546584Z,3.258,13.42,26.95,288
2025-12-15T02:52:31.946636626Z,3.26,13.42,26.91,287
2025-12-15T03:12:31.882112624Z,3.258,13.42,26.82,286
2025-12-15T03:32:31.799553279Z,3.262,13.4,26.82,285
2025-12-15T03:52:31.733354339Z,3.256,13.37,26.78,285
2025-12-15T04:12:31.662323350Z,3.262,13.35,26.7,284
2025-12-15T04:32:31.581511323Z,3.256,13.32,26.7,283
2025-12-15T04:52:31.507838563Z,3.273,13.32,26.65,283
2025-12-15T05:12:31.424430661Z,3.258,13.32,26.58,281
2025-12-15T05:32:31.353221517Z,3.262,13.26,26.57,281
2025-12-15T05:52:31.285821097Z,3.265,13.22,26.55,280
2025-12-15T06:12:31.194539123Z,3.26,13.22,26.46,279
2025-12-15T06:32:31.125756064Z,3.258,13.19,26.45,278
2025-12-15T06:52:31.064889900Z,3.26,13.12,26.45,277
2025-12-15T07:12:30.986202833Z,3.258,13.11,26.43,277
2025-12-15T07:32:30.896176516Z,3.262,13.11,26.36,276
2025-12-15T07:52:30.817074454Z,3.265,13.07,26.33,275
2025-12-15T08:12:30.751389341Z,3.262,13.06,26.32,275
2025-12-15T08:32:30.684396777Z,3.262,13.09,26.21,274
2025-12-15T08:52:30.593293152Z,3.267,13.1,26.21,273
2025-12-15T09:12:30.513922733Z,3.262,13.11,26.12,273
2025-12-15T09:32:30.444048007Z,3.26,13.21,26.1,273
2025-12-15T09:52:30.367386211Z,3.26,13.22,26.08,272
2025-12-15T10:12:30.292722174Z,3.26,13.32,26.09,272
2025-12-15T10:32:30.204001286Z,3.265,13.33,26,271
2025-12-15T10:52:30.137138631Z,3.265,13.42,25.97,271
2025-12-15T11:12:30.065049577Z,3.262,13.43,25.97,271
2025-12-15T11:32:29.981533664Z,3.265,13.52,25.97,270
2025-12-15T11:52:29.918386876Z,3.267,13.52,25.97,270
2025-12-15T12:12:29.838481949Z,3.265,13.65,25.87,271
2025-12-15T12:32:29.756994543Z,3.265,13.83,25.85,270
2025-12-15T12:52:29.670740128Z,3.267,13.94,25.74,270
2025-12-15T13:12:29.604074465Z,3.269,14.04,25.74,269
2025-12-15T13:32:29.526320364Z,3.267,14.14,25.73,269
2025-12-15T13:52:29.434549488Z,3.267,14.21,25.77,268
2025-12-15T14:12:29.346767988Z,3.267,14.14,25.74,267
2025-12-16T00:12:27.024646148Z,3.267,13.51,25.25,256
2025-12-16T00:32:26.961249855Z,3.265,13.45,25.24,254
2025-12-16T00:52:26.854015822Z,3.267,13.42,25.22,254
2025-12-16T01:12:26.784271910Z,3.262,13.42,25.19,254
2025-12-16T01:32:26.704594669Z,3.265,13.42,25.13,254
2025-12-16T01:52:26.644464599Z,3.267,13.42,25.13,252
2025-12-16T02:12:26.567387389Z,3.265,13.42,25.13,252
2025-12-16T02:32:26.500223408Z,3.275,13.41,25.13,251
2025-12-16T02:52:26.429621321Z,3.269,13.39,25.13,252
2025-12-16T03:12:26.331867348Z,3.262,13.34,25.25,253
2025-12-16T03:32:26.269867279Z,3.265,13.32,25.34,257
2025-12-16T03:52:26.174265521Z,3.265,13.32,25.4,261
2025-12-16T04:12:26.111033113Z,3.265,13.32,25.6,268
2025-12-16T04:32:26.028081021Z,3.269,13.25,27.05,320
2025-12-16T04:52:25.945589125Z,3.265,13.22,27.27,328
2025-12-16T05:12:25.872481175Z,3.265,13.24,27.29,330
2025-12-16T05:32:25.794515861Z,3.262,13.11,30.71,477
2025-12-16T05:52:25.736409005Z,3.258,13.01,30.2,461
2025-12-16T06:12:25.657491846Z,3.262,12.91,30.11,452
2025-12-16T06:32:25.579467823Z,3.26,12.85,29.66,437
2025-12-16T06:52:25.496692971Z,3.26,12.81,29.68,441
2025-12-16T07:12:25.442458402Z,3.265,12.8,29.53,433
2025-12-16T07:32:25.353634654Z,3.262,12.71,30.1,449
2025-12-16T07:52:25.273932139Z,3.265,12.66,30.18,446
2025-12-16T08:12:25.207095261Z,3.267,12.6,29.81,427
2025-12-16T08:32:25.127795283Z,3.258,12.6,29.39,411
2025-12-16T08:52:25.063754045Z,3.262,12.6,28.98,399
2025-12-16T09:12:24.973411252Z,3.258,12.63,28.84,392
2025-12-16T09:32:24.904464046Z,3.262,12.7,28.58,385
2025-12-16T09:52:24.854343914Z,3.267,12.77,28.56,381
2025-12-16T10:12:24.750021841Z,3.277,12.81,28.2,378
2025-12-16T10:32:24.676588569Z,3.271,13.01,28.05,373
2025-12-16T10:52:24.612109597Z,3.277,13.11,28.19,372
2025-12-16T11:12:24.529681754Z,3.267,13.11,28.05,369
2025-12-16T11:32:24.466139539Z,3.267,13.12,27.92,367
2025-12-16T11:52:24.378690292Z,3.271,13.22,27.79,365
2025-12-16T12:12:24.306015588Z,3.267,13.22,27.69,356
2025-12-16T12:32:24.233403429Z,3.267,13.01,27.53,352
2025-12-16T12:52:24.147466208Z,3.267,13.06,27.4,351
2025-12-16T13:12:24.088233737Z,3.265,13.11,27.28,348
2025-12-16T13:32:24.009139095Z,3.271,13.02,27.21,343
2025-12-16T13:52:23.927362969Z,3.265,13,27.28,343
2025-12-16T14:12:23.874355673Z,3.271,13.01,27.02,340
2025-12-16T14:32:23.776004212Z,3.267,13.01,27.03,340
2025-12-16T14:52:23.699079630Z,3.267,13.01,26.97,338
2025-12-16T15:12:23.624208687Z,3.269,13.04,26.9,335
2025-12-16T15:32:23.546040630Z,3.269,13.01,26.9,332
2025-12-16T15:52:23.483093303Z,3.265,12.91,26.9,333
2025-12-16T16:32:23.326593656Z,3.262,12.75,26.9,331
2025-12-16T16:52:23.257826025Z,3.265,12.7,26.9,332
2025-12-16T17:12:23.180766303Z,3.265,12.6,26.89,333
2025-12-16T17:32:23.114943079Z,3.265,12.52,26.9,334
2025-12-16T17:52:23.186379635Z,3.265,12.5,26.89,333
2025-12-16T18:12:22.976573381Z,3.262,12.39,27.9,365
2025-12-16T18:32:22.905866119Z,3.262,12.25,28.14,373
2025-12-16T18:52:22.829513392Z,3.26,12.18,28.15,374
2025-12-16T19:12:22.758585065Z,3.271,12.08,28.09,370
2025-12-16T19:32:22.766914501Z,3.267,11.98,28.02,367
2025-12-16T19:52:22.614647945Z,3.256,11.88,27.88,365
2025-12-16T20:12:22.542235307Z,3.256,11.88,27.79,362
2025-12-16T20:32:22.469503205Z,3.258,11.8,27.75,360
2025-12-16T20:52:22.415124663Z,3.26,11.77,27.62,357
2025-12-16T21:12:22.325458504Z,3.265,11.77,27.6,356
2025-12-16T21:32:22.282028386Z,3.26,11.77,27.5,353
2025-12-16T21:52:22.208152026Z,3.258,11.68,27.4,351
2025-12-16T22:12:22.134770401Z,3.262,11.67,27.37,349
2025-12-16T22:32:22.064785822Z,3.26,11.63,27.36,347
2025-12-16T22:52:21.993452253Z,3.258,11.57,27.24,346
2025-12-16T23:12:21.925233857Z,3.26,11.56,27.23,344
2025-12-16T23:32:21.847145774Z,3.258,11.54,27.24,346
2025-12-16T23:52:21.777168264Z,3.262,11.46,27.38,350
2025-12-17T00:12:21.699305496Z,3.267,11.37,27.48,353
2025-12-17T00:32:21.642419370Z,3.258,11.36,27.48,354
2025-12-17T00:52:21.566997241Z,3.254,11.36,27.48,354
2025-12-17T01:12:21.499687893Z,3.258,11.33,27.47,351
2025-12-17T01:32:21.420291931Z,3.256,11.26,27.39,351
2025-12-17T01:52:21.359049170Z,3.258,11.25,27.36,349
2025-12-17T02:12:21.336916298Z,3.256,11.19,27.35,349
2025-12-17T02:32:21.214936736Z,3.258,11.15,27.33,347
2025-12-17T02:52:21.148694087Z,3.26,11.15,27.25,346
2025-12-17T03:12:21.088484615Z,3.254,11.11,27.23,345
2025-12-17T03:32:21.014277715Z,3.26,11.1,27.1,342
2025-12-17T03:52:20.947265754Z,3.256,11.13,27.23,344
2025-12-17T04:12:20.862267067Z,3.256,11.05,27.2,342
2025-12-17T04:32:20.798952523Z,3.262,11.04,27.16,342
2025-12-17T04:52:20.724977677Z,3.254,10.98,27.1,340
2025-12-17T05:12:20.669569216Z,3.262,10.95,27.1,340
2025-12-17T05:32:20.596054644Z,3.26,10.95,27.1,338
2025-12-17T05:52:20.536671993Z,3.256,10.95,27.1,341
2025-12-17T06:12:20.463856668Z,3.267,10.95,27.26,346
2025-12-17T06:32:20.395766048Z,3.256,10.85,28.71,387
2025-12-17T06:52:20.305922723Z,3.258,10.74,29.87,401
2025-12-17T07:12:20.248451532Z,3.258,10.67,30.59,405
2025-12-17T07:32:20.176145364Z,3.258,10.58,31.04,409
2025-12-17T07:52:20.123792221Z,3.256,10.53,31.03,406
2025-12-17T08:12:20.039837336Z,3.256,10.45,30.97,403
2025-12-17T08:32:19.974774532Z,3.258,10.46,30.44,393
2025-12-17T08:52:19.915552500Z,3.258,10.53,30.04,384
2025-12-17T09:12:19.829754072Z,3.26,10.56,29.59,374
2025-12-17T09:32:19.757370902Z,3.256,10.64,29.31,367
2025-12-17T09:52:19.686813229Z,3.256,10.74,29.1,363
2025-12-17T10:12:19.630917938Z,3.262,10.84,28.78,359
2025-12-17T10:32:19.545853401Z,3.265,11.1,28.52,356
2025-12-17T10:52:19.466409252Z,3.265,11.36,28.36,351
2025-12-17T11:12:19.398792108Z,3.265,11.57,28.14,349
2025-12-17T11:32:19.317503265Z,3.269,11.8,28.02,347
2025-12-17T11:52:19.236814041Z,3.265,12.02,28.03,345
2025-12-17T12:12:19.170014299Z,3.275,12.18,27.9,341
2025-12-17T12:32:19.089394058Z,3.275,12.29,27.8,340
2025-12-17T12:52:19.007165525Z,3.273,12.42,27.65,338
2025-12-17T13:12:18.927127972Z,3.277,12.69,27.55,337
2025-12-17T13:32:18.855863209Z,3.277,12.8,27.54,336
2025-12-17T13:52:18.776738651Z,3.277,12.91,27.53,335
2025-12-17T14:12:18.708389132Z,3.267,12.92,27.54,334
2025-12-17T14:32:18.628474510Z,3.265,12.91,27.54,333
2025-12-17T14:52:18.550228267Z,3.265,12.91,27.41,330
2025-12-17T15:12:18.466458389Z,3.262,12.91,27.4,330
2025-12-17T15:32:18.398519272Z,3.26,12.91,27.29,329
2025-12-17T15:52:18.348068767Z,3.256,12.91,27.29,327
2025-12-17T16:12:18.228388887Z,3.256,12.81,27.29,326
2025-12-17T16:32:18.164072978Z,3.258,12.78,27.28,326
2025-12-17T16:52:18.078111097Z,3.254,12.71,27.22,324
2025-12-17T17:12:18.009796320Z,3.248,12.66,27.26,324
2025-12-17T17:32:17.936418408Z,3.248,12.59,27.26,322
2025-12-17T17:52:17.862218214Z,3.241,12.5,27.01,316
2025-12-17T18:12:17.792368998Z,3.241,12.38,27.22,319
2025-12-17T18:32:17.718502086Z,3.239,12.29,27.15,317
2025-12-17T18:52:17.640541767Z,3.239,12.19,27.12,315
2025-12-17T19:12:17.588548413Z,3.237,12.08,27.09,316
2025-12-17T19:32:17.490273681Z,3.231,11.99,27.02,314
2025-12-17T19:52:17.418744065Z,3.241,11.96,27.02,312
2025-12-17T20:12:17.364688595Z,3.231,11.88,27.01,312
2025-12-17T20:32:17.287246783Z,3.231,11.78,26.93,311
2025-12-17T20:52:17.217104172Z,3.227,11.74,26.95,311
2025-12-17T21:12:17.136258398Z,3.227,11.67,26.92,309
2025-12-17T21:32:17.069532155Z,3.223,11.57,26.89,309
2025-12-17T21:52:17.006669362Z,3.221,11.49,26.89,308
2025-12-17T22:12:16.934560266Z,3.227,11.45,26.89,308
2025-12-17T22:32:16.853512519Z,3.219,11.36,26.89,307
2025-12-17T22:52:16.785604506Z,3.214,11.26,26.88,306
2025-12-17T23:12:16.723636164Z,3.214,11.22,26.88,305
2025-12-17T23:32:16.645914894Z,3.214,11.15,26.88,306
2025-12-17T23:52:16.568364009Z,3.212,11.08,26.87,305
2025-12-18T00:12:16.523956498Z,3.214,11.05,26.8,304
2025-12-18T00:32:16.437955036Z,3.217,10.96,26.77,303
2025-12-18T00:52:16.355380475Z,3.208,10.94,26.76,302
2025-12-18T01:12:16.300305584Z,3.214,10.84,26.75,302
2025-12-18T01:32:16.233337875Z,3.214,10.84,26.75,301
2025-12-18T01:52:16.176549919Z,3.21,10.75,26.73,301
2025-12-18T02:12:16.088571801Z,3.219,10.74,26.63,299
2025-12-18T02:32:16.036904290Z,3.214,10.64,26.62,299
2025-12-18T02:52:15.953660444Z,3.204,10.63,26.62,299
2025-12-18T03:12:15.884196436Z,3.208,10.56,26.62,297
2025-12-18T03:32:15.815771568Z,3.204,10.53,26.61,297
2025-12-18T03:52:15.754553120Z,3.202,10.45,26.62,298
2025-12-18T04:12:15.675536221Z,3.214,10.43,26.62,297
2025-12-18T04:32:15.607020372Z,3.206,10.33,26.5,296
2025-12-18T04:52:15.528877059Z,3.204,10.31,26.5,295
2025-12-18T05:12:15.475530042Z,3.204,10.22,26.6,297
2025-12-18T05:32:15.414766445Z,3.208,10.19,26.53,295
2025-12-18T05:52:15.329392477Z,3.202,10.11,26.49,295
2025-12-18T06:12:15.260002008Z,3.208,10.07,26.49,294
2025-12-18T06:32:15.187586049Z,3.206,10.01,26.43,294
2025-12-18T06:52:15.125031649Z,3.208,9.91,26.46,294
2025-12-18T07:12:15.050480071Z,3.2,9.89,26.37,293
2025-12-18T07:32:14.987228200Z,3.206,9.8,26.37,292
2025-12-18T07:52:14.924918207Z,3.212,9.8,26.37,293
2025-12-18T08:12:14.835422383Z,3.206,9.8,26.48,294
2025-12-18T08:32:14.766205656Z,3.21,9.88,26.37,295
2025-12-18T08:52:14.695394783Z,3.214,9.92,26.25,293
2025-12-18T09:12:14.634878311Z,3.214,10.01,26.25,292
2025-12-18T09:32:14.550398480Z,3.214,10.11,25.88,293
2025-12-18T09:52:14.485002972Z,3.214,10.49,25.65,294
2025-12-18T10:12:14.408807902Z,3.21,10.84,25.9,292
2025-12-18T10:32:14.349603328Z,3.217,10.81,25.98,291
2025-12-18T10:52:14.273108150Z,3.221,10.77,25.93,290
2025-12-18T11:12:14.196025866Z,3.221,10.78,25.91,289
2025-12-18T11:32:14.108562711Z,3.221,10.78,25.91,289
2025-12-18T11:52:14.039317833Z,3.225,10.84,25.9,288
2025-12-18T12:12:13.964184798Z,3.227,10.95,25.8,289
2025-12-18T12:32:13.888476630Z,3.229,11.05,25.78,289
2025-12-18T12:52:13.816792381Z,3.231,11.15,25.77,288
2025-12-18T13:12:13.734343503Z,3.227,11.29,25.67,288
2025-12-18T13:32:13.640920883Z,3.233,11.46,25.66,287
2025-12-18T13:52:13.580765382Z,3.237,11.57,25.56,287
2025-12-18T14:12:13.508950411Z,3.239,11.7,25.55,288
2025-12-18T14:32:13.455194199Z,3.241,11.84,25.55,287
2025-12-18T14:52:13.350973821Z,3.237,11.87,25.55,286
2025-12-18T15:12:13.272838330Z,3.237,11.87,25.55,285
2025-12-18T15:32:13.187892941Z,3.25,11.85,25.55,285
2025-12-18T15:52:13.121992624Z,3.241,11.85,25.55,285
2025-12-18T16:12:13.031230201Z,3.244,11.86,25.53,284
2025-12-18T16:32:12.973170454Z,3.25,11.85,25.54,285
2025-12-18T16:52:12.887847118Z,3.233,11.84,25.53,284
2025-12-18T17:12:12.795443845Z,3.237,11.77,25.51,284
2025-12-18T17:32:12.747008423Z,3.235,11.76,25.55,283
2025-12-18T17:52:12.672184299Z,3.237,11.67,25.55,282
2025-12-18T18:12:12.575734109Z,3.237,11.57,25.47,282
2025-12-18T18:32:12.508776380Z,3.231,11.48,25.55,281
2025-12-18T18:52:12.432073258Z,3.225,11.46,25.55,282
2025-12-18T19:12:12.358251688Z,3.231,11.36,25.49,281
2025-12-18T19:32:12.319241868Z,3.225,11.33,25.45,280
2025-12-18T19:52:12.205556830Z,3.227,11.26,25.5,281
2025-12-18T20:12:12.135183154Z,3.227,11.19,25.54,281
2025-12-18T20:32:12.075996599Z,3.231,11.15,25.44,279
2025-12-18T20:52:11.987189063Z,3.227,11.06,25.45,280
2025-12-18T21:12:11.934765842Z,3.223,11.05,25.43,279
2025-12-18T21:32:11.871891737Z,3.233,10.95,25.34,276
2025-12-18T21:52:11.789418271Z,3.225,10.94,25.43,278
2025-12-18T22:12:11.717180442Z,3.223,10.87,25.43,279
2025-12-18T22:32:11.646185131Z,3.219,10.84,25.43,279
2025-12-18T22:52:11.569819999Z,3.223,10.82,25.43,279
2025-12-18T23:12:11.499382628Z,3.221,10.74,25.43,278
2025-12-18T23:32:11.430629058Z,3.223,10.73,25.47,279
2025-12-18T23:52:11.357664105Z,3.219,10.63,25.45,278
2025-12-19T00:12:11.280954444Z,3.219,10.6,25.31,274
2025-12-19T00:32:11.224201099Z,3.219,10.53,25.43,277
2025-12-19T00:52:11.151741330Z,3.212,10.48,25.55,277
2025-12-19T01:12:11.079743387Z,3.219,10.43,25.54,278
2025-12-19T01:32:11.007349385Z,3.214,10.42,25.55,278
2025-12-19T01:52:10.951485178Z,3.212,10.33,25.54,280
2025-12-19T02:12:10.868667639Z,3.21,10.29,25.54,279
2025-12-20T15:12:02.781903693Z,3.25,13.78,24.44,281
2025-12-20T15:32:02.714929753Z,3.248,13.73,24.46,281
2025-12-20T15:52:02.607664459Z,3.246,13.67,24.42,281
2025-12-20T16:12:02.538531081Z,3.248,13.63,24.41,281
2025-12-20T16:32:02.463001318Z,3.246,13.58,24.46,280
2025-12-20T16:52:02.393104493Z,3.246,13.52,24.47,280
2025-12-20T17:12:02.304602883Z,3.254,13.42,24.48,279
2025-12-20T17:32:02.222975876Z,3.246,13.32,24.48,279
2025-12-20T17:52:02.148907625Z,3.237,13.22,24.48,279
2025-12-20T18:12:02.069689384Z,3.244,13.11,24.48,279
2025-12-20T18:32:02.000815056Z,3.241,13.01,24.49,279
2025-12-20T18:52:01.931904698Z,3.239,12.91,24.49,278
2025-12-20T19:12:01.859974386Z,3.239,12.8,24.51,278
2025-12-20T19:32:01.778659624Z,3.241,12.7,24.53,278
2025-12-20T19:52:01.707296145Z,3.239,12.6,24.54,278
2025-12-20T20:12:01.638107291Z,3.246,12.54,24.55,278
2025-12-20T20:32:01.571646532Z,3.233,12.49,24.54,277
2025-12-20T20:52:01.500076491Z,3.231,12.39,24.55,278
2025-12-20T21:12:01.441339269Z,3.233,12.31,24.56,278
2025-12-20T21:32:01.341777971Z,3.237,12.28,24.58,277
2025-12-20T21:52:01.283177290Z,3.231,12.19,24.56,277
2025-12-20T22:12:01.218934763Z,3.229,12.09,24.59,277
2025-12-20T22:32:01.142486387Z,3.231,11.98,24.59,277
2025-12-20T22:52:01.069584896Z,3.229,11.95,24.59,276
2025-12-20T23:12:01.004184993Z,3.229,11.88,24.59,277
2025-12-20T23:32:00.924979459Z,3.229,11.82,24.58,277
2025-12-20T23:52:00.852242437Z,3.229,11.77,24.58,277
2025-12-21T00:12:00.780354741Z,3.231,11.74,24.57,276
2025-12-21T00:32:00.711648142Z,3.227,11.67,24.58,276
2025-12-21T00:52:00.654070846Z,3.221,11.64,24.59,276
2025-12-21T01:12:00.639219869Z,3.223,11.57,24.59,276
2025-12-21T01:32:00.508986697Z,3.223,11.46,24.59,276
2025-12-21T01:52:00.435222907Z,3.223,11.42,24.59,275
2025-12-21T02:12:00.370557835Z,3.221,11.36,24.59,276
2025-12-21T02:32:00.306430720Z,3.223,11.26,24.59,276
2025-12-21T02:52:00.242755714Z,3.221,11.16,24.59,275
2025-12-21T03:12:00.172905788Z,3.221,11.15,24.59,275
2025-12-21T03:32:00.108944159Z,3.221,11.15,24.55,275
2025-12-21T03:52:00.031916944Z,3.225,11.15,24.49,276
2025-12-21T04:11:59.960571339Z,3.219,11.21,24.47,276
2025-12-21T04:31:59.892667749Z,3.221,11.26,24.47,276
2025-12-21T04:51:59.820796853Z,3.219,11.29,24.47,276
2025-12-21T05:11:59.751639077Z,3.225,11.32,24.47,276
2025-12-21T05:31:59.696974766Z,3.217,11.27,24.48,276
2025-12-21T05:51:59.610596961Z,3.217,11.25,24.5,276
2025-12-21T06:11:59.544804334Z,3.212,11.15,24.53,275
2025-12-21T06:31:59.473251911Z,3.214,11.1,24.56,275
2025-12-21T06:51:59.407140887Z,3.217,11.05,24.56,276
2025-12-21T07:11:59.331008972Z,3.212,10.95,24.58,276
2025-12-21T07:31:59.273485669Z,3.214,10.88,24.58,275
2025-12-21T07:51:59.203300494Z,3.214,10.84,24.55,275
2025-12-21T08:11:59.135195092Z,3.21,10.84,24.47,275
2025-12-21T08:31:59.063037269Z,3.212,10.84,24.47,275
2025-12-21T08:51:59.005341835Z,3.212,10.95,24.38,276
2025-12-21T09:11:58.933607228Z,3.214,11.07,24.35,276
2025-12-21T09:31:58.854442370Z,3.221,11.26,24.02,278
2025-12-21T09:51:58.780532686Z,3.223,11.77,23.71,280
2025-12-21T10:11:58.712570338Z,3.227,12.28,24.01,278
2025-12-21T10:31:58.629840967Z,3.231,12.29,24.1,277
2025-12-21T10:51:58.559822895Z,3.231,12.34,24.13,277
2025-12-21T11:11:58.470208453Z,3.235,12.39,24.14,277
2025-12-21T11:31:58.411501758Z,3.235,12.39,24.11,277
2025-12-21T11:51:58.320575968Z,3.239,12.49,24.11,277
2025-12-21T12:11:58.259007964Z,3.244,12.5,24.11,277
2025-12-21T12:31:58.177633577Z,3.248,12.6,24.1,276
2025-12-21T12:51:58.084859371Z,3.248,12.7,24.03,276
2025-12-21T13:11:58.013625091Z,3.248,12.91,23.98,277
2025-12-21T13:31:57.943643700Z,3.252,13.01,23.99,277
2025-12-21T13:51:57.860342560Z,3.25,13.11,23.99,276
2025-12-21T14:11:57.624108382Z,3.254,13.16,23.97,276
2025-12-21T14:31:57.704482074Z,3.256,13.22,23.97,276
2025-12-21T14:51:57.622376944Z,3.254,13.22,23.93,276
2025-12-21T15:11:57.551190112Z,3.256,13.31,23.86,276
2025-12-21T15:31:57.483932549Z,3.258,13.32,23.86,276
2025-12-21T15:51:57.390940721Z,3.256,13.4,23.87,275
2025-12-21T16:11:57.307667839Z,3.254,13.33,23.9,274
2025-12-21T16:31:57.233535399Z,3.256,13.32,23.9,274
2025-12-21T16:51:57.165419928Z,3.254,13.28,23.98,273
2025-12-21T17:11:57.082509724Z,3.25,13.22,23.97,273
2025-12-21T17:31:57.000360390Z,3.248,13.14,23.98,273
2025-12-21T17:51:56.919639878Z,3.248,13.08,23.99,273
2025-12-21T18:11:56.868717365Z,3.254,12.98,23.99,273
2025-12-21T18:31:56.788498153Z,3.248,12.91,23.99,272
2025-12-21T18:51:56.704450587Z,3.246,12.88,23.98,272
2025-12-21T19:11:56.626552282Z,3.241,12.88,23.95,272
2025-12-21T19:31:56.559317719Z,3.248,12.9,23.94,272
2025-12-21T19:51:56.494643604Z,3.241,12.9,23.95,272
2025-12-21T20:11:56.429419164Z,3.244,12.9,23.96,272
2025-12-21T20:31:56.335981815Z,3.246,12.89,23.94,272
2025-12-21T20:51:56.255596462Z,3.244,12.89,23.92,272
2025-12-21T21:11:56.196981751Z,3.244,12.87,23.93,272
2025-12-21T21:31:56.101802818Z,3.241,12.84,23.93,272
2025-12-21T21:51:56.063613756Z,3.246,12.82,23.96,273
2025-12-21T22:11:55.957405912Z,3.241,12.81,23.97,273
2025-12-21T22:31:55.887874679Z,3.239,12.8,23.98,273
2025-12-21T22:51:55.818374540Z,3.241,12.8,23.98,273
2025-12-21T23:11:55.741123756Z,3.239,12.8,23.98,273
2025-12-21T23:31:55.661706464Z,3.239,12.8,23.99,273
2025-12-21T23:51:55.601890930Z,3.237,12.8,23.99,273
2025-12-22T00:11:55.520945982Z,3.235,12.8,23.99,273
2025-12-22T00:31:55.449655027Z,3.237,12.77,23.99,273
2025-12-22T00:51:55.369231578Z,3.237,12.74,24,275
2025-12-22T01:11:55.306882565Z,3.241,12.7,24.11,277
2025-12-22T01:31:55.231543333Z,3.233,12.7,24.11,278
2025-12-22T01:51:55.167795060Z,3.233,12.61,24.23,278
2025-12-22T02:11:55.106145418Z,3.231,12.57,24.23,278
2025-12-22T02:31:55.016892830Z,3.233,12.5,24.23,279
2025-12-22T02:51:54.937155389Z,3.231,12.41,24.23,279
2025-12-22T03:11:54.861300933Z,3.233,12.35,24.23,279
2025-12-22T03:31:54.802339Z,3.233,12.29,24.23,278
2025-12-22T03:51:54.718063111Z,3.237,12.2,24.23,279
2025-12-22T04:11:54.640773189Z,3.231,12.18,24.23,279
2025-12-22T04:31:54.576868196Z,3.237,12.16,24.22,279
2025-12-22T04:51:54.516224472Z,3.229,12.09,24.23,280
2025-12-22T05:11:54.437935631Z,3.231,12.05,24.24,279
2025-12-22T05:31:54.367290226Z,3.225,11.98,24.32,279
2025-12-22T05:51:54.286460868Z,3.233,11.88,24.34,279
2025-12-22T06:11:54.240780720Z,3.225,11.79,24.34,279
2025-12-22T06:31:54.165655220Z,3.227,11.77,24.33,279
2025-12-22T06:51:54.089039011Z,3.231,11.76,24.32,279
2025-12-22T07:11:54.020446394Z,3.225,11.68,24.34,280
2025-12-22T07:31:53.953934294Z,3.225,11.65,24.34,279
2025-12-22T07:51:53.870841087Z,3.225,11.57,24.32,279
2025-12-22T08:11:53.813892442Z,3.227,11.57,24.23,279
2025-12-22T08:31:53.727651341Z,3.231,11.65,24.22,279
2025-12-22T08:51:53.657804008Z,3.233,11.67,24.22,280
2025-12-22T09:11:53.595664415Z,3.231,11.77,24.21,280
2025-12-22T09:31:53.518448539Z,3.235,11.95,23.86,280
2025-12-22T09:51:53.431617101Z,3.233,12.31,23.66,283
2025-12-22T10:11:53.367673926Z,3.233,12.7,23.86,282
2025-12-22T10:31:53.313194514Z,3.241,12.85,23.88,281
2025-12-22T10:51:53.230464178Z,3.237,13.01,23.98,281
2025-12-22T11:11:53.146570293Z,3.235,13.01,24.09,280
2025-12-22T11:31:53.114533740Z,3.241,12.93,24.08,281
2025-12-22T11:51:52.989978164Z,3.241,13.01,23.99,280
2025-12-22T12:11:52.918507568Z,3.246,13.11,23.98,280
2025-12-22T12:31:52.836082645Z,3.248,13.22,23.98,281
2025-12-22T12:51:52.766731005Z,3.254,13.32,23.92,281
2025-12-22T13:11:52.693815686Z,3.254,13.63,23.86,282
2025-12-22T13:31:52.616492398Z,3.246,13.67,23.96,281
2025-12-22T13:51:52.544579815Z,3.246,13.63,23.94,281
2025-12-22T14:11:52.464916728Z,3.25,13.63,23.96,281
2025-12-22T14:31:52.385163474Z,3.252,13.55,23.96,281
2025-12-22T14:51:52.300132331Z,3.252,13.52,23.89,280
2025-12-22T15:11:52.216940201Z,3.254,13.52,23.89,280
2025-12-22T15:31:52.136131990Z,3.252,13.47,23.86,280
2025-12-22T15:51:52.052519642Z,3.25,13.46,23.86,280
2025-12-22T16:11:51.982425832Z,3.248,13.42,23.86,280
2025-12-22T16:31:51.920308959Z,3.256,13.39,23.88,279
2025-12-22T16:51:51.837119212Z,3.26,13.32,23.89,279
2025-12-22T17:11:51.786669417Z,3.25,13.29,23.9,279
2025-12-22T17:31:51.681322313Z,3.248,13.22,23.98,279
2025-12-22T17:51:51.598305027Z,3.248,13.11,23.98,279
2025-12-22T18:11:51.541377814Z,3.248,13.01,23.98,279
2025-12-22T18:31:51.458385531Z,3.248,12.97,23.98,278
2025-12-22T18:51:51.380676367Z,3.246,12.91,23.98,279
2025-12-22T19:11:51.309731574Z,3.244,12.9,23.98,279
2025-12-22T19:31:51.230324247Z,3.244,12.8,23.98,279
2025-12-22T19:51:51.165430343Z,3.241,12.7,23.98,278
2025-12-22T20:11:51.085286483Z,3.241,12.6,23.98,278
2025-12-22T20:31:51.017880511Z,3.241,12.5,24,278
2025-12-22T20:51:50.953950330Z,3.235,12.4,24.01,278
2025-12-22T21:11:50.883548557Z,3.237,12.31,24.02,278
2025-12-22T21:31:50.814726399Z,3.237,12.26,24.03,278
2025-12-22T21:51:50.747164763Z,3.237,12.18,24.03,277
2025-12-22T22:11:50.655219930Z,3.239,12.08,24.04,277
2025-12-22T22:31:50.596176475Z,3.231,11.99,24.05,278
2025-12-22T22:51:50.526983824Z,3.229,11.97,24.06,277
2025-12-22T23:11:50.458093875Z,3.227,11.88,24.05,277
2025-12-22T23:31:50.390428283Z,3.235,11.79,24.06,277
2025-12-22T23:51:50.307368562Z,3.235,11.77,24.08,277
2025-12-23T00:11:50.243200680Z,3.231,11.67,24.07,277
2025-12-23T00:31:50.180819643Z,3.229,11.59,24.08,276
2025-12-23T00:51:50.098977989Z,3.233,11.56,24.02,276
2025-12-23T01:11:50.036299132Z,3.229,11.46,24.04,277
2025-12-23T01:31:49.972748649Z,3.227,11.44,24.04,276
2025-12-23T01:51:49.890071084Z,3.227,11.36,24.06,276
2025-12-23T02:11:49.830389126Z,3.233,11.26,24.06,276
2025-12-23T02:31:49.756008843Z,3.225,11.22,24.06,276
2025-12-23T02:51:49.686234275Z,3.225,11.15,24.07,275
2025-12-23T03:11:49.616876878Z,3.223,11.1,24.07,275
2025-12-23T03:31:49.545231481Z,3.227,11.05,24.04,276
2025-12-23T03:51:49.470695057Z,3.227,10.99,24.06,276
2025-12-23T04:11:49.402085694Z,3.223,10.95,24.06,276
2025-12-23T04:31:49.334835336Z,3.221,10.93,24.03,275
2025-12-23T04:51:49.261023485Z,3.225,10.84,24.06,275
2025-12-23T05:11:49.209337820Z,3.221,10.82,24.06,275
2025-12-23T05:31:49.140877378Z,3.223,10.74,24.06,275
2025-12-23T05:51:49.077860008Z,3.221,10.68,24.08,275
2025-12-23T06:11:49.017819506Z,3.225,10.63,24.07,274
2025-12-23T06:31:48.929905519Z,3.223,10.54,24.09,275
2025-12-23T06:51:48.862602097Z,3.219,10.52,24.1,275
2025-12-23T07:11:48.797039576Z,3.217,10.43,24.1,275
2025-12-23T07:31:48.725901839Z,3.217,10.35,24.1,274
2025-12-23T07:51:48.673205237Z,3.217,10.32,24.1,274
2025-12-23T08:11:48.606113289Z,3.214,10.3,24.02,274
2025-12-23T08:31:48.525867129Z,3.221,10.33,23.98,274
2025-12-23T08:51:48.464647914Z,3.225,10.45,23.96,275
2025-12-23T09:11:48.379111344Z,3.225,10.63,23.87,275
2025-12-23T10:51:48.011717071Z,3.233,12.06,23.62,276
2025-12-23T11:11:47.962503079Z,3.25,13.65,18.78,121
2025-12-23T11:31:47.719375890Z,3.273,17.12,22.72,500
2025-12-23T11:51:47.641839233Z,3.262,12.52,27.65,193
2025-12-23T12:11:47.312456394Z,3.25,13.32,29.6,234
2025-12-23T12:31:47.636397999Z,3.26,12.7,25.24,154
2025-12-23T12:51:47.539599406Z,3.262,13.28,25.48,154
2025-12-23T13:11:47.463524860Z,3.258,12.08,23.11,931
2025-12-23T13:31:47.384302287Z,3.265,13.11,21.33,130
2025-12-23T13:51:47.295756282Z,3.262,13.25,17.53,70
2025-12-23T14:11:47.275419926Z,3.265,13.22,17.53,69
2025-12-23T14:31:47.147246434Z,3.26,13.12,17.54,69
2025-12-23T14:51:47.057579453Z,3.26,13.1,17.49,68
2025-12-23T15:11:46.997667008Z,3.258,12.91,18.88,128
2025-12-23T15:31:46.914674057Z,3.258,12.91,18.99,129
2025-12-23T15:51:46.824744767Z,3.26,12.91,19.02,129
2025-12-23T16:11:46.757747605Z,3.269,12.9,19.07,129
2025-12-23T16:31:46.674528939Z,3.254,12.88,19.1,129
2025-12-23T16:51:46.603886542Z,3.258,12.81,19.13,129
2025-12-23T17:11:46.532690169Z,3.256,12.8,19.13,129
2025-12-23T17:31:46.459466999Z,3.256,12.7,19.13,130
2025-12-23T17:51:46.377199958Z,3.254,12.62,19.14,130
2025-12-23T18:11:46.294407307Z,3.25,12.56,19.14,130
2025-12-23T18:31:46.227798732Z,3.254,12.5,19.14,130
2025-12-23T18:51:46.131596748Z,3.252,12.44,19.14,130
2025-12-23T19:11:46.068105065Z,3.248,12.39,19.16,130
2025-12-23T19:31:46.003745186Z,3.248,12.31,19.19,130
2025-12-23T19:51:45.927652520Z,3.248,12.28,19.23,130
2025-12-23T20:11:45.854857793Z,3.246,12.19,19.25,130
2025-12-23T20:31:45.776441482Z,3.241,12.15,19.27,130
2025-12-23T20:51:45.699581713Z,3.246,12.08,19.28,130
2025-12-23T21:11:45.641453149Z,3.248,12.06,19.27,130
2025-12-23T21:31:45.554749365Z,3.252,11.99,19.29,130
2025-12-23T21:51:45.484541930Z,3.237,11.98,19.3,130
2025-12-23T22:11:45.266380493Z,3.244,11.93,19.29,130
2025-12-23T22:31:45.334078142Z,3.239,11.88,19.3,130
2025-12-23T22:51:45.259622722Z,3.237,11.88,19.3,130
2025-12-23T23:11:45.189792382Z,3.244,11.84,19.3,130
2025-12-23T23:31:45.121076236Z,3.241,11.78,19.3,130
2025-12-23T23:51:45.046919078Z,3.248,11.77,19.31,130
2025-12-24T00:11:44.981131206Z,3.239,11.69,19.31,130
2025-12-24T00:31:44.913878940Z,3.239,11.67,19.31,130
2025-12-24T00:51:44.825397921Z,3.239,11.62,19.31,130
2025-12-24T01:11:44.766690484Z,3.237,11.57,19.31,130
2025-12-24T01:31:44.695164103Z,3.237,11.56,19.31,130
2025-12-24T01:51:44.630270718Z,3.231,11.54,19.29,130
2025-12-24T02:11:44.545300916Z,3.244,11.57,19.19,130
2025-12-24T02:31:44.471798529Z,3.241,11.62,19.18,129
2025-12-24T02:51:44.396344613Z,3.237,11.67,19.17,129
2025-12-24T03:11:44.337214235Z,3.235,11.67,19.18,129
2025-12-24T03:31:44.259761208Z,3.237,11.69,19.18,129
2025-12-24T03:51:44.191985882Z,3.239,11.75,19.17,129
2025-12-24T04:11:44.106409456Z,3.239,11.77,19.17,129
2025-12-24T04:31:44.035938959Z,3.239,11.77,19.17,129
2025-12-24T04:51:43.958047938Z,3.239,11.83,19.17,129
2025-12-24T05:11:43.876294886Z,3.239,11.87,19.17,129
2025-12-24T05:31:43.814131571Z,3.235,11.87,19.17,129
2025-12-24T05:51:43.738432315Z,3.237,11.87,19.18,129
2025-12-24T06:11:43.651852533Z,3.237,11.88,19.18,129
2025-12-24T06:31:43.586780788Z,3.239,11.88,19.23,129
2025-12-24T06:51:43.517647588Z,3.235,11.91,19.3,131
2025-12-24T07:11:43.459137206Z,3.246,11.98,19.82,140
2025-12-24T07:31:43.375542286Z,3.239,11.98,20.37,155
2025-12-24T07:51:43.307167531Z,3.239,11.98,22.01,192
2025-12-24T08:11:43.238046119Z,3.239,11.98,23.27,222
2025-12-24T08:31:43.159147509Z,3.239,11.99,23.98,236
2025-12-24T08:51:43.083484842Z,3.239,12.07,25.22,265
2025-12-24T09:11:43.029253266Z,3.241,12.09,26.06,281
2025-12-26T00:11:34.447611156Z,3.231,11.25,26.51,231
2025-12-26T00:31:34.366027248Z,3.237,11.15,26.47,231
2025-12-26T00:51:34.298955572Z,3.227,11.05,26.43,231
2025-12-26T01:11:34.247177222Z,3.227,11.01,26.42,229
2025-12-26T01:31:34.170212619Z,3.233,10.94,26.41,229
2025-12-26T01:51:34.111564942Z,3.227,10.84,26.41,228
2025-12-26T02:11:34.025504245Z,3.225,10.75,26.41,229
2025-12-26T02:31:33.973303427Z,3.227,10.74,26.33,227
2025-12-26T02:51:33.898712550Z,3.225,10.73,26.29,227
2025-12-26T03:11:33.832975277Z,3.221,10.68,26.29,227
2025-12-26T03:31:33.768805873Z,3.225,10.63,26.28,226
2025-12-26T03:51:33.697207060Z,3.225,10.57,26.28,226
2025-12-26T04:11:33.631193310Z,3.223,10.53,26.28,224
2025-12-26T04:31:33.556418067Z,3.223,10.45,26.28,225
2025-12-26T04:51:33.502682893Z,3.221,10.42,26.26,224
2025-12-26T05:11:33.434714902Z,3.225,10.32,26.18,224
2025-12-26T05:31:33.364868359Z,3.221,10.32,26.16,224
2025-12-26T05:51:33.298338389Z,3.223,10.32,26.15,223
2025-12-26T06:11:33.225327698Z,3.223,10.34,26.08,222
2025-12-26T06:31:33.157688488Z,3.223,10.38,26.04,222
2025-12-26T06:51:33.098964964Z,3.223,10.42,26.04,221
2025-12-26T07:11:33.022497416Z,3.221,10.43,26.04,221
2025-12-26T07:31:32.959494111Z,3.221,10.45,26.01,221
2025-12-26T07:51:32.879508074Z,3.231,10.53,25.94,221
2025-12-26T08:11:32.819387815Z,3.221,10.53,25.92,221
2025-12-26T08:31:32.745743838Z,3.227,10.61,25.91,220
2025-12-26T08:51:32.679296202Z,3.229,10.7,25.81,220
2025-12-26T09:11:32.596065122Z,3.231,10.84,25.81,219
2025-12-26T09:31:32.516372025Z,3.235,10.95,25.76,220
2025-12-26T09:51:32.463136488Z,3.235,11.12,25.69,219
2025-12-26T10:11:32.392154947Z,3.235,11.33,25.58,220
2025-12-26T10:31:32.305209858Z,3.239,11.57,25.58,219
2025-12-26T10:51:32.236255677Z,3.241,11.77,25.5,219
2025-12-26T11:11:32.168057697Z,3.244,11.98,25.47,218
2025-12-26T11:31:32.099539147Z,3.248,12.18,25.47,218
2025-12-26T11:51:32.019840810Z,3.25,12.3,25.44,218
2025-12-26T12:11:31.939979915Z,3.252,12.49,25.39,217
2025-12-26T12:31:31.873033866Z,3.25,12.6,25.35,217
2025-12-26T12:51:31.776912208Z,3.254,12.79,25.33,216
2025-12-26T13:11:31.537803630Z,3.258,12.91,25.24,217
2025-12-26T13:31:31.625894211Z,3.258,13.11,25.24,216
2025-12-26T13:51:31.535813830Z,3.256,13.22,25.23,215
2025-12-26T14:11:31.473630419Z,3.271,13.32,25.18,215
2025-12-26T14:31:31.389583654Z,3.256,13.41,25.15,214
2025-12-26T14:51:31.316313586Z,3.258,13.42,25.13,214
2025-12-26T15:11:31.252249779Z,3.26,13.42,25.13,213
2025-12-26T15:31:31.177165241Z,3.256,13.47,25.13,212
2025-12-26T15:51:31.087559291Z,3.258,13.48,25.12,212
2025-12-26T16:11:30.997166873Z,3.254,13.44,25.13,211
2025-12-26T16:31:30.926268683Z,3.256,13.42,25.11,211
2025-12-26T16:51:30.868154257Z,3.258,13.32,25.07,210
2025-12-26T17:11:30.782247412Z,3.252,13.23,25.08,210
2025-12-26T17:31:30.722466503Z,3.256,13.12,25.09,209
2025-12-26T17:51:30.624555191Z,3.252,13.01,25.1,208
2025-12-26T18:11:30.548295457Z,3.252,12.91,25.09,208
2025-12-26T18:31:30.478471233Z,3.248,12.8,25.09,207
2025-12-26T18:51:30.407333648Z,3.25,12.7,25.08,207
2025-12-26T19:11:30.328493944Z,3.248,12.6,25.05,207
2025-12-26T19:31:30.280593379Z,3.252,12.5,25.01,206
2025-12-26T19:51:30.194971574Z,3.248,12.4,25,206
2025-12-26T20:11:30.134349231Z,3.246,12.36,25,205
2025-12-26T20:31:30.044968972Z,3.244,12.29,24.99,205
2025-12-26T20:51:29.969616631Z,3.239,12.19,24.99,204
2025-12-26T21:11:29.903245443Z,3.246,12.18,24.99,204
2025-12-26T21:31:29.835992448Z,3.244,12.08,24.98,204
2025-12-26T21:51:29.764223212Z,3.252,12.04,24.96,203
2025-12-26T22:11:29.689163515Z,3.237,11.98,24.92,203
2025-12-26T22:31:29.616918132Z,3.239,11.96,24.89,202
2025-12-26T22:51:29.551238375Z,3.241,11.88,24.88,202
2025-12-26T23:11:29.466087520Z,3.239,11.87,24.87,202
2025-12-26T23:31:29.409439286Z,3.239,11.78,24.87,201
2025-12-26T23:51:29.337657511Z,3.241,11.77,24.87,201
2025-12-27T00:11:29.265644059Z,3.233,11.68,24.87,201
2025-12-27T00:31:29.197209008Z,3.246,11.67,24.87,200
2025-12-27T00:51:29.122375309Z,3.239,11.61,24.82,200
2025-12-27T01:11:29.052277433Z,3.237,11.57,24.78,200
2025-12-27T01:31:28.977017958Z,3.25,11.57,24.75,199
2025-12-27T01:51:28.905297512Z,3.248,11.57,24.75,199
2025-12-27T02:11:28.827311987Z,3.244,11.57,24.74,198
2025-12-27T02:31:28.748994829Z,3.244,11.57,24.72,198
2025-12-27T02:51:28.676822919Z,3.241,11.57,24.71,197
2025-12-27T03:11:28.650808439Z,3.239,11.56,24.66,197
2025-12-27T03:31:28.535715496Z,3.241,11.5,24.64,197
2025-12-27T03:51:28.465936271Z,3.244,11.46,24.64,196
2025-12-27T04:11:28.413347865Z,3.241,11.41,24.63,196
2025-12-27T04:31:28.344071124Z,3.239,11.36,24.63,195
2025-12-27T04:51:28.264298724Z,3.239,11.27,24.63,195
2025-12-27T05:11:28.193521537Z,3.239,11.26,24.62,195
2025-12-27T05:31:28.115661631Z,3.239,11.23,24.59,194
2025-12-27T05:51:28.046459151Z,3.239,11.15,24.56,194
2025-12-27T06:11:27.996344524Z,3.241,11.15,24.53,194
2025-12-27T06:31:27.896646373Z,3.235,11.1,24.51,193
2025-12-27T06:51:27.828585028Z,3.239,11.11,24.51,193
2025-12-27T07:11:27.764915141Z,3.233,11.14,24.51,193
2025-12-27T07:31:27.686728987Z,3.239,11.15,24.49,192
2025-12-27T07:51:27.605334987Z,3.235,11.15,24.49,192
2025-12-27T08:11:27.549346530Z,3.233,11.15,24.49,192
2025-12-27T08:31:27.476181529Z,3.231,11.15,24.52,192
2025-12-27T08:51:27.395035901Z,3.231,11.15,25.48,205
2025-12-27T09:11:27.344242797Z,3.233,11.11,25.88,212
2025-12-27T09:31:27.267371379Z,3.237,11.13,26.78,228
2025-12-27T09:51:27.193700991Z,3.233,11.14,28.04,250
2025-12-27T10:11:27.118447607Z,3.237,11.15,28.82,264
2025-12-27T10:31:27.045988050Z,3.233,11.25,29.39,272
2025-12-27T10:51:26.966358951Z,3.237,11.35,29.93,276
2025-12-27T11:11:26.909170617Z,3.239,11.44,29.65,270
2025-12-27T11:31:26.836258465Z,3.237,11.58,29.34,264
2025-12-27T11:51:26.764706865Z,3.237,11.77,28.98,258
2025-12-27T12:11:26.683793853Z,3.244,11.88,28.71,253
2025-12-27T12:31:26.620210227Z,3.244,12.08,28.51,249
2025-12-27T12:51:26.523141434Z,3.241,12.19,28.59,248
2025-12-27T13:11:26.461438488Z,3.248,12.19,28.46,246
2025-12-27T13:31:26.390657793Z,3.246,12.19,28.2,244
2025-12-27T13:51:26.329548825Z,3.248,12.3,28.07,241
2025-12-27T14:11:26.238173963Z,3.246,12.49,27.94,239
2025-12-27T14:31:26.165673643Z,3.248,12.6,27.82,237
2025-12-27T14:51:26.080504647Z,3.248,12.68,28.1,239
2025-12-27T15:11:26.002456872Z,3.246,12.62,28.88,251
2025-12-27T15:31:25.942026817Z,3.246,12.61,28.77,251
2025-12-27T15:51:25.875997216Z,3.246,12.67,28.67,247
2025-12-27T16:11:25.792459234Z,3.248,12.69,28.49,245
2025-12-27T16:31:25.708222189Z,3.246,12.7,28.35,243
2025-12-27T16:51:25.645603222Z,3.246,12.69,28.27,239
2025-12-27T17:11:25.567673615Z,3.241,12.6,28.09,238
2025-12-27T17:31:25.485911827Z,3.246,12.6,28.04,235
2025-12-27T17:51:25.425687866Z,3.246,12.54,27.95,233
2025-12-27T18:11:25.337010798Z,3.244,12.5,27.89,232
2025-12-27T18:31:25.270716745Z,3.246,12.43,30.29,262
2025-12-27T18:51:25.210968231Z,3.248,12.29,30.85,265
2025-12-27T19:11:25.137867798Z,3.237,12.19,30.74,260
2025-12-27T19:31:25.063874082Z,3.241,12.16,31.19,262
2025-12-27T19:51:24.994592652Z,3.241,12.08,31.3,256
2025-12-27T20:11:24.906877703Z,3.239,11.99,31.3,250
2025-12-27T20:31:24.855061429Z,3.239,11.97,30.69,239
2025-12-27T20:51:24.774214966Z,3.237,11.89,30.13,231
2025-12-27T21:11:24.704886099Z,3.237,11.88,29.67,224
2025-12-27T21:31:24.612730005Z,3.237,11.87,29.33,219
2025-12-27T21:51:24.560571999Z,3.237,11.85,29.07,214
2025-12-27T22:11:24.494060523Z,3.235,11.78,28.83,211
2025-12-27T22:31:24.402561175Z,3.237,11.77,28.58,207
2025-12-27T22:51:24.352168324Z,3.239,11.76,28.44,205
2025-12-27T23:11:24.272129390Z,3.233,11.74,28.3,202
2025-12-27T23:31:24.198005585Z,3.244,11.73,28.74,207
2025-12-27T23:51:24.130734706Z,3.231,11.67,29.8,218
2025-12-28T00:11:24.073606840Z,3.231,11.66,30.24,222
2025-12-28T00:31:23.983413197Z,3.239,11.64,30.23,218
2025-12-28T00:51:23.914316032Z,3.237,11.63,29.87,213
2025-12-28T01:11:23.850484525Z,3.237,11.64,29.53,209
2025-12-28T01:31:23.771219627Z,3.233,11.66,29.32,205
2025-12-28T01:51:23.693740521Z,3.235,11.65,29.11,202
2025-12-28T02:11:23.631628055Z,3.235,11.64,28.9,199
2025-12-28T02:31:23.544275725Z,3.235,11.65,28.71,196
2025-12-28T02:51:23.473742738Z,3.235,11.62,28.57,194
2025-12-28T03:11:23.404018235Z,3.233,11.57,28.44,192
2025-12-28T03:31:23.369404592Z,3.235,11.48,28.3,190
2025-12-28T03:51:23.297679843Z,3.231,11.46,28.17,188
2025-12-28T04:11:23.204837614Z,3.233,11.43,28.06,187
2025-12-28T04:31:23.134442757Z,3.233,11.36,28.04,186
2025-12-28T04:51:23.056926161Z,3.229,11.3,27.91,184
2025-12-28T05:11:22.982983635Z,3.241,11.26,27.78,184
2025-12-28T05:31:22.934817532Z,3.231,11.26,27.78,183
2025-12-28T05:51:22.842604322Z,3.235,11.24,27.66,183
2025-12-28T06:11:22.766093918Z,3.231,11.25,27.65,183
2025-12-28T06:31:22.705536315Z,3.233,11.24,27.65,181
2025-12-28T06:51:22.623574641Z,3.233,11.16,27.65,182
2025-12-28T07:11:22.583725933Z,3.229,11.15,27.54,181
2025-12-28T07:31:22.499117805Z,3.235,11.15,27.52,180
2025-12-28T07:51:22.418462750Z,3.231,11.15,28.03,183
2025-12-28T08:11:22.371063431Z,3.225,11.05,29.36,198
2025-12-28T08:31:22.282001458Z,3.229,10.95,30.2,206
2025-12-28T08:51:22.215926310Z,3.229,10.94,30.63,208
2025-12-28T09:11:22.148363569Z,3.229,10.91,30.78,207
2025-12-28T09:31:22.085176997Z,3.227,10.93,30.49,203
2025-12-28T09:51:22.007367109Z,3.229,10.95,30.05,199
2025-12-28T10:11:21.932624560Z,3.231,11.08,29.67,195
2025-12-28T10:31:21.857118293Z,3.233,11.26,29.37,191
2025-12-28T10:51:21.787367798Z,3.241,11.37,29.1,187
2025-12-28T11:11:21.709095913Z,3.246,11.54,28.83,185
2025-12-28T11:31:21.476861265Z,3.252,11.65,28.61,183
2025-12-28T11:51:21.565023535Z,3.256,11.71,28.58,182
2025-12-28T12:11:21.495061989Z,3.267,11.87,28.44,180
2025-12-28T12:31:21.405418262Z,3.262,11.99,28.29,180
2025-12-28T12:51:21.328852131Z,3.271,12.16,28.14,177
2025-12-28T13:11:21.271762444Z,3.269,12.26,27.94,177
2025-12-28T13:31:21.177765053Z,3.271,12.4,27.82,175
2025-12-28T13:51:21.110094623Z,3.262,12.58,27.7,174
2025-12-28T14:11:21.034076546Z,3.269,12.64,27.69,172
2025-12-28T14:31:20.950937358Z,3.265,12.6,27.69,172
2025-12-28T14:51:20.869067649Z,3.265,12.61,27.57,171
2025-12-28T15:11:20.800571626Z,3.267,12.67,27.52,171
2025-12-28T15:31:20.729625336Z,3.258,12.6,27.57,170
2025-12-28T15:51:20.649068265Z,3.256,12.58,27.56,170
2025-12-28T16:11:20.565460190Z,3.256,12.55,27.55,170
2025-12-28T16:31:20.506179289Z,3.26,12.5,27.44,170
2025-12-28T16:51:20.426293425Z,3.254,12.5,27.43,169
2025-12-28T17:11:20.374160163Z,3.252,12.5,27.35,168
2025-12-28T17:31:20.301671999Z,3.254,12.49,27.31,168
2025-12-28T17:51:20.196891945Z,3.252,12.4,27.31,167
2025-12-28T18:11:20.124578157Z,3.252,12.38,27.31,167
2025-12-28T18:31:20.073080911Z,3.25,12.29,27.3,167
2025-12-28T18:51:19.986406968Z,3.248,12.27,27.3,167
2025-12-28T19:11:19.914806135Z,3.248,12.19,27.18,166
2025-12-28T19:31:19.835696196Z,3.248,12.17,27.18,165
2025-12-28T19:51:19.765062987Z,3.246,12.09,27.17,166
2025-12-28T20:11:19.694281830Z,3.246,12.08,27.11,164
2025-12-28T20:31:19.616294278Z,3.244,12.02,27.05,165
2025-12-28T20:51:19.554918126Z,3.244,11.98,27.05,164
2025-12-28T21:11:19.503399797Z,3.244,11.98,27.04,163
2025-12-28T21:31:19.407278841Z,3.241,11.98,26.97,163
2025-12-28T21:51:19.342829631Z,3.239,11.93,26.92,163
2025-12-28T22:11:19.256399795Z,3.235,11.88,26.92,162
2025-12-28T22:31:19.184235775Z,3.239,11.87,26.92,162
2025-12-28T22:51:19.117142152Z,3.241,11.79,26.89,161
2025-12-28T23:11:19.056857040Z,3.237,11.77,26.83,161
2025-12-28T23:31:18.987722488Z,3.239,11.67,26.79,161
2025-12-28T23:51:18.905695590Z,3.237,11.65,26.79,160
2025-12-29T00:11:18.834102102Z,3.239,11.57,26.79,160
2025-12-29T00:31:18.763332950Z,3.237,11.54,26.78,159
2025-12-29T00:51:18.696408711Z,3.237,11.46,26.75,159
2025-12-29T01:11:18.619170928Z,3.237,11.46,26.67,159
2025-12-29T01:31:18.537223738Z,3.248,11.45,26.66,159
2025-12-29T01:51:18.473902614Z,3.237,11.44,26.66,158
2025-12-29T02:11:18.426456657Z,3.237,11.44,26.65,158
2025-12-29T02:31:18.324674956Z,3.237,11.43,26.59,158
2025-12-29T02:51:18.257445041Z,3.239,11.4,26.55,158
2025-12-29T03:11:18.184237801Z,3.235,11.39,26.54,157
2025-12-29T03:31:18.118160530Z,3.233,11.42,26.54,157
2025-12-29T03:51:18.034733382Z,3.246,11.45,26.53,157
2025-12-29T04:11:17.978504804Z,3.233,11.46,26.48,156
2025-12-29T04:31:17.913678180Z,3.231,11.46,26.45,156
2025-12-29T04:51:17.833178784Z,3.229,11.42,26.47,156
2025-12-29T05:11:17.768189726Z,3.233,11.36,26.44,156
2025-12-29T05:31:17.687402214Z,3.231,11.3,26.42,155
2025-12-29T05:51:17.616644289Z,3.235,11.26,26.42,155
2025-12-29T06:11:17.554061806Z,3.235,11.23,26.42,155
2025-12-29T06:31:17.487810311Z,3.229,11.19,26.41,154
2025-12-29T06:51:17.423040474Z,3.233,11.15,26.41,154
2025-12-29T07:11:17.344881570Z,3.241,11.13,26.4,154
2025-12-29T07:31:17.275515729Z,3.235,11.05,26.35,154
2025-12-29T07:51:17.208696470Z,3.233,11.04,26.3,153
2025-12-29T08:11:17.150694895Z,3.229,10.98,26.29,153
2025-12-29T08:31:17.066703451Z,3.229,11.04,26.24,153
2025-12-29T08:51:17.005529383Z,3.231,11.1,26.17,153
2025-12-29T09:11:16.916785419Z,3.239,11.19,26.17,153
2025-12-29T09:31:16.846156848Z,3.248,11.35,25.93,153
2025-12-29T09:51:16.769481563Z,3.244,11.57,25.93,153
2025-12-29T10:11:16.701036482Z,3.246,11.81,25.95,152
2025-12-29T10:31:16.623093204Z,3.252,11.88,25.95,152
2025-12-29T10:51:16.546298768Z,3.254,11.98,25.95,152
2025-12-29T11:11:16.466620308Z,3.248,12.01,25.93,152
2025-12-29T11:31:16.405659436Z,3.25,12.09,25.84,152
2025-12-29T11:51:16.333599738Z,3.256,12.19,25.83,152
2025-12-29T12:11:16.244071366Z,3.265,12.37,25.71,152
2025-12-29T12:31:16.180065306Z,3.26,12.6,25.72,152
2025-12-29T12:51:15.937930099Z,3.256,12.8,25.71,151
2025-12-29T13:11:15.838069121Z,3.267,12.91,25.66,151
2025-12-29T13:31:15.917406634Z,3.258,13.04,25.62,151
2025-12-29T13:51:15.845184826Z,3.26,13.13,25.6,151
2025-12-29T14:11:15.634805Z,3.262,13.22,25.6,151
2025-12-29T14:31:15.685266698Z,3.262,13.32,25.61,150
2025-12-29T14:51:15.618397573Z,3.262,13.34,25.6,150
2025-12-29T15:11:15.538452264Z,3.26,13.42,25.58,150
2025-12-29T15:31:15.456882978Z,3.256,13.42,25.55,150
2025-12-29T15:51:15.390879361Z,3.26,13.42,25.51,150
2025-12-29T16:11:15.309804870Z,3.26,13.42,25.51,149
2025-12-29T16:31:15.262916693Z,3.26,13.4,25.53,149
2025-12-29T16:51:15.157588285Z,3.258,13.32,25.51,149
2025-12-29T17:11:15.100135034Z,3.262,13.26,25.52,148
2025-12-29T17:31:15.004600269Z,3.256,13.19,25.57,148
2025-12-29T17:51:14.936514290Z,3.252,13.08,25.59,148
2025-12-29T18:11:14.846013588Z,3.252,12.92,25.6,148
2025-12-29T18:31:14.796504901Z,3.252,12.8,25.6,147
2025-12-29T18:51:14.705626409Z,3.254,12.7,25.6,147
2025-12-29T19:11:14.634567573Z,3.244,12.59,25.6,147
2025-12-29T19:31:14.573485195Z,3.241,12.49,25.59,146
2025-12-29T19:51:14.495663659Z,3.248,12.37,25.59,146
2025-12-29T20:11:14.414613460Z,3.246,12.26,25.59,146
2025-12-29T20:31:14.354986498Z,3.237,12.16,25.59,145
2025-12-29T20:51:14.283788552Z,3.239,12.05,25.59,146
2025-12-29T21:11:14.223020637Z,3.235,11.98,25.59,145
2025-12-29T21:31:14.147999720Z,3.235,11.88,25.58,145
2025-12-29T21:51:14.077544538Z,3.233,11.77,25.58,144
2025-12-29T22:11:14.016145192Z,3.235,11.67,25.57,144
2025-12-29T22:31:13.939175768Z,3.233,11.61,25.56,144
2025-12-29T22:51:13.868207053Z,3.233,11.55,25.55,144
2025-12-29T23:11:13.806893412Z,3.233,11.46,25.53,144
2025-12-29T23:31:13.727694104Z,3.231,11.36,25.49,143
2025-12-29T23:51:13.662786001Z,3.233,11.33,25.47,143
2025-12-30T00:11:13.584609827Z,3.231,11.26,25.46,143
2025-12-30T00:31:13.515890855Z,3.229,11.2,25.46,143
2025-12-30T00:51:13.448146367Z,3.227,11.15,25.46,142
2025-12-30T01:11:13.393285683Z,3.225,11.11,25.46,142
2025-12-30T01:11:13.393285683Z,3.225,11.11,25.46,142
2025-12-30T01:31:13.310789706Z,3.231,11.05,25.46,142
2025-12-30T01:31:13.310789706Z,3.231,11.05,25.46,142
2025-12-30T01:51:13.239702920Z,3.227,10.96,25.45,142
2025-12-30T02:11:13.170843325Z,3.227,10.94,25.45,142
2025-12-30T02:31:13.097854199Z,3.237,10.84,25.45,142
2025-12-30T02:51:13.039462874Z,3.221,10.81,25.45,141
2025-12-30T03:11:12.970192167Z,3.227,10.74,25.44,141
2025-12-30T03:31:12.899451916Z,3.227,10.72,25.38,141
2025-12-30T03:51:12.837414585Z,3.227,10.68,25.34,141
2025-12-30T04:11:12.773316531Z,3.227,10.67,25.33,140
2025-12-30T04:31:12.687909870Z,3.233,10.69,25.33,140
2025-12-30T04:51:12.625776428Z,3.231,10.72,25.33,140
2025-12-30T05:11:12.550288440Z,3.227,10.73,25.33,140
2025-12-30T05:31:12.484753010Z,3.229,10.72,25.33,140
2025-12-30T05:51:12.418727374Z,3.227,10.68,25.33,140
2025-12-30T06:11:12.342046523Z,3.237,10.63,25.33,140
2025-12-30T06:31:12.277942590Z,3.223,10.61,25.33,139
2025-12-30T06:51:12.198081939Z,3.227,10.53,25.32,139
2025-12-30T07:11:12.136259881Z,3.227,10.48,25.33,139
2025-12-30T07:31:12.079160148Z,3.229,10.43,25.31,138
2025-12-30T07:51:12.019800256Z,3.223,10.33,25.27,139
2025-12-30T08:11:11.938191215Z,3.223,10.32,25.22,139
2025-12-30T08:31:11.859668502Z,3.227,10.32,25.21,139
2025-12-30T08:51:11.798449288Z,3.229,10.39,25.14,138
2025-12-30T09:11:11.733363530Z,3.233,10.52,25.1,138
2025-12-30T09:11:11.733363530Z,3.233,10.52,25.1,138
2025-12-30T09:31:11.649247023Z,3.235,10.67,24.75,139
2025-12-30T09:51:11.568215060Z,3.237,11.1,24.75,139
2025-12-30T09:51:11.568215060Z,3.237,11.1,24.75,139
2025-12-30T10:11:11.503281195Z,3.235,11.37,24.87,138
2025-12-30T10:31:11.425037360Z,3.241,11.47,24.87,138
2025-12-30T10:51:11.355710835Z,3.244,11.57,24.87,138
2025-12-30T11:11:11.281783407Z,3.246,11.68,24.79,138
2025-12-30T11:31:11.203131840Z,3.248,11.83,24.75,137
2025-12-30T11:51:11.124547769Z,3.252,11.98,24.75,138
2025-12-30T12:11:11.039565058Z,3.256,12.18,24.66,138
2025-12-30T12:31:10.970596636Z,3.262,12.31,24.64,137
2025-12-30T12:51:10.877686448Z,3.262,12.51,24.64,138
2025-12-30T13:11:10.404816367Z,3.219,12.71,24.64,137
2025-12-30T13:31:10.559200303Z,3.262,12.89,24.64,137
2025-12-30T13:51:09.973981900Z,3.208,13,24.61,137
2025-12-30T14:11:10.564507678Z,3.265,13.05,24.52,137
2025-12-30T14:11:10.564507678Z,3.265,13.05,24.52,137
2025-12-30T14:31:10.107544012Z,3.212,13.14,24.64,137
2025-12-30T14:51:10.405562545Z,3.271,13.29,24.65,136
2025-12-30T15:11:10.164936587Z,3.267,13.32,24.6,136
2025-12-30T15:31:10.244449508Z,3.267,13.32,24.53,136
2025-12-30T15:51:10.175395905Z,3.265,13.32,24.41,136
2025-12-30T16:11:10.087962451Z,3.265,13.34,24.41,135
2025-12-30T16:31:10.017585243Z,3.262,13.42,24.41,135
2025-12-30T16:51:09.938600573Z,3.262,13.42,24.41,135
2025-12-30T17:11:09.856932722Z,3.262,13.41,24.41,135
2025-12-30T17:31:09.791506540Z,3.256,13.32,24.41,134
2025-12-30T17:51:09.711922079Z,3.258,13.27,24.43,134
2025-12-30T18:11:09.624796412Z,3.258,13.19,24.43,134
2025-12-30T18:31:09.544686070Z,3.256,13.11,24.42,133
2025-12-30T18:31:09.544686070Z,3.256,13.11,24.42,133
2025-12-30T18:51:09.478094235Z,3.256,13.05,24.42,134
2025-12-30T18:51:09.478094235Z,3.256,13.05,24.42,134
2025-12-30T19:11:09.404536624Z,3.252,13.01,24.41,134
2025-12-30T19:11:09.404536624Z,3.252,13.01,24.41,134
2025-12-30T19:31:09.329886343Z,3.254,13.01,24.41,134
2025-12-30T19:31:09.329886343Z,3.254,13.01,24.41,134
2025-12-30T19:51:09.263007232Z,3.254,12.97,24.41,134
2025-12-30T20:11:09.177779731Z,3.254,12.94,24.41,134
2025-12-30T20:31:09.103266744Z,3.252,12.91,24.41,133
2025-12-30T20:51:09.025938698Z,3.252,12.91,24.4,133
2025-12-30T21:11:08.948308173Z,3.254,12.9,24.4,133
2025-12-30T21:31:08.888445988Z,3.252,12.88,24.4,133
2025-12-30T21:51:08.810694340Z,3.252,12.81,24.4,133
2025-12-30T22:11:08.731107723Z,3.25,12.8,24.4,132
2025-12-30T22:31:08.684953562Z,3.252,12.71,24.4,132
2025-12-30T22:51:08.590068660Z,3.246,12.65,24.41,132
2025-12-30T23:11:08.510303744Z,3.246,12.59,24.4,132
2025-12-30T23:31:08.439990341Z,3.237,12.5,24.41,132
2025-12-30T23:51:08.357281277Z,3.246,12.41,24.41,132
2025-12-31T00:11:08.300957549Z,3.244,12.38,24.4,132
2025-12-31T00:31:08.227500481Z,3.244,12.29,24.41,132
2025-12-31T00:51:08.156444180Z,3.235,12.2,24.41,131
2025-12-31T01:11:08.081513011Z,3.239,12.16,24.42,131
2025-12-31T01:31:08.009654208Z,3.241,12.08,24.41,131
2025-12-31T01:51:07.939746453Z,3.239,11.98,24.41,131
2025-12-31T02:11:07.868426072Z,3.237,11.96,24.4,131
2025-12-31T02:31:07.790476219Z,3.239,11.88,24.4,131
2025-12-31T02:51:07.737789710Z,3.237,11.88,24.4,131
2025-12-31T03:11:07.650502752Z,3.239,11.83,24.4,131
2025-12-31T03:31:07.599178341Z,3.239,11.79,24.4,131
2025-12-31T03:51:07.510739189Z,3.237,11.77,24.4,130
2025-12-31T04:11:07.452037607Z,3.237,11.77,24.4,130
2025-12-31T04:31:07.364879282Z,3.235,11.74,24.34,130
2025-12-31T04:51:07.301211157Z,3.235,11.77,24.29,130
2025-12-31T05:11:07.227769583Z,3.237,11.77,24.28,130
2025-12-31T05:31:07.167617238Z,3.237,11.78,24.28,130
2025-12-31T05:51:07.086621752Z,3.248,11.79,24.28,130
2025-12-31T06:11:07.014712082Z,3.241,11.79,24.28,130
2025-12-31T06:31:06.936790559Z,3.239,11.79,24.28,130
2025-12-31T06:51:06.858027077Z,3.244,11.81,24.27,129
2025-12-31T07:11:06.778423162Z,3.241,11.86,24.24,129
2025-12-31T07:31:06.711927954Z,3.241,11.88,24.2,129
2025-12-31T07:51:06.639592810Z,3.241,11.89,24.18,129
2025-12-31T08:11:06.577510149Z,3.241,11.96,24.16,129
2025-12-31T08:31:06.493596096Z,3.25,11.98,24.16,129
2025-12-31T08:51:06.418765175Z,3.244,12.08,24.14,129
2025-12-31T09:11:06.367950654Z,3.246,12.18,24.05,129
2025-12-31T09:31:06.269694393Z,3.25,12.29,24.05,129
2025-12-31T09:51:06.197935554Z,3.25,12.41,24.05,129
2025-12-31T10:11:06.106199251Z,3.246,12.55,24.01,129
2025-12-31T10:31:06.038077520Z,3.254,12.7,23.93,129
2025-12-31T10:51:05.796731852Z,3.252,12.9,23.93,128
2025-12-31T11:11:05.875993917Z,3.254,13.05,23.87,129
2025-12-31T11:31:05.805771645Z,3.26,13.22,23.81,128
2025-12-31T11:51:05.587225617Z,3.26,13.44,23.71,129
2025-12-31T12:11:05.638022763Z,3.267,13.73,23.69,129
2025-12-31T12:31:05.565855010Z,3.267,13.92,23.69,128
2025-12-31T12:51:05.323703831Z,3.265,14.04,23.69,128
2025-12-31T13:11:05.407659359Z,3.267,14.14,23.69,128
2025-12-31T13:31:05.334457987Z,3.277,14.23,23.68,128
2025-12-31T13:51:05.108586954Z,3.267,14.34,23.6,128
2025-12-31T14:11:05.167783995Z,3.267,14.45,23.57,128
2025-12-31T14:31:05.101302098Z,3.269,14.54,23.57,128
2025-12-31T14:51:05.004572033Z,3.275,14.64,23.57,127
2025-12-31T15:11:04.937852982Z,3.273,14.7,23.57,127
2025-12-31T15:31:04.837073472Z,3.271,14.76,23.56,127
2025-12-31T15:51:04.758556807Z,3.273,14.76,23.56,127
2025-12-31T16:11:04.681882095Z,3.267,14.82,23.54,127
2025-12-31T16:31:04.610722312Z,3.28,14.86,23.5,127
2025-12-31T16:51:04.527873602Z,3.269,14.86,23.55,127
2025-12-31T17:11:04.440763746Z,3.265,14.86,23.56,126
2025-12-31T17:31:04.371836618Z,3.269,14.81,23.57,126
2025-12-31T17:51:04.290239447Z,3.262,14.76,23.57,126
2025-12-31T18:11:04.210805115Z,3.267,14.67,23.57,126
2025-12-31T18:31:04.139736710Z,3.262,14.61,23.58,126
2025-12-31T18:51:04.047859946Z,3.262,14.51,23.57,126
2025-12-31T19:11:03.986646500Z,3.262,14.43,23.57,125
2025-12-31T19:31:03.926516314Z,3.256,14.35,23.57,125
2025-12-31T19:51:03.828495251Z,3.26,14.31,23.58,125
2025-12-31T20:11:03.750998749Z,3.262,14.26,23.57,125
2025-12-31T20:31:03.679553002Z,3.256,14.25,23.77,129
2025-12-31T20:51:03.594552941Z,3.258,14.24,23.57,125
2025-12-31T21:11:03.530019838Z,3.258,14.24,23.56,125
2025-12-31T21:31:03.448192163Z,3.256,14.23,23.57,125
2025-12-31T21:51:03.377939828Z,3.256,14.22,23.57,125
2025-12-31T22:11:03.313394190Z,3.258,14.19,23.81,130
2025-12-31T22:31:03.218933928Z,3.258,14.15,23.57,125
2025-12-31T22:51:03.152809444Z,3.256,14.14,23.69,126
2025-12-31T23:11:03.074998181Z,3.254,14.14,23.6,125
2025-12-31T23:31:02.995452225Z,3.252,14.14,23.57,125
2025-12-31T23:51:02.918340351Z,3.254,14.14,23.68,126
2026-01-01T00:11:02.836271899Z,3.252,14.14,23.57,125
2026-01-01T00:31:02.769993664Z,3.256,14.1,23.57,125
2026-01-01T00:51:02.695733520Z,3.248,14.04,23.57,125
2026-01-01T01:11:02.617536914Z,3.25,13.94,24.02,130
2026-01-01T01:31:02.537030135Z,3.25,13.83,24.17,132
2026-01-01T01:51:02.486489995Z,3.246,13.73,24.17,133
2026-01-01T02:11:02.388677875Z,3.248,13.64,24.27,132
2026-01-01T02:31:02.322973165Z,3.248,13.54,24.17,131
2026-01-01T02:51:02.257111342Z,3.25,13.45,24.08,131
2026-01-01T03:11:02.172203303Z,3.248,13.39,24.05,130
2026-01-01T03:31:02.098716218Z,3.254,13.31,24.05,130
2026-01-01T03:51:02.022985576Z,3.25,13.22,24.17,131
2026-01-01T04:11:01.945537155Z,3.25,13.11,24.05,130
2026-01-01T04:31:01.877700119Z,3.26,13.06,23.99,129
2026-01-01T04:51:01.809293481Z,3.248,13.01,24.05,130
2026-01-01T05:11:01.741020782Z,3.246,13.01,24.05,132
2026-01-01T05:31:01.654533017Z,3.258,13.68,53.78,576
2026-01-01T05:51:01.595334639Z,3.248,13.94,54.27,591
2026-01-01T06:11:01.506085590Z,3.246,13.93,29.03,211
2026-01-01T06:31:01.437695934Z,3.246,13.73,27.93,195
2026-01-01T06:51:01.376345195Z,3.244,13.58,27.52,189
2026-01-01T07:11:01.291088971Z,3.241,13.42,27.3,185
2026-01-01T07:31:01.207132858Z,3.241,13.32,27.03,182
2026-01-01T07:51:01.152750539Z,3.241,13.22,26.83,180
2026-01-01T08:11:01.068542708Z,3.246,13.22,26.7,178
2026-01-01T08:31:01.016616740Z,3.248,13.22,26.58,177
2026-01-01T08:51:00.944322700Z,3.246,13.27,26.46,177
2026-01-01T09:11:00.854472872Z,3.252,13.32,26.48,178
2026-01-01T09:31:00.780377468Z,3.254,13.51,26.45,183
2026-01-01T09:51:00.691847696Z,3.25,13.94,26.47,185
2026-01-01T10:11:00.608479115Z,3.254,14.24,25.92,173
2026-01-01T10:31:00.534526259Z,3.258,14.28,25.86,171
2026-01-01T10:51:00.470099109Z,3.26,14.35,25.87,172
2026-01-01T11:11:00.391462711Z,3.262,14.45,25.75,171
2026-01-01T11:31:00.294024022Z,3.265,14.55,25.72,171
2026-01-01T11:51:00.211086306Z,3.269,14.66,25.63,171
2026-01-01T12:11:00.145057880Z,3.271,14.85,25.52,170
2026-01-01T12:31:00.056242500Z,3.277,14.97,25.51,170
2026-01-01T12:50:59.961998277Z,3.282,15.16,25.39,168
2026-01-01T13:10:59.892988236Z,3.275,15.27,25.39,169
2026-01-01T13:30:59.814884216Z,3.28,15.45,25.3,168
2026-01-01T13:50:59.731063441Z,3.28,15.53,25.27,168
2026-01-01T14:10:59.645370468Z,3.284,15.6,25.27,167
2026-01-01T14:30:59.564952748Z,3.282,15.68,25.17,166
2026-01-01T14:50:59.482033054Z,3.286,15.68,25.15,165
2026-01-01T15:10:59.033079512Z,3.229,15.76,25.08,164
2026-01-01T15:30:59.322166469Z,3.288,15.78,25.15,165
2026-01-01T15:50:58.591822619Z,3.227,15.8,25.15,165
2026-01-01T16:10:58.769191160Z,3.231,15.88,25.14,165
2026-01-01T16:30:59.084944137Z,3.282,15.88,25.04,164
2026-01-01T16:50:59.003034191Z,3.275,15.88,25.03,163
2026-01-01T17:10:58.924643650Z,3.282,15.8,25.03,163
2026-01-01T17:30:58.672364731Z,3.273,15.74,25.03,162
2026-01-01T17:50:58.751671421Z,3.275,15.58,25.03,161
2026-01-01T18:10:58.026104391Z,3.214,15.47,25.35,164
2026-01-01T18:30:58.596179675Z,3.271,15.27,25.51,166
2026-01-01T18:50:58.534744173Z,3.271,15.16,25.78,170
2026-01-01T19:10:58.441055383Z,3.267,14.97,26,176
2026-01-01T19:30:58.371516138Z,3.269,14.86,26,176
2026-01-01T19:50:58.293506311Z,3.267,14.76,26,176
2026-01-01T20:10:58.221709870Z,3.265,14.65,26,175
2026-01-01T20:30:58.146080130Z,3.262,14.55,26.06,175
2026-01-01T20:50:58.053478605Z,3.26,14.45,26.1,176
2026-01-01T21:10:57.997897197Z,3.262,14.35,26.11,176
2026-01-01T21:30:57.755860731Z,3.265,14.29,26.21,177
2026-01-01T21:50:57.840041861Z,3.26,14.23,26.12,176
2026-01-01T22:10:57.753467853Z,3.258,14.14,26.11,175
2026-01-01T22:30:57.667851223Z,3.258,14.04,26.23,177
2026-01-01T22:50:57.598455753Z,3.269,13.94,26.19,177
2026-01-01T23:10:57.521520019Z,3.258,13.85,26.17,176
2026-01-01T23:30:57.447903424Z,3.256,13.78,26.23,177
2026-01-01T23:50:57.365449232Z,3.256,13.72,26.33,178
2026-01-02T00:10:57.312602108Z,3.256,13.63,26.22,177
2026-01-02T00:30:57.256224061Z,3.252,13.53,26.22,177
2026-01-02T00:50:57.163185735Z,3.256,13.49,26.22,177
2026-01-02T01:10:57.068673244Z,3.254,13.42,26.19,177
2026-01-02T01:30:57.005253255Z,3.254,13.35,26.18,177
2026-01-02T01:50:56.919285810Z,3.252,13.32,26.1,176
2026-01-02T02:10:56.846161191Z,3.254,13.28,26.09,176
2026-01-02T02:30:56.775228051Z,3.254,13.22,26.09,176
2026-01-02T02:50:56.685396326Z,3.258,13.22,25.97,176
2026-01-02T03:10:56.446153803Z,3.262,13.22,25.97,176
2026-01-02T03:30:56.528542647Z,3.265,13.22,26.09,177
2026-01-02T03:50:56.455643651Z,3.262,13.22,26.09,177
2026-01-02T04:10:56.385223622Z,3.265,13.22,26.1,179
2026-01-02T04:30:56.298485275Z,3.265,13.22,25.97,176
2026-01-02T04:50:56.227377643Z,3.267,13.22,25.96,176
2026-01-02T05:10:56.124619837Z,3.265,13.22,25.97,176
2026-01-02T05:30:56.067623280Z,3.267,13.22,25.97,174
2026-01-02T05:50:55.977563773Z,3.267,13.22,26.05,174
2026-01-02T06:10:55.905474908Z,3.258,13.14,26.09,175
2026-01-02T06:30:55.826674607Z,3.252,13.11,26.08,175
2026-01-02T06:50:55.616812215Z,3.262,13.11,25.94,174
2026-01-02T07:10:55.682902389Z,3.262,13.11,25.84,173
2026-01-02T07:30:55.614529066Z,3.265,13.11,25.84,173
2026-01-02T07:50:55.355344406Z,3.265,13.11,25.9,175
2026-01-02T08:10:55.438544978Z,3.265,13.11,25.84,174
2026-01-02T08:30:55.355817017Z,3.26,13.11,25.84,174
2026-01-02T08:50:55.281899893Z,3.271,13.11,25.72,173
2026-01-02T09:10:55.204526804Z,3.273,13.18,25.48,170
2026-01-02T09:30:55.131969119Z,3.267,13.24,25.41,170
2026-01-02T09:50:55.052174102Z,3.277,13.32,25.6,171
2026-01-02T10:10:54.953644930Z,3.267,13.34,25.61,172
2026-01-02T10:30:54.877688451Z,3.269,13.42,25.61,172
2026-01-02T10:50:54.810833875Z,3.271,13.48,25.5,171
2026-01-02T11:10:54.576786898Z,3.267,13.58,25.49,172
2026-01-02T11:30:54.657923608Z,3.273,13.73,25.41,172
2026-01-02T11:50:54.551093470Z,3.277,13.96,25.37,172
2026-01-02T12:10:54.477438526Z,3.282,14.16,25.29,172
2026-01-02T12:30:54.392719499Z,3.282,14.35,25.26,172
2026-01-02T12:50:54.312126727Z,3.28,14.49,25.26,171
2026-01-02T13:10:54.248196222Z,3.28,14.59,25.19,170
2026-01-02T13:30:54.152341268Z,3.282,14.65,25.14,171
2026-01-02T13:50:53.940457617Z,3.28,14.76,25.14,170
2026-01-02T14:10:53.986810374Z,3.288,14.86,25.13,169
2026-01-02T14:30:53.908747642Z,3.286,14.96,25.06,169
2026-01-02T14:50:53.839019512Z,3.282,15.06,25.1,170
2026-01-02T15:10:53.354921792Z,3.231,15.14,25.03,169
2026-01-02T15:30:53.669903686Z,3.282,15.15,25.03,168
2026-01-02T15:50:53.592874563Z,3.286,15.08,24.98,167
2026-01-02T16:10:53.514890756Z,3.284,15.06,25.03,169
2026-01-02T16:30:53.433072010Z,3.282,15.04,24.93,166
2026-01-02T16:50:53.350771766Z,3.284,14.96,24.9,165
2026-01-02T17:10:53.268480027Z,3.282,14.91,24.9,165
2026-01-02T17:30:53.182131056Z,3.282,14.86,24.92,165
2026-01-02T17:50:53.105799612Z,3.28,14.76,24.9,164
2026-01-02T18:10:53.015839891Z,3.271,14.68,24.9,164
2026-01-02T18:30:52.961651105Z,3.275,14.62,24.9,163
2026-01-02T18:50:52.893371236Z,3.28,14.55,24.9,163
2026-01-02T19:10:52.779206698Z,3.28,14.45,24.89,162
2026-01-02T19:30:52.703289727Z,3.271,14.44,24.9,162
2026-01-02T19:50:52.624578750Z,3.275,14.37,24.9,163
2026-01-02T20:10:52.545556360Z,3.271,14.35,24.9,163
2026-01-02T20:30:52.340013225Z,3.269,14.33,25.06,164
2026-01-02T20:50:52.385764020Z,3.273,14.25,25.07,164
2026-01-02T21:10:52.315141217Z,3.262,14.24,25.01,163
2026-01-02T21:30:52.235207653Z,3.267,14.24,24.9,162
2026-01-02T21:50:52.154976779Z,3.262,14.24,24.77,160
2026-01-02T22:10:52.063217745Z,3.267,14.24,24.96,162
2026-01-02T22:30:52.000214871Z,3.258,14.24,24.9,162
2026-01-02T22:50:51.936547066Z,3.26,14.24,24.9,162
2026-01-02T23:10:51.693393291Z,3.254,14.23,24.89,160
2026-01-02T23:30:51.779907817Z,3.26,14.14,24.8,159
2026-01-02T23:50:51.705213596Z,3.254,14.11,24.93,160
2026-01-03T00:10:51.617465313Z,3.265,14.04,24.79,158
2026-01-03T00:30:51.543377211Z,3.252,13.94,24.85,157
2026-01-03T00:50:51.326025641Z,3.252,13.92,25,159
2026-01-03T01:10:51.393655829Z,3.256,13.83,25.01,159
2026-01-03T01:30:51.315511198Z,3.25,13.75,25.51,166
2026-01-03T01:50:51.242871947Z,3.25,13.7,26.84,189
2026-01-03T02:10:51.165661195Z,3.25,13.59,29.19,228
2026-01-03T02:30:51.112990527Z,3.246,13.51,30.62,248
2026-01-03T02:50:51.017537701Z,3.248,13.42,32.5,271
2026-01-03T03:10:50.954640096Z,3.248,13.34,33.15,268
2026-01-03T03:30:50.873877596Z,3.248,13.3,34.23,268
2026-01-03T03:50:50.813372954Z,3.248,13.13,34.22,246
2026-01-03T04:10:50.724196702Z,3.248,13.08,32.52,226
2026-01-03T04:30:50.656123719Z,3.248,13.01,31.84,218
2026-01-03T04:50:50.596505333Z,3.252,13,31.2,210
2026-01-03T05:10:50.517145539Z,3.241,12.94,30.67,203
2026-01-03T05:30:50.445104282Z,3.246,12.91,30.3,198
2026-01-03T05:50:50.382680546Z,3.25,12.91,29.86,193
2026-01-03T06:10:50.296886130Z,3.254,12.91,29.58,190
2026-01-03T06:30:50.225760067Z,3.248,12.9,29.3,186
2026-01-03T06:50:50.154163728Z,3.25,12.88,29.06,184
2026-01-03T07:10:50.074765308Z,3.252,12.83,28.89,182
2026-01-03T07:30:49.998603141Z,3.241,12.8,28.75,180
2026-01-03T07:50:49.933334949Z,3.246,12.8,28.62,179
2026-01-03T08:10:49.866167302Z,3.25,12.72,28.57,178
2026-01-03T08:30:49.775212979Z,3.248,12.7,28.48,177
2026-01-03T08:50:49.718097955Z,3.246,12.7,28.35,176
2026-01-03T09:10:49.624232122Z,3.25,12.7,27.57,166
2026-01-03T09:30:49.575911258Z,3.254,12.89,27.19,167
2026-01-03T09:50:49.474525841Z,3.254,13.32,27.08,167
2026-01-03T10:10:49.394603410Z,3.258,13.73,27.22,165
2026-01-03T10:30:49.326136693Z,3.258,13.83,27.22,163
2026-01-03T10:50:49.246552543Z,3.258,13.94,27.22,162
2026-01-03T11:10:49.165812737Z,3.258,13.94,27.2,161
2026-01-04T00:10:46.183335270Z,3.26,13.02,26.45,148
2026-01-04T00:30:46.146242948Z,3.267,13.03,26.82,150
2026-01-04T00:50:46.042561251Z,3.267,13.05,26.82,151
2026-01-04T01:10:45.966724061Z,3.267,13.1,26.82,151
2026-01-04T01:30:45.886988227Z,3.269,13.11,26.79,151
2026-01-04T01:50:45.804482575Z,3.269,13.11,26.76,151
2026-01-04T02:10:45.728581903Z,3.269,13.11,26.71,151
2026-01-04T02:30:45.667406579Z,3.273,13.11,26.7,151
2026-01-04T02:50:45.584234072Z,3.273,13.11,26.7,151
2026-01-04T03:10:45.514551248Z,3.275,13.12,26.7,150
2026-01-04T03:30:45.430324059Z,3.277,13.13,26.69,150
2026-01-04T03:50:45.358819089Z,3.271,13.15,26.67,150
2026-01-04T04:10:45.270398063Z,3.28,13.17,26.73,151
2026-01-04T04:30:45.206918043Z,3.284,13.18,27.33,156
2026-01-04T04:50:45.139783077Z,3.275,13.19,27.97,162
2026-01-04T05:10:45.067419521Z,3.277,13.16,28.9,170
2026-01-04T05:30:45.025144825Z,3.271,13.11,28.9,172
2026-01-04T05:50:44.914824578Z,3.273,13.11,28.89,172
2026-01-04T06:10:44.836618137Z,3.282,13.06,28.76,172
2026-01-04T06:30:44.771325432Z,3.277,13.01,28.71,171
2026-01-04T06:50:44.701042839Z,3.277,13.01,28.62,171
2026-01-04T07:10:44.617377666Z,3.275,13.01,28.83,172
2026-01-04T07:30:44.549161193Z,3.28,13.05,29.31,177
2026-01-04T07:50:44.466363705Z,3.282,13.11,29.31,177
2026-01-04T08:10:44.391851076Z,3.28,13.11,29.26,176
2026-01-04T08:30:44.298398691Z,3.284,13.12,29.17,176
2026-01-04T08:50:44.235795846Z,3.28,13.16,29.04,175
2026-01-04T09:10:44.161535356Z,3.282,13.22,28.9,173
2026-01-04T09:30:44.077639159Z,3.292,13.32,28.77,173
2026-01-04T09:50:44.011882781Z,3.292,13.42,28.64,172
2026-01-04T10:10:43.932580446Z,3.288,13.62,28.54,171
2026-01-04T10:30:43.853784993Z,3.284,13.73,28.51,171
2026-01-04T10:50:43.768579377Z,3.29,13.83,28.39,169
2026-01-04T11:10:43.694223467Z,3.286,13.94,28.39,169
2026-01-04T11:30:43.621646770Z,3.288,13.94,28.29,168
2026-01-04T11:50:43.536518900Z,3.286,14.03,28.27,167
2026-01-04T12:10:43.472544257Z,3.286,14.04,28.67,171
2026-01-04T12:30:43.384364118Z,3.288,14.04,28.94,173
2026-01-04T12:50:43.315344182Z,3.282,14.12,28.94,174
2026-01-04T13:10:43.245479950Z,3.28,14.16,28.94,175
2026-01-04T13:30:43.156101644Z,3.284,14.25,28.9,175
2026-01-04T13:50:43.090347627Z,3.286,14.35,29.29,179
2026-01-04T14:10:42.611117040Z,3.231,14.51,29.37,180
2026-01-04T14:30:42.915017981Z,3.284,14.68,29.24,179
2026-01-04T14:50:42.849745140Z,3.284,14.76,29.12,178
2026-01-04T15:10:42.606355542Z,3.282,14.76,29.1,177
2026-01-04T15:30:42.683761943Z,3.271,14.76,28.97,175
2026-01-04T15:50:42.609883827Z,3.277,14.76,28.84,174
2026-01-04T16:10:42.524982224Z,3.28,14.75,28.83,173
2026-01-04T16:30:42.074800317Z,3.223,14.66,28.7,171
2026-01-04T16:50:42.375451166Z,3.273,14.65,28.68,171
2026-01-04T17:10:42.294706285Z,3.273,14.61,28.56,171
2026-01-04T17:30:42.227547879Z,3.273,14.55,28.55,171
2026-01-04T17:50:42.160083727Z,3.269,14.45,28.51,170
2026-01-04T18:10:42.075576947Z,3.277,14.35,28.41,170
2026-01-04T18:30:41.997662050Z,3.262,14.25,28.4,169
2026-01-04T18:50:41.918057336Z,3.269,14.17,28.36,169
2026-01-04T19:10:41.849579184Z,3.262,14.14,28.27,169
2026-01-04T19:30:41.780938264Z,3.265,14.04,28.26,168
2026-01-04T19:50:41.695594041Z,3.262,14.04,28.26,167
2026-01-04T20:10:41.622543038Z,3.265,14.04,28.18,167
2026-01-04T20:30:41.544542491Z,3.258,13.99,28.13,166
2026-01-04T20:50:41.477644509Z,3.258,13.95,28.13,167
2026-01-04T21:10:41.406082957Z,3.265,13.95,28.04,166
2026-01-04T21:30:41.327105873Z,3.258,13.94,28,166
2026-01-04T21:50:41.250675407Z,3.26,13.94,28,166
2026-01-04T22:10:41.175112036Z,3.254,13.94,28.13,166
2026-01-04T22:30:41.099372579Z,3.265,13.94,29.01,173
2026-01-04T22:50:41.033980359Z,3.258,13.93,29.07,175
2026-01-04T23:10:40.947118135Z,3.262,13.91,29.07,175
2026-01-04T23:30:40.887594824Z,3.262,13.87,29.07,175
2026-01-04T23:50:40.798258548Z,3.258,13.84,28.97,175
2026-01-05T00:10:40.727715387Z,3.258,13.83,29.2,176
2026-01-05T00:30:40.644978274Z,3.258,13.83,29.39,179
2026-01-05T00:50:40.574550165Z,3.254,13.83,29.47,179
2026-01-05T01:10:40.486374095Z,3.256,13.82,29.62,181
2026-01-05T01:30:40.425798969Z,3.256,13.79,30.2,186
2026-01-05T01:50:40.354384657Z,3.26,13.74,30.87,192
2026-01-05T02:10:40.281698109Z,3.258,13.73,33.03,206
2026-01-05T02:30:40.198106063Z,3.26,13.73,32.4,198
2026-01-05T02:50:40.134945077Z,3.252,13.73,31.63,189
2026-01-05T03:10:40.053638774Z,3.254,13.71,31.09,183
2026-01-05T03:30:39.973970420Z,3.248,13.69,30.63,179
2026-01-05T03:50:39.905542283Z,3.248,13.68,30.48,177
2026-01-05T04:10:39.833927562Z,3.248,13.68,30.22,174
2026-01-05T04:30:39.753177160Z,3.26,13.66,29.95,172
2026-01-05T04:50:39.695939138Z,3.252,13.66,29.77,170
2026-01-05T05:10:39.609406662Z,3.252,13.65,29.9,171
2026-01-05T05:30:39.534431286Z,3.254,13.63,30.62,176
2026-01-05T05:50:39.465358176Z,3.256,13.63,30.48,174
2026-01-05T06:10:39.394322337Z,3.25,13.63,30.33,173
2026-01-05T06:30:39.312937669Z,3.258,13.6,30.06,170
2026-01-05T06:50:39.234871857Z,3.246,13.52,29.89,169
2026-01-05T07:10:39.153824426Z,3.258,13.52,29.75,167
2026-01-05T07:30:39.083314238Z,3.25,13.52,29.61,166
2026-01-05T07:50:38.874786001Z,3.248,13.51,29.47,164
2026-01-05T08:10:38.942763561Z,3.248,13.52,29.33,164
2026-01-05T08:30:38.869267341Z,3.246,13.52,29.2,163
2026-01-05T08:50:38.793543246Z,3.25,13.53,29.19,163
2026-01-05T09:10:38.717123319Z,3.248,13.61,29.06,161
2026-01-05T09:30:38.637388539Z,3.25,13.64,28.92,161
2026-01-05T09:50:38.563890490Z,3.25,13.78,28.82,160
2026-01-05T10:10:38.488195058Z,3.254,13.91,28.79,159
2026-01-05T10:30:38.425793177Z,3.252,14.03,28.67,159
2026-01-05T10:50:38.336483128Z,3.252,14.14,28.58,158
2026-01-05T11:10:38.267173363Z,3.248,14.24,28.54,158
2026-01-05T11:30:38.187023973Z,3.256,14.4,28.68,157
2026-01-05T11:50:38.116390992Z,3.256,14.45,28.68,157
2026-01-05T12:10:38.047911695Z,3.26,14.56,28.55,157
2026-01-05T12:30:37.960209400Z,3.26,14.76,28.66,157
2026-01-05T12:50:37.876710271Z,3.258,14.86,28.56,156
2026-01-05T13:10:37.804743096Z,3.26,14.96,28.53,155
2026-01-05T13:30:37.716559022Z,3.258,14.99,28.43,155
2026-01-05T13:50:37.655779305Z,3.256,15.06,28.35,155
2026-01-05T14:10:37.572789456Z,3.258,15.07,28.3,155
2026-01-05T14:30:37.485721334Z,3.262,15.12,28.3,154
2026-01-05T14:50:37.407124432Z,3.258,15.07,28.23,153
2026-01-05T15:10:37.327239314Z,3.26,15.06,28.19,152
2026-01-05T15:30:37.267309260Z,3.256,14.96,28.16,151
2026-01-05T15:50:37.177216546Z,3.26,14.86,28.15,151
2026-01-05T16:10:37.091757113Z,3.254,14.86,28.14,150
2026-01-05T16:30:37.025196106Z,3.258,14.76,28.14,150
2026-01-05T16:50:36.951583592Z,3.256,14.65,28.06,149
2026-01-05T17:10:36.878451832Z,3.254,14.54,28.02,149
2026-01-05T17:30:36.806797693Z,3.254,14.42,28.01,149
2026-01-05T17:50:36.727776522Z,3.26,14.28,28.01,148
2026-01-05T18:10:36.644403913Z,3.252,14.14,28,148
2026-01-05T18:30:36.579201844Z,3.25,14.04,27.98,148
2026-01-05T18:50:36.493685344Z,3.248,13.94,27.9,148
2026-01-05T19:10:36.435682731Z,3.25,13.88,27.87,148
2026-01-05T19:30:36.355761885Z,3.25,13.83,27.86,148
2026-01-05T19:50:36.284613537Z,3.248,13.73,27.86,147
2026-01-05T20:10:36.295916196Z,3.256,13.63,27.85,147
2026-01-05T20:30:36.137803431Z,3.25,13.57,27.82,146
2026-01-05T20:50:36.069092261Z,3.25,13.52,27.77,145
2026-01-05T21:10:35.998880301Z,3.248,13.42,27.73,145
2026-01-05T21:30:35.926000604Z,3.248,13.33,27.72,144
2026-01-05T21:50:35.852195557Z,3.244,13.22,27.71,144
2026-01-05T22:10:35.769705310Z,3.244,13.12,27.71,145
2026-01-05T22:30:35.697088480Z,3.241,13.03,27.71,145
2026-01-05T22:50:35.635799266Z,3.241,13.01,27.7,145
2026-01-05T23:10:35.570115307Z,3.248,12.92,27.68,145
2026-01-05T23:30:35.486805572Z,3.241,12.91,27.66,145
2026-01-05T23:50:35.419367313Z,3.241,12.81,27.63,145
2026-01-06T00:10:35.348252289Z,3.239,12.73,27.59,145
2026-01-06T00:30:35.274879218Z,3.237,12.68,27.58,144
2026-01-06T00:50:35.212740507Z,3.237,12.58,27.57,143
2026-01-06T01:10:35.236563468Z,3.237,12.49,27.56,142
2026-01-06T01:30:35.057476010Z,3.237,12.39,27.56,142
2026-01-06T01:50:34.989852933Z,3.235,12.29,27.56,142
2026-01-06T02:10:34.927773354Z,3.235,12.19,27.55,143
2026-01-06T02:30:34.866679926Z,3.229,12.08,27.55,142
2026-01-06T02:50:34.784822388Z,3.229,11.98,27.55,141
2026-01-06T03:10:34.727286978Z,3.233,11.88,27.52,141
2026-01-06T03:30:34.646666008Z,3.233,11.77,27.48,141
2026-01-06T03:50:34.573849458Z,3.235,11.67,27.43,142
2026-01-06T04:10:34.523680092Z,3.231,11.6,27.41,141
2026-01-06T04:30:34.452798549Z,3.231,11.57,27.41,141
2026-01-06T04:50:34.372804939Z,3.229,11.47,27.41,140
2026-01-06T05:10:34.306724487Z,3.231,11.46,27.4,140
2026-01-06T05:30:34.254953474Z,3.233,11.46,27.39,141
2026-01-06T05:50:34.165213685Z,3.229,11.37,27.4,140
2026-01-06T06:10:34.103609698Z,3.227,11.3,27.4,141
2026-01-06T06:30:34.041020112Z,3.227,11.19,27.4,140
2026-01-06T06:50:33.957771233Z,3.227,11.09,27.4,140
2026-01-06T07:10:33.908659847Z,3.223,10.98,27.39,139
2026-01-06T07:30:33.836477831Z,3.225,10.86,27.37,139
2026-01-06T07:50:33.767317465Z,3.221,10.84,27.27,140
2026-01-06T08:10:33.709723796Z,3.221,10.84,27.27,140
2026-01-06T08:30:33.643012167Z,3.225,10.84,27.26,140
2026-01-06T08:50:33.576455598Z,3.227,10.94,27.17,140
2026-01-06T09:10:33.495553987Z,3.233,11.04,27.15,140
2026-01-06T09:30:33.452487177Z,3.229,11.15,27.14,140
2026-01-06T09:50:33.370945811Z,3.231,11.26,27.15,139
2026-01-06T10:10:33.285429675Z,3.233,11.38,27.03,140
2026-01-06T10:30:33.204631744Z,3.237,11.58,27.02,140
2026-01-06T10:50:33.147435150Z,3.246,11.77,26.93,140
2026-01-06T11:10:33.066717306Z,3.237,11.91,26.92,140
2026-01-06T11:30:32.984399551Z,3.241,12.08,26.92,139
2026-01-06T11:50:32.907137585Z,3.241,12.19,26.9,139
2026-01-06T12:10:32.834735124Z,3.246,12.29,26.87,139
2026-01-06T12:30:32.776025361Z,3.244,12.39,26.92,138
2026-01-06T12:50:32.687485583Z,3.248,12.39,26.81,139
2026-01-06T13:10:32.632253789Z,3.254,12.48,26.81,138
2026-01-06T13:30:32.544898494Z,3.248,12.5,26.81,138
2026-01-06T13:50:32.476376778Z,3.248,12.5,26.78,138
2026-01-06T14:10:32.399037106Z,3.248,12.51,26.73,138
2026-01-06T14:30:32.318539146Z,3.246,12.51,26.69,138
2026-01-06T14:50:32.248039667Z,3.252,12.5,26.69,137
2026-01-06T15:10:32.162070615Z,3.252,12.48,26.69,137
2026-01-06T15:30:32.079443148Z,3.246,12.42,26.68,137
2026-01-06T15:50:32.014029474Z,3.248,12.39,26.61,136
2026-01-06T16:10:31.936880130Z,3.252,12.4,26.6,136
2026-01-06T16:30:31.872446860Z,3.248,12.39,26.64,134
2026-01-06T16:50:31.791890583Z,3.248,12.29,26.63,134
2026-01-06T17:10:31.714747547Z,3.25,12.18,26.64,134
2026-01-06T17:30:31.655473524Z,3.244,12.05,26.63,134
2026-01-06T17:50:31.573269512Z,3.241,11.92,26.64,133
2026-01-06T18:10:31.501956429Z,3.237,11.78,26.66,134
2026-01-06T18:30:31.442923697Z,3.239,11.67,26.66,134
2026-01-06T18:50:31.375007337Z,3.235,11.57,26.66,133
2026-01-06T19:10:31.296845Z,3.229,11.45,26.64,133
2026-01-06T19:30:31.223450965Z,3.233,11.31,26.62,133
2026-01-06T19:50:31.155789903Z,3.235,11.17,26.62,132
2026-01-06T20:10:31.095661303Z,3.231,11.05,26.61,132
2026-01-06T20:30:31.024867497Z,3.231,10.95,26.6,132
2026-01-06T20:50:30.946017570Z,3.227,10.84,26.6,131
2026-01-06T21:10:30.903961866Z,3.229,10.71,26.58,131
2026-01-06T21:30:30.824135436Z,3.229,10.58,26.57,131
2026-01-06T21:50:30.777014189Z,3.227,10.46,26.56,131
2026-01-06T22:10:30.693882010Z,3.225,10.34,26.55,131
2026-01-06T22:30:30.614088114Z,3.225,10.24,26.53,131
2026-01-06T22:50:30.546565114Z,3.223,10.16,26.52,131
2026-01-06T23:10:30.495107438Z,3.231,10.07,26.52,130
2026-01-06T23:30:30.424656902Z,3.225,9.97,26.51,130
2026-01-06T23:50:30.358497908Z,3.223,9.89,26.51,130
2026-01-07T00:10:30.298029494Z,3.223,9.8,26.51,130
2026-01-07T00:30:30.226232502Z,3.219,9.7,26.51,129
2026-01-07T00:50:30.171517515Z,3.223,9.59,26.5,129
2026-01-07T01:10:30.095859959Z,3.221,9.51,26.5,129
2026-01-07T01:30:30.028475001Z,3.223,9.44,26.5,129
2026-01-07T01:50:29.967232789Z,3.217,9.37,26.5,129
2026-01-07T02:10:29.912373927Z,3.219,9.28,26.5,128
2026-01-07T02:30:29.836033965Z,3.217,9.18,26.48,128
2026-01-07T02:50:29.763916174Z,3.219,9.08,26.44,128
2026-01-07T03:10:29.703790100Z,3.217,9.01,26.43,128
2026-01-07T03:30:29.643079226Z,3.214,8.96,26.41,128
2026-01-07T03:50:29.586023815Z,3.217,8.86,26.39,127
2026-01-07T04:10:29.536069566Z,3.219,8.79,26.38,127
2026-01-07T04:30:29.452581188Z,3.217,8.75,26.37,127
2026-01-07T04:50:29.374109652Z,3.214,8.65,26.37,126
2026-01-07T05:10:29.315968062Z,3.212,8.57,26.37,126
2026-01-07T05:30:29.265902812Z,3.21,8.54,26.37,126
2026-01-07T05:50:29.197833081Z,3.208,8.44,26.37,126
2026-01-07T06:10:29.128371011Z,3.214,8.38,26.36,126
2026-01-07T06:30:29.063901419Z,3.217,8.33,26.36,125
2026-01-07T06:50:29.004823944Z,3.21,8.23,26.36,125
2026-01-07T07:10:28.942467915Z,3.212,8.16,26.36,125
2026-01-07T07:30:28.877345666Z,3.208,8.11,26.36,125
2026-01-07T07:50:28.809654106Z,3.217,8.02,26.36,124
2026-01-07T08:10:28.759320986Z,3.208,7.96,26.28,125
2026-01-07T08:30:28.691623892Z,3.21,7.98,26.24,125
2026-01-07T08:50:28.628477928Z,3.214,8.03,26.22,126
2026-01-07T09:10:28.563779496Z,3.219,8.14,26.12,125
2026-01-07T09:30:28.490886145Z,3.225,8.34,25.78,127
2026-01-07T09:50:28.416740863Z,3.225,8.76,25.78,127
2026-01-07T10:10:28.347579861Z,3.227,9.06,25.96,126
2026-01-07T10:30:28.287807698Z,3.227,9.08,25.92,126
2026-01-07T10:50:28.212292426Z,3.225,9.18,25.9,126
2026-01-07T11:10:28.132547387Z,3.237,9.22,25.9,125
2026-01-07T11:30:28.062279473Z,3.233,9.26,25.91,125
2026-01-07T11:50:28.003417403Z,3.235,9.28,25.89,125
2026-01-07T12:10:27.921995511Z,3.244,9.38,25.79,125
2026-01-07T12:30:27.836789766Z,3.248,9.49,25.79,125
2026-01-07T12:50:27.777498894Z,3.248,9.59,25.74,124
2026-01-07T13:10:27.690438030Z,3.252,9.69,25.68,124
2026-01-07T13:30:27.647499486Z,3.246,9.76,25.68,124
2026-01-07T13:50:27.559979105Z,3.244,9.83,25.67,124
2026-01-07T14:10:27.471552003Z,3.254,9.91,25.63,124
2026-01-07T14:30:27.392793440Z,3.248,10.01,25.57,124
2026-01-07T14:50:27.306160001Z,3.25,10.06,25.56,124
2026-01-07T15:10:27.243917183Z,3.248,10.11,25.56,123
2026-01-07T15:30:27.169688282Z,3.244,10.12,25.56,123
2026-01-07T15:50:27.092680325Z,3.248,10.17,25.54,123
2026-01-07T16:10:27.011413186Z,3.246,10.22,25.52,123
2026-01-07T16:30:26.956629922Z,3.248,10.22,25.49,122
2026-01-07T16:50:26.866427943Z,3.248,10.21,25.49,122
2026-01-07T17:10:26.802050219Z,3.244,10.12,25.49,122
2026-01-07T17:30:26.719223216Z,3.246,10.11,25.5,122
2026-01-07T17:50:26.644382548Z,3.237,10.01,25.51,121
2026-01-07T18:10:26.575563315Z,3.239,9.95,25.53,121
2026-01-07T18:30:26.548507749Z,3.241,9.91,25.54,121
2026-01-07T18:50:26.439174871Z,3.246,9.8,25.5,121
2026-01-07T19:10:26.376295153Z,3.237,9.71,25.5,120
2026-01-07T19:30:26.297920609Z,3.237,9.66,25.51,120
2026-01-07T19:50:26.233940867Z,3.244,9.59,25.5,120
2026-01-07T20:10:26.157693063Z,3.233,9.49,25.51,120
2026-01-07T20:30:26.096985440Z,3.231,9.43,25.48,120
2026-01-07T20:50:26.035129049Z,3.231,9.38,25.47,119
2026-01-07T21:10:25.950849975Z,3.237,9.28,25.46,119
2026-01-07T21:30:25.889973432Z,3.229,9.24,25.45,119
2026-01-07T21:50:25.849582161Z,3.223,9.18,25.45,120
2026-01-07T22:10:25.757976645Z,3.227,9.14,25.44,119
2026-01-07T22:30:25.693041703Z,3.227,9.07,25.43,119
2026-01-07T22:50:25.638602401Z,3.225,9.01,25.43,119
2026-01-07T23:10:25.563278550Z,3.227,8.97,25.44,119
2026-01-07T23:30:25.488152950Z,3.221,8.91,25.43,118
2026-01-07T23:50:25.429999223Z,3.223,8.86,25.43,118
2026-01-08T00:10:25.374488889Z,3.227,8.79,25.43,118
2026-01-08T00:30:25.304859008Z,3.223,8.76,25.43,118
2026-01-08T00:50:25.215186439Z,3.221,8.67,25.43,118
2026-01-08T01:10:25.164041Z,3.225,8.65,25.43,118
2026-01-08T01:30:25.089034563Z,3.223,8.58,25.43,118
2026-01-08T01:50:25.019703247Z,3.223,8.55,25.42,117
2026-01-08T02:10:24.946099184Z,3.225,8.51,25.41,117
2026-01-08T02:30:24.885194730Z,3.221,8.44,25.42,117
2026-01-08T02:50:24.816228325Z,3.217,8.44,25.43,117
2026-01-08T03:10:24.768765404Z,3.214,8.34,25.42,117
2026-01-08T03:30:24.712922151Z,3.217,8.32,25.41,116
2026-01-08T03:50:24.649956883Z,3.217,8.23,25.39,117
2026-01-08T04:10:24.577662732Z,3.217,8.2,25.35,117
2026-01-08T04:30:24.504855210Z,3.217,8.13,25.38,117
2026-01-08T04:50:24.434658506Z,3.212,8.11,25.38,116
2026-01-08T05:10:24.387908592Z,3.214,8.02,25.34,116
2026-01-08T05:30:24.307660034Z,3.214,7.99,25.31,116
2026-01-08T05:50:24.244516864Z,3.214,7.92,25.31,115
2026-01-08T06:10:24.190403163Z,3.219,7.88,25.31,115
2026-01-08T06:30:24.117477139Z,3.217,7.81,25.31,115
2026-01-08T06:50:24.050526503Z,3.212,7.78,25.31,114
2026-01-08T07:10:23.990044730Z,3.212,7.71,25.31,115
2026-01-08T07:30:23.923003846Z,3.214,7.65,25.3,114
2026-01-08T07:50:23.862653181Z,3.208,7.6,25.26,114
2026-01-08T08:10:23.807414803Z,3.214,7.6,25.19,114
2026-01-08T08:30:23.735583870Z,3.212,7.6,25.19,114
2026-01-08T08:50:23.667907493Z,3.221,7.65,25.09,115
2026-01-08T09:10:23.601640679Z,3.223,7.71,25.08,115
2026-01-08T09:30:23.524998062Z,3.223,7.92,24.73,115
2026-01-08T09:50:23.457587395Z,3.229,8.34,24.63,116
2026-01-08T10:10:23.386766051Z,3.231,8.65,24.85,115
2026-01-08T10:30:23.305382127Z,3.235,8.76,24.84,115
2026-01-08T10:50:23.237848674Z,3.241,8.86,24.77,115
2026-01-08T11:10:23.167141272Z,3.233,8.97,24.74,114
2026-01-08T11:30:23.088007480Z,3.239,9.07,24.73,114
2026-01-08T11:50:23.041980499Z,3.244,9.18,24.64,114
2026-01-08T12:10:22.976409932Z,3.248,9.37,24.62,114
2026-01-08T12:30:22.847788571Z,3.254,9.52,24.56,114
2026-01-08T12:50:22.780262193Z,3.252,9.7,24.51,113
2026-01-08T13:10:22.695651877Z,3.256,9.81,24.51,113
2026-01-08T13:30:22.626620890Z,3.256,9.98,24.4,113
2026-01-08T13:50:22.536420844Z,3.256,10.11,24.39,113
2026-01-08T14:10:22.477305344Z,3.254,10.22,24.38,113
2026-01-08T14:30:22.392900011Z,3.26,10.37,24.29,113
2026-01-08T14:50:22.316668123Z,3.262,10.52,24.28,112
2026-01-08T15:10:22.257662572Z,3.262,10.63,24.28,113
2026-01-08T15:30:22.156512358Z,3.262,10.74,24.27,113
2026-01-08T15:50:22.082639250Z,3.265,10.84,24.24,113
2026-01-08T16:10:21.989817223Z,3.265,10.94,24.23,112
2026-01-08T16:30:21.928185111Z,3.26,10.95,24.21,112
2026-01-08T16:50:21.690174015Z,3.26,10.98,24.23,112
2026-01-08T17:10:21.771712947Z,3.262,10.96,24.23,111
2026-01-08T17:30:21.527420222Z,3.258,10.95,24.25,111
2026-01-08T17:50:21.608060894Z,3.267,10.85,24.27,111
2026-01-08T18:10:21.547328855Z,3.25,10.79,24.28,111
2026-01-08T18:30:21.471225467Z,3.256,10.72,24.26,111
2026-01-08T18:50:21.410346676Z,3.252,10.63,24.27,110
2026-01-08T19:10:21.312538780Z,3.252,10.53,24.26,110
2026-01-08T19:30:21.249101474Z,3.25,10.48,24.26,110
2026-01-08T19:50:21.168372607Z,3.248,10.42,24.23,109
2026-01-08T20:10:21.107302635Z,3.246,10.32,24.21,109
2026-01-08T20:30:21.015482710Z,3.248,10.29,24.2,110
2026-01-08T20:50:20.944766119Z,3.248,10.22,24.21,109
2026-01-08T21:10:20.881903583Z,3.248,10.12,24.19,109
2026-01-08T21:30:20.814370884Z,3.244,10.1,24.17,109
2026-01-08T21:50:20.741587371Z,3.244,10.02,24.16,109
2026-01-08T22:10:20.663840617Z,3.244,10.01,24.16,109
2026-01-08T22:30:20.583928803Z,3.244,10.01,24.16,108
2026-01-08T22:50:20.516929671Z,3.241,9.99,24.16,108
2026-01-08T23:10:20.452328083Z,3.241,9.91,24.16,108
2026-01-08T23:30:20.391776578Z,3.235,9.89,24.16,108
2026-01-08T23:50:20.303766157Z,3.237,9.8,24.16,108
2026-01-09T00:10:20.257773776Z,3.246,9.8,24.16,108
2026-01-09T00:30:20.183047712Z,3.241,9.77,24.16,108
2026-01-09T00:50:20.101967178Z,3.233,9.7,24.16,108
2026-01-09T01:10:20.203017790Z,3.233,9.69,24.16,107
2026-01-09T01:30:19.966451232Z,3.229,9.59,24.16,107
2026-01-09T01:50:19.893728974Z,3.231,9.59,24.15,107
2026-01-09T02:10:19.828577267Z,3.237,9.58,24.1,107
2026-01-09T02:30:19.747147433Z,3.233,9.56,24.13,107
2026-01-09T02:50:19.678566948Z,3.231,9.51,24.09,107
2026-01-09T03:10:19.606560025Z,3.233,9.49,24.16,107
2026-01-09T03:30:19.544888591Z,3.231,9.44,24.16,107
2026-01-09T03:50:19.476646442Z,3.231,9.39,24.16,107
2026-01-09T04:10:19.407002625Z,3.229,9.33,24.16,107
2026-01-09T04:30:19.338382111Z,3.235,9.28,24.16,107
2026-01-09T04:50:19.275409729Z,3.227,9.21,24.16,107
2026-01-09T05:10:19.204798399Z,3.223,9.18,24.16,106
2026-01-09T05:30:19.134689076Z,3.223,9.08,24.16,106
2026-01-09T05:50:19.082743482Z,3.229,9.07,24.16,106
2026-01-09T06:10:19.018268036Z,3.221,8.99,24.16,106
2026-01-09T06:30:18.946044725Z,3.219,8.97,24.16,106
2026-01-09T06:50:18.886534916Z,3.221,8.89,24.16,106
2026-01-09T07:10:18.820219244Z,3.221,8.86,24.15,106
2026-01-09T07:30:18.746224665Z,3.219,8.78,24.15,106
2026-01-09T07:50:18.679131024Z,3.217,8.76,24.14,106
2026-01-09T08:10:18.615128152Z,3.219,8.75,24.06,106
2026-01-09T08:30:18.609785261Z,3.223,8.76,24.04,106
2026-01-09T08:50:18.490592245Z,3.225,8.87,24.03,107
2026-01-09T09:10:18.415899809Z,3.233,9.05,23.93,107
2026-01-09T09:30:18.339092034Z,3.231,9.28,23.58,108
2026-01-09T09:50:18.259204001Z,3.235,9.8,23.47,109
2026-01-09T10:10:18.197161819Z,3.231,10.22,23.72,107
2026-01-09T10:30:18.116105621Z,3.239,10.27,23.77,107
2026-01-09T10:50:18.057119180Z,3.241,10.32,23.72,107
2026-01-09T11:10:17.970703833Z,3.244,10.36,23.69,107
2026-01-09T11:30:17.915003219Z,3.254,10.43,23.69,107
2026-01-09T11:50:17.812170838Z,3.252,10.53,23.69,107
2026-01-09T12:10:17.744726375Z,3.267,10.63,23.58,106
2026-01-09T12:30:17.646935817Z,3.267,10.79,23.57,106
2026-01-09T12:50:17.567810674Z,3.267,10.95,23.56,107
2026-01-09T13:10:17.493986304Z,3.271,11.07,23.49,106
2026-01-09T13:30:17.426199237Z,3.275,11.23,23.46,106
2026-01-09T13:50:17.345967685Z,3.277,11.36,23.46,107
2026-01-09T14:10:17.259005632Z,3.28,11.46,23.45,106
2026-01-09T14:30:17.182796752Z,3.282,11.57,23.42,106
2026-01-09T14:50:17.093361408Z,3.282,11.67,23.37,106
2026-01-09T15:10:17.026622899Z,3.282,11.77,23.34,106
2026-01-09T15:30:16.936953980Z,3.282,11.78,23.33,106
2026-01-09T15:50:16.855108825Z,3.284,11.87,23.33,105
2026-01-09T16:10:16.776652393Z,3.277,11.88,23.33,104
2026-01-09T16:30:16.694271098Z,3.282,11.91,23.33,104
2026-01-09T16:50:16.648068263Z,3.284,11.88,23.33,104
2026-01-09T17:10:16.542258480Z,3.28,11.88,23.33,104
2026-01-09T17:30:16.468719822Z,3.282,11.77,23.34,103
2026-01-09T17:50:16.393702335Z,3.277,11.67,23.34,104
2026-01-09T18:10:16.307090447Z,3.277,11.58,23.34,104
2026-01-09T18:30:16.252213912Z,3.28,11.5,23.34,104
2026-01-09T18:50:16.165288764Z,3.275,11.44,23.34,103
2026-01-09T19:10:16.087931041Z,3.28,11.36,23.34,103
2026-01-09T19:30:16.075324311Z,3.282,11.27,23.34,103
2026-01-09T19:50:15.951013924Z,3.28,11.24,23.34,103
2026-01-09T20:10:15.868375983Z,3.28,11.15,23.34,103
2026-01-09T20:30:15.801800313Z,3.277,11.09,23.34,102
2026-01-09T20:50:15.726158402Z,3.282,11.05,23.34,102
2026-01-09T21:10:15.642114822Z,3.275,10.95,23.34,102
2026-01-09T21:30:15.571824655Z,3.277,10.93,23.34,102
2026-01-09T21:50:15.496132335Z,3.275,10.84,23.34,102
2026-01-09T22:10:15.443794145Z,3.275,10.8,23.34,102
2026-01-09T22:30:15.359872419Z,3.271,10.74,23.34,102
2026-01-09T22:50:15.298086806Z,3.282,10.66,23.34,102
2026-01-09T23:10:15.215798432Z,3.28,10.63,23.34,101
2026-01-09T23:30:15.145559624Z,3.277,10.54,23.34,101
2026-01-09T23:50:15.063928398Z,3.275,10.52,23.34,101
2026-01-10T00:10:14.998944544Z,3.282,10.43,23.34,101
2026-01-10T00:30:14.925311950Z,3.277,10.38,23.34,101
2026-01-10T00:50:14.865101515Z,3.277,10.32,23.34,101
2026-01-10T01:10:14.792592751Z,3.282,10.31,23.34,101
2026-01-10T01:30:14.704762176Z,3.282,10.22,23.34,101
2026-01-10T01:50:14.635661718Z,3.28,10.22,23.34,100
2026-01-10T02:10:14.564453946Z,3.282,10.13,23.34,100
2026-01-10T02:30:14.505489191Z,3.28,10.11,23.34,100
2026-01-10T02:50:14.424342604Z,3.275,10.05,23.33,100
2026-01-10T03:10:14.354628072Z,3.282,10.01,23.33,100
2026-01-10T03:30:14.297515472Z,3.28,9.99,23.33,100
2026-01-10T03:50:14.215160199Z,3.277,9.91,23.34,100
2026-01-10T04:10:14.146299789Z,3.288,9.9,23.32,99
2026-01-10T04:30:14.076070050Z,3.28,9.81,23.29,99
2026-01-10T04:50:14.016986887Z,3.28,9.8,23.3,99
2026-01-10T05:10:13.934285986Z,3.282,9.74,23.31,99
2026-01-10T05:30:13.864017682Z,3.282,9.7,23.31,99
2026-01-10T05:50:13.794164143Z,3.282,9.69,23.31,99
2026-01-10T06:10:13.731267938Z,3.273,9.59,23.33,99
2026-01-10T06:30:13.665432380Z,3.277,9.57,23.32,99
2026-01-10T06:50:13.597255440Z,3.282,9.49,23.3,99
2026-01-10T07:10:13.524977045Z,3.277,9.48,23.33,98
2026-01-10T07:30:13.458883633Z,3.28,9.39,23.33,98
2026-01-10T07:50:13.394823554Z,3.277,9.36,23.28,98
2026-01-10T08:10:13.387861811Z,3.275,9.29,23.28,98
2026-01-10T08:30:13.256469582Z,3.271,9.28,23.24,98
2026-01-10T08:50:13.176309976Z,3.28,9.29,23.23,98
2026-01-10T09:10:13.113648100Z,3.284,9.39,23.22,99
2026-01-10T09:30:13.045029905Z,3.286,9.56,22.88,99
2026-01-10T09:50:12.972874022Z,3.286,9.98,22.78,100
2026-01-10T10:10:12.903905367Z,3.29,10.32,22.99,99
2026-01-10T10:30:12.808973827Z,3.288,10.43,22.99,99
2026-01-10T10:50:12.736327013Z,3.295,10.53,22.99,99
2026-01-10T11:10:12.659127286Z,3.295,10.64,22.97,100
2026-01-10T11:30:12.578476682Z,3.292,10.79,22.9,99
2026-01-10T11:50:12.502131775Z,3.297,10.94,22.87,99
2026-01-10T12:10:12.426149597Z,3.312,11.05,22.84,100
2026-01-10T12:30:12.333376709Z,3.305,11.26,22.78,100
2026-01-10T12:50:12.271716521Z,3.303,11.47,22.74,100
2026-01-10T13:10:11.791559571Z,3.246,11.67,22.74,99
2026-01-10T13:30:12.095177487Z,3.303,11.79,22.74,100
2026-01-10T13:50:12.036698578Z,3.303,11.91,22.72,100
2026-01-10T14:10:11.942062505Z,3.305,12,22.64,99
2026-01-10T14:30:11.850537064Z,3.305,12.08,22.62,99
2026-01-10T14:50:11.815151668Z,3.305,12.19,22.61,99
2026-01-10T15:10:11.047312191Z,3.248,12.28,22.61,99
2026-01-10T15:30:11.456145183Z,3.305,12.31,22.61,99
2026-01-10T15:50:11.538287502Z,3.314,12.39,22.56,99
2026-01-10T16:10:11.471062768Z,3.303,12.43,22.53,98
2026-01-10T16:30:11.375592616Z,3.303,12.49,22.5,98
2026-01-10T16:50:11.306757752Z,3.305,12.5,22.5,98
2026-01-10T17:10:11.233922083Z,3.303,12.48,22.5,98
2026-01-10T17:30:10.975818739Z,3.301,12.4,22.51,97
2026-01-10T17:50:11.057875957Z,3.305,12.38,22.51,97
2026-01-10T18:10:10.986600302Z,3.301,12.29,22.56,97
2026-01-10T18:30:10.930814186Z,3.299,12.19,22.57,97
2026-01-10T18:50:10.831914569Z,3.299,12.13,22.56,96
2026-01-10T19:10:10.755200534Z,3.299,12.07,22.56,96
2026-01-10T19:30:10.675525392Z,3.299,11.98,22.55,96
2026-01-10T19:50:10.608432706Z,3.295,11.94,22.57,96
2026-01-10T20:10:10.536202257Z,3.292,11.88,22.57,96
2026-01-10T20:30:10.457856309Z,3.29,11.78,22.57,96
2026-01-10T20:50:10.384592471Z,3.292,11.77,22.57,96
2026-01-10T21:10:10.310474111Z,3.295,11.67,22.55,95
2026-01-10T21:30:10.230560271Z,3.295,11.66,22.54,95
2026-01-10T21:50:10.158395656Z,3.292,11.57,22.55,95
2026-01-10T22:10:10.116759249Z,3.299,11.57,22.54,95
2026-01-10T22:30:10.011927912Z,3.299,11.53,22.54,95
2026-01-10T22:50:09.933991903Z,3.292,11.46,22.55,95
2026-01-10T23:10:09.869868144Z,3.295,11.4,22.57,95
2026-01-10T23:30:09.787452195Z,3.295,11.36,22.55,95
2026-01-11T00:10:09.647508175Z,3.292,11.18,22.57,94
2026-01-11T00:30:09.578293181Z,3.292,11.15,22.56,94
2026-01-11T00:50:09.499174796Z,3.295,11.05,22.55,94
2026-01-11T01:10:09.434949418Z,3.297,11.04,22.56,94
2026-01-11T01:30:09.346004244Z,3.292,10.95,22.55,94
2026-01-11T01:50:09.287925166Z,3.29,10.95,22.55,94
2026-01-11T02:10:09.216114744Z,3.292,10.87,22.57,94
2026-01-11T02:30:09.146483718Z,3.288,10.84,22.59,94
2026-01-11T02:50:09.074437762Z,3.299,10.74,22.59,94
2026-01-11T03:10:09.008973597Z,3.288,10.7,22.59,93
2026-01-11T03:30:08.962553250Z,3.29,10.63,22.59,94
2026-01-11T03:50:08.847664272Z,3.297,10.63,22.64,94
2026-01-11T04:10:08.794995032Z,3.292,10.57,22.87,95
2026-01-11T04:30:08.717861074Z,3.292,10.53,22.97,96
2026-01-11T04:50:08.638703045Z,3.29,10.53,22.98,96
2026-01-11T05:10:08.575812393Z,3.288,10.43,22.99,96
2026-01-11T05:30:08.513802099Z,3.288,10.36,23.11,96
2026-01-11T05:50:08.437521431Z,3.288,10.32,23.14,97
2026-01-11T06:10:08.356918540Z,3.29,10.23,23.22,98
2026-01-11T06:30:08.291205329Z,3.29,10.22,23.22,98
2026-01-11T06:50:08.244698304Z,3.29,10.17,23.22,98
2026-01-11T07:10:08.147535546Z,3.29,10.12,23.25,98
2026-01-11T07:30:08.085877651Z,3.29,10.11,23.29,98
2026-01-11T07:50:08.028314845Z,3.292,10.03,23.34,99
2026-01-11T08:10:07.939449857Z,3.29,10.01,23.46,100
2026-01-11T08:30:07.867012794Z,3.292,10.01,23.55,100
2026-01-11T08:50:07.808786572Z,3.292,10.01,23.57,101
2026-01-11T09:10:07.763688270Z,3.292,10.11,23.46,101
2026-01-11T09:30:07.659694552Z,3.295,10.25,23.11,103
2026-01-11T09:50:07.587149538Z,3.299,10.82,22.98,104
2026-01-11T10:10:07.512286251Z,3.299,11.26,23.22,103
2026-01-11T10:30:07.447006193Z,3.297,11.35,23.22,102
2026-01-11T10:50:07.359976282Z,3.299,11.38,23.22,102
2026-01-11T11:10:07.292088523Z,3.308,11.57,23.21,102
2026-01-11T11:30:07.215841563Z,3.303,11.77,23.18,101
2026-01-11T11:50:07.140006433Z,3.303,11.97,23.12,102
2026-01-11T12:10:07.059775773Z,3.299,12.08,23.1,102
2026-01-11T12:30:06.989288746Z,3.31,12.24,23.09,102
2026-01-11T12:50:06.897341604Z,3.297,12.44,23.09,102
2026-01-11T13:10:06.811318740Z,3.301,12.6,23.02,101
2026-01-11T13:30:06.354681285Z,3.248,12.7,22.98,101
2026-01-11T13:50:06.666240056Z,3.308,12.73,22.97,102
2026-01-11T14:10:06.584649836Z,3.31,12.8,22.97,101
2026-01-11T14:30:06.491595050Z,3.31,12.91,22.97,101
2026-01-11T14:50:06.647600696Z,3.323,12.99,22.94,102
2026-01-11T15:10:05.955363949Z,3.267,13.04,22.87,101
2026-01-11T15:30:06.256043432Z,3.312,13.11,22.85,101
2026-01-11T15:50:06.192375988Z,3.308,13.12,22.85,101
2026-01-11T16:10:05.712188832Z,3.256,13.21,22.85,101
2026-01-11T16:30:06.016907146Z,3.31,13.22,22.85,101
2026-01-11T16:50:05.950805817Z,3.305,13.21,22.85,101
2026-01-11T17:10:05.202307255Z,3.252,13.12,22.85,101
2026-01-11T17:30:05.783329113Z,3.303,13.09,22.85,101
2026-01-11T17:50:05.692487452Z,3.305,13,22.85,101
2026-01-11T18:10:05.623097884Z,3.305,12.88,22.85,101
2026-01-11T18:30:05.554568240Z,3.303,12.74,22.85,100
2026-01-11T18:50:05.470029499Z,3.305,12.62,22.85,100
2026-01-11T19:10:05.398137593Z,3.303,12.51,22.85,100
2026-01-11T19:30:05.184692535Z,3.303,12.41,22.84,99
2026-01-11T19:50:05.261096627Z,3.301,12.32,22.84,99
2026-01-11T20:10:05.196305262Z,3.301,12.24,22.84,99
2026-01-11T20:30:05.105091071Z,3.299,12.16,22.84,98
2026-01-11T20:50:05.024702141Z,3.301,12.06,22.85,99
2026-01-11T21:10:04.944862995Z,3.299,11.97,22.85,98
2026-01-11T21:30:04.874841309Z,3.292,11.87,22.85,98
2026-01-11T21:50:04.794834417Z,3.299,11.77,22.85,98
2026-01-11T22:10:04.718950443Z,3.295,11.67,22.83,97
2026-01-11T22:30:04.644434479Z,3.299,11.57,22.82,98
2026-01-11T22:50:04.591354320Z,3.297,11.48,22.79,97
2026-01-11T23:10:04.507788752Z,3.295,11.45,22.76,97
2026-01-11T23:30:04.433720307Z,3.295,11.36,22.75,97
2026-01-11T23:50:04.362887374Z,3.297,11.27,22.75,97
2026-01-12T00:10:04.284555118Z,3.299,11.23,22.74,96
2026-01-12T00:30:04.208418319Z,3.299,11.15,22.74,96
2026-01-12T00:50:04.134702205Z,3.297,11.06,22.74,96
2026-01-12T01:10:04.076342553Z,3.297,11.01,22.74,96
2026-01-12T01:30:03.997282423Z,3.295,10.95,22.74,96
2026-01-12T01:50:03.945705683Z,3.295,10.85,22.75,96
2026-01-12T02:10:03.847429594Z,3.295,10.84,22.75,96
2026-01-12T02:30:03.788833137Z,3.295,10.74,22.75,96
2026-01-12T02:50:03.727002736Z,3.292,10.69,22.75,96
2026-01-12T03:10:03.634287645Z,3.295,10.63,22.75,96
2026-01-12T03:30:03.570786748Z,3.292,10.61,22.75,95
2026-01-12T03:50:03.499420964Z,3.29,10.53,22.75,95
2026-01-12T04:10:03.418363360Z,3.292,10.49,22.75,95
2026-01-12T04:30:03.362918346Z,3.295,10.43,22.75,95
2026-01-12T04:50:03.296908600Z,3.295,10.34,22.75,95
2026-01-12T05:10:03.207307604Z,3.292,10.32,22.73,95
2026-01-12T05:30:03.144666204Z,3.29,10.26,22.72,95
2026-01-12T05:50:03.077916636Z,3.295,10.22,22.69,95
2026-01-12T06:10:03.017405284Z,3.295,10.17,22.7,94
2026-01-12T06:30:02.924321728Z,3.295,10.11,22.68,94
2026-01-12T06:50:02.858134566Z,3.297,10.01,22.71,94
2026-01-12T07:10:02.787016823Z,3.292,9.94,22.67,94
2026-01-12T07:30:02.719734173Z,3.29,9.91,22.66,94
2026-01-12T07:50:02.647571291Z,3.29,9.83,22.64,94
2026-01-12T08:10:02.576861161Z,3.288,9.8,22.64,94
2026-01-12T08:30:02.501800730Z,3.292,9.85,22.62,94
2026-01-12T08:50:02.424594355Z,3.295,9.93,22.52,95
2026-01-12T09:10:02.349199121Z,3.299,10.1,22.51,95
2026-01-12T09:30:02.285006939Z,3.303,10.32,22.15,96
2026-01-12T09:50:02.193937170Z,3.305,10.89,21.95,97
2026-01-12T10:10:02.118452887Z,3.305,11.39,22.23,96
2026-01-12T10:30:02.044823821Z,3.305,11.48,22.26,96
2026-01-12T10:50:01.968717663Z,3.308,11.56,22.26,95
2026-01-12T11:10:01.897197724Z,3.308,11.57,22.26,95
2026-01-12T11:30:01.818069930Z,3.31,11.67,22.17,95
2026-01-12T11:50:01.724645873Z,3.319,11.73,22.13,94
2026-01-12T12:10:01.484603488Z,3.321,11.86,22.05,94
2026-01-12T12:30:01.576532389Z,3.319,11.98,22.01,94
2026-01-12T12:50:01.495561626Z,3.316,12.19,21.98,94
2026-01-12T13:10:01.404277638Z,3.314,12.39,21.94,94
2026-01-12T13:30:01.314977549Z,3.312,12.51,21.88,93
2026-01-12T13:50:01.238215845Z,3.31,12.61,21.87,93
2026-01-12T14:10:01.171712118Z,3.31,12.7,21.87,93
2026-01-12T14:30:01.144827504Z,3.305,12.8,21.8,92
2026-01-12T14:50:00.846950322Z,3.308,12.82,21.75,92
2026-01-12T15:10:00.525132902Z,3.248,12.91,21.74,92
2026-01-12T15:30:00.445027014Z,3.248,12.91,21.74,91
2026-01-12T15:50:00.746778151Z,3.303,12.96,21.67,91
2026-01-12T16:10:00.673988347Z,3.295,13.01,21.63,90
2026-01-12T16:30:00.207593095Z,3.235,13.01,21.62,90
2026-01-12T16:50:00.503783455Z,3.295,12.98,21.62,90
2026-01-12T17:10:00.640893278Z,3.29,12.91,21.63,91
2026-01-12T17:30:00.387757960Z,3.288,12.82,21.71,91
2026-01-12T17:50:00.282169147Z,3.284,12.71,21.74,91
2026-01-12T18:10:00.204559072Z,3.286,12.6,21.75,90
2026-01-12T18:30:00.128630875Z,3.277,12.49,21.75,90
2026-01-12T18:50:00.044914571Z,3.275,12.33,21.75,90
2026-01-12T19:09:59.969402634Z,3.271,12.2,21.76,90
2026-01-12T19:29:59.883936726Z,3.28,12.08,21.76,90
2026-01-12T19:49:59.838157976Z,3.269,11.98,21.76,90
2026-01-12T20:09:59.754581311Z,3.262,11.88,21.76,89
2026-01-12T20:29:59.684416616Z,3.265,11.77,21.76,89
2026-01-12T20:49:59.615510122Z,3.265,11.67,21.76,89
2026-01-12T21:09:59.539753305Z,3.262,11.57,21.77,89
2026-01-12T21:29:59.471106819Z,3.26,11.48,21.77,89
2026-01-12T21:49:59.389551621Z,3.26,11.44,21.77,89
2026-01-12T22:09:59.326365360Z,3.258,11.36,21.77,89
2026-01-12T22:29:59.260202925Z,3.258,11.26,21.77,89
2026-01-12T22:49:59.176135225Z,3.256,11.18,21.77,89
2026-01-12T23:09:59.115847772Z,3.256,11.11,21.77,89
2026-01-12T23:29:59.050610289Z,3.252,11.02,21.78,88
2026-01-12T23:49:58.987219004Z,3.25,10.93,21.78,88
2026-01-13T00:09:58.917412742Z,3.25,10.84,21.78,88
2026-01-13T00:29:58.839646536Z,3.248,10.74,21.78,88
2026-01-13T00:49:58.778254266Z,3.248,10.64,21.78,88
2026-01-13T01:09:58.705960397Z,3.248,10.62,21.78,87
2026-01-13T01:29:58.631165611Z,3.248,10.53,21.71,87
2026-01-13T01:49:58.566597261Z,3.252,10.53,21.67,87
2026-01-13T02:09:58.490501320Z,3.25,10.48,21.66,87
2026-01-13T02:29:58.406864735Z,3.25,10.43,21.66,87
2026-01-13T02:49:58.345387762Z,3.246,10.41,21.66,86
2026-01-13T03:09:58.284428715Z,3.246,10.33,21.66,87
2026-01-13T03:29:58.197292497Z,3.241,10.32,21.67,86
2026-01-13T03:49:58.127723861Z,3.246,10.22,21.56,86
2026-01-13T04:09:58.056390252Z,3.244,10.22,21.65,86
2026-01-13T04:29:57.995065929Z,3.237,10.19,21.54,86
2026-01-13T04:49:57.921742662Z,3.239,10.17,21.55,86
2026-01-13T05:09:57.849884376Z,3.244,10.12,21.55,85
2026-01-13T05:29:57.784145808Z,3.246,10.11,21.55,85
2026-01-13T05:49:57.705506450Z,3.239,10.03,21.54,85
2026-01-13T06:09:57.634306659Z,3.237,10.01,21.54,85
2026-01-13T06:29:57.564235585Z,3.239,9.94,21.55,85
2026-01-13T06:49:57.507156786Z,3.233,9.91,21.55,85
2026-01-13T07:09:57.433696096Z,3.239,9.9,21.53,85
2026-01-13T07:29:57.362439333Z,3.239,9.9,21.45,85
2026-01-13T07:49:57.290228329Z,3.235,9.91,21.43,85
2026-01-13T08:09:57.234290305Z,3.241,9.91,21.43,84
2026-01-13T08:29:57.140224566Z,3.241,9.91,21.43,84
2026-01-13T08:49:57.075198687Z,3.241,9.97,21.35,84
2026-01-13T09:09:56.998633945Z,3.246,10.05,21.3,85
2026-01-13T09:29:56.923413786Z,3.248,10.22,20.95,86
2026-01-13T09:49:56.856945344Z,3.248,10.74,20.81,86
2026-01-13T10:09:56.777554244Z,3.248,11.06,21.03,85
2026-01-13T10:29:56.691549391Z,3.254,11.15,21.03,85
2026-01-13T10:49:56.615667129Z,3.254,11.26,21.01,85
2026-01-13T11:09:56.541541101Z,3.26,11.39,20.9,85
2026-01-13T11:29:56.467516597Z,3.254,11.57,20.89,85
2026-01-13T11:49:56.433964913Z,3.258,11.76,20.88,84
2026-01-13T12:09:56.284886263Z,3.262,11.98,20.75,84
2026-01-13T12:29:56.215457806Z,3.273,12.29,20.75,84
2026-01-13T12:49:56.145064491Z,3.267,12.41,20.74,83
2026-01-13T13:09:55.907711268Z,3.277,12.57,20.74,83
2026-01-13T13:29:55.975687455Z,3.277,12.69,20.66,83
2026-01-13T13:49:55.911269406Z,3.269,12.8,20.6,82
2026-01-13T14:09:55.813964627Z,3.269,12.91,20.6,82
2026-01-13T14:29:55.342511659Z,3.214,13.01,20.6,81
2026-01-13T14:49:55.671066772Z,3.267,13.1,20.6,81
2026-01-13T15:09:55.572206743Z,3.269,13.11,20.6,81
2026-01-13T15:29:55.511566986Z,3.265,13.11,20.6,81
2026-01-13T15:49:55.412749807Z,3.265,13.11,20.59,81
2026-01-13T16:09:55.338885539Z,3.262,13.11,20.59,80
2026-01-13T16:29:55.262768780Z,3.265,13.04,20.6,81
2026-01-13T16:49:55.191029027Z,3.265,13.01,20.59,80
2026-01-13T17:09:55.116013853Z,3.265,12.91,20.6,80
2026-01-13T17:29:55.035943197Z,3.254,12.81,20.6,80
2026-01-13T17:49:54.950855717Z,3.265,12.7,20.6,80
2026-01-13T18:09:54.892292102Z,3.256,12.6,20.61,80
2026-01-13T18:29:54.811254615Z,3.256,12.5,20.61,80
2026-01-13T18:49:54.744629520Z,3.25,12.42,20.6,80
2026-01-13T19:09:54.660303074Z,3.254,12.38,20.6,80
2026-01-13T19:29:54.580025113Z,3.25,12.29,20.59,81
2026-01-13T19:49:54.521599137Z,3.254,12.26,20.51,80
2026-01-13T20:09:54.436007017Z,3.25,12.19,20.53,80
2026-01-13T20:29:54.353466403Z,3.25,12.16,20.54,80
2026-01-13T20:49:54.284854701Z,3.252,12.08,20.54,80
2026-01-13T21:09:54.210053628Z,3.244,12.07,20.52,80
2026-01-13T21:29:54.143087939Z,3.246,11.99,20.53,80
2026-01-13T21:49:54.059209634Z,3.241,11.98,20.6,80
2026-01-13T22:09:53.990460096Z,3.246,11.97,20.61,80
2026-01-13T22:29:53.930571Z,3.246,11.89,20.62,80
2026-01-13T22:49:53.840367061Z,3.244,11.88,20.62,80
2026-01-13T23:09:53.789615280Z,3.237,11.87,20.62,80
2026-01-13T23:29:53.698230036Z,3.241,11.8,20.63,81
2026-01-13T23:49:53.685150336Z,3.241,11.77,20.63,80
2026-01-14T00:09:53.560237817Z,3.244,11.72,20.63,80
2026-01-14T00:29:53.488651384Z,3.244,11.67,20.63,80
2026-01-14T00:49:53.415962894Z,3.246,11.57,20.63,80
2026-01-14T01:09:53.354406420Z,3.239,11.57,20.62,80
2026-01-14T01:29:53.265693155Z,3.244,11.53,20.62,80
2026-01-14T01:49:53.196058461Z,3.248,11.46,20.64,80
2026-01-14T02:09:53.129448026Z,3.235,11.36,20.63,80
2026-01-14T02:29:53.056223377Z,3.241,11.36,20.59,80
2026-01-14T02:49:52.995305738Z,3.239,11.36,20.56,80
2026-01-14T03:09:52.917958360Z,3.233,11.36,20.55,80
2026-01-14T03:29:52.828599229Z,3.246,11.36,20.61,80
2026-01-14T03:49:52.768355546Z,3.244,11.26,20.63,80
2026-01-14T04:09:52.687139603Z,3.233,11.23,20.64,80
2026-01-14T04:29:52.631105566Z,3.231,11.15,20.64,80
2026-01-14T04:49:52.554266826Z,3.235,11.05,20.65,80
2026-01-14T05:09:52.475863Z,3.237,11.05,20.64,80
2026-01-14T05:29:52.428011151Z,3.237,10.96,20.65,80
2026-01-14T05:49:52.352707036Z,3.235,10.94,20.65,79
2026-01-14T06:09:52.281572969Z,3.233,10.84,20.65,80
2026-01-14T06:29:52.224639380Z,3.235,10.81,20.65,80
2026-01-14T06:49:52.135065242Z,3.229,10.74,20.66,80
2026-01-14T07:09:52.065261611Z,3.231,10.63,20.66,79
2026-01-14T07:29:52.006333747Z,3.227,10.53,20.66,79
2026-01-14T07:49:51.925553573Z,3.225,10.44,20.66,79
2026-01-14T08:09:51.867114213Z,3.227,10.42,20.66,79
2026-01-14T08:29:51.800782849Z,3.231,10.43,20.65,79
2026-01-14T08:49:51.724648033Z,3.235,10.53,20.53,79
2026-01-14T09:09:51.656313251Z,3.239,10.74,20.52,80
2026-01-14T09:29:51.591786721Z,3.241,10.95,20.28,80
2026-01-14T09:49:51.499044235Z,3.237,11.38,19.99,80
2026-01-14T10:09:51.434341276Z,3.246,11.81,20.24,80
2026-01-14T10:29:51.346114383Z,3.244,11.88,20.33,79
2026-01-14T10:49:51.275717604Z,3.248,11.88,20.3,79
2026-01-14T11:09:51.197551469Z,3.246,11.97,20.24,79
2026-01-14T11:29:51.126380363Z,3.248,11.99,20.23,79
2026-01-14T11:49:50.407743415Z,3.196,12.09,20.23,79
2026-01-14T12:09:50.970721368Z,3.26,12.25,20.21,79
2026-01-14T12:29:50.896909204Z,3.262,12.39,20.13,79
2026-01-14T12:49:50.810558004Z,3.265,12.6,20.08,79
2026-01-14T13:09:50.721142537Z,3.262,12.81,20.08,79
2026-01-14T13:29:50.578693989Z,3.265,13,20.07,78
2026-01-14T13:49:50.403330607Z,3.267,13.11,20.06,78
2026-01-14T14:09:50.499935465Z,3.269,13.11,19.96,78
2026-01-14T14:29:50.408645859Z,3.277,13.23,19.93,78
2026-01-14T14:49:50.342676948Z,3.267,13.32,19.97,78
2026-01-14T15:09:50.246893383Z,3.267,13.32,19.93,78
2026-01-14T15:29:50.172319968Z,3.267,13.27,19.95,78
2026-01-14T15:49:50.089646091Z,3.273,13.23,19.93,78
2026-01-14T16:09:50.010408941Z,3.262,13.32,19.93,78
2026-01-14T16:29:49.767758711Z,3.262,13.32,19.93,78
2026-01-14T16:49:49.861432114Z,3.265,13.32,19.93,77
2026-01-14T17:09:49.774751819Z,3.262,13.22,19.94,77
2026-01-14T17:29:49.703049075Z,3.26,13.11,19.95,77
2026-01-14T17:49:49.625522639Z,3.258,13.01,20.01,77
2026-01-14T18:09:49.545298923Z,3.256,12.96,20.07,77
2026-01-14T18:29:49.477123127Z,3.254,12.85,20.08,78
2026-01-14T18:49:49.394879087Z,3.25,12.7,20.08,77
2026-01-14T19:09:49.326873299Z,3.248,12.6,20.08,77
2026-01-14T19:29:49.254373465Z,3.25,12.5,20.09,77
2026-01-14T19:49:49.188437147Z,3.25,12.39,20.09,78
2026-01-14T20:09:49.118950571Z,3.254,12.3,20.09,77
2026-01-14T20:29:49.038730335Z,3.241,12.23,20.1,77
2026-01-14T20:49:48.968780584Z,3.248,12.18,20.1,77
2026-01-14T21:09:48.894923226Z,3.244,12.08,20.1,77
2026-01-14T21:29:48.830309339Z,3.246,12,20.1,77
2026-01-14T21:49:48.770514384Z,3.246,11.98,20.1,77
2026-01-14T22:09:48.680746818Z,3.241,11.97,20.1,77
2026-01-14T22:29:48.606877824Z,3.252,11.93,20.1,77
2026-01-14T22:49:48.529533751Z,3.239,11.88,20.11,77
2026-01-14T23:09:48.479869008Z,3.241,11.79,20.11,77
2026-01-14T23:29:48.397757368Z,3.241,11.77,20.11,77
2026-01-14T23:49:48.324692569Z,3.235,11.77,20.11,77
2026-01-15T00:09:48.244559589Z,3.241,11.67,20.11,77
2026-01-15T00:29:48.168490806Z,3.241,11.62,20.11,77
2026-01-15T00:49:48.095130237Z,3.239,11.56,20.12,76
2026-01-15T01:09:48.026377174Z,3.239,11.46,20.12,76
2026-01-15T01:29:47.965023681Z,3.237,11.38,20.13,77
2026-01-15T01:49:47.900211257Z,3.233,11.33,20.14,77
2026-01-15T02:09:47.830671753Z,3.233,11.25,20.15,76
2026-01-15T02:29:47.745254803Z,3.233,11.15,20.17,76
2026-01-15T02:49:47.690242159Z,3.231,11.05,20.23,76
2026-01-15T03:09:47.627767398Z,3.231,10.95,20.26,76
2026-01-15T03:29:47.556836584Z,3.225,10.85,20.26,76
2026-01-15T03:49:47.496520312Z,3.233,10.77,20.26,76
2026-01-15T04:09:47.417198278Z,3.227,10.73,20.26,76
2026-01-15T04:29:47.361683402Z,3.227,10.63,20.26,76
2026-01-15T04:49:47.281475098Z,3.223,10.55,20.26,76
2026-01-15T05:09:47.211734580Z,3.227,10.52,20.26,76
2026-01-15T05:29:47.148596517Z,3.231,10.43,20.28,76
2026-01-15T05:49:47.098616660Z,3.229,10.34,20.28,76
2026-01-15T06:09:47.011424440Z,3.223,10.32,20.28,76
2026-01-15T06:29:46.961572903Z,3.221,10.22,20.28,76
2026-01-15T06:49:46.876875906Z,3.225,10.2,20.28,76
2026-01-15T07:09:46.822646349Z,3.221,10.11,20.28,75
2026-01-15T07:29:46.741646312Z,3.221,10.08,20.28,75
2026-01-15T07:49:46.692496104Z,3.231,10.01,20.27,75
2026-01-15T08:09:46.625883740Z,3.225,10.01,20.26,75
2026-01-15T08:29:46.541191417Z,3.235,10.02,20.16,75
2026-01-15T08:49:46.473748903Z,3.227,10.12,20.16,76
2026-01-15T09:09:46.413505143Z,3.235,10.28,20.1,76
2026-01-15T09:29:46.324179683Z,3.235,10.53,19.75,76
2026-01-15T09:49:46.243271144Z,3.241,11.05,19.6,77
2026-01-15T10:09:46.172878906Z,3.237,11.36,19.86,77
2026-01-15T10:29:46.108294297Z,3.244,11.46,19.86,76
2026-01-15T10:49:46.028554149Z,3.244,11.56,19.85,75
2026-01-15T11:09:45.952501509Z,3.241,11.66,19.85,76
2026-01-15T11:29:45.874076062Z,3.244,11.77,19.84,76
2026-01-15T11:49:45.795288642Z,3.252,11.88,19.84,76
2026-01-15T12:09:45.577964585Z,3.262,12.03,19.7,75
2026-01-15T12:29:45.625991056Z,3.26,12.29,19.69,76
2026-01-15T12:49:45.556961082Z,3.262,12.5,19.69,75
2026-01-15T13:09:45.487469117Z,3.26,12.7,19.68,76
2026-01-15T13:29:45.414062368Z,3.265,12.87,19.64,76
2026-01-15T13:49:45.316392057Z,3.265,12.98,19.65,76
2026-01-15T14:09:45.243070774Z,3.273,13.01,19.63,76
2026-01-15T14:29:45.166456401Z,3.275,13.04,19.58,75
2026-01-15T14:49:45.087785802Z,3.267,13.08,19.55,75
2026-01-15T15:09:45.005890658Z,3.267,13.11,19.53,75
2026-01-15T15:29:44.945190937Z,3.265,13.11,19.53,75
2026-01-15T15:49:44.839562810Z,3.265,13.16,19.53,75
2026-01-15T16:09:44.755892857Z,3.265,13.21,19.53,75
2026-01-15T16:29:44.686578023Z,3.267,13.27,19.49,75
2026-01-15T16:49:44.605971999Z,3.265,13.28,19.52,75
2026-01-15T17:09:44.528614343Z,3.256,13.22,19.53,75
2026-01-15T17:29:44.467521773Z,3.262,13.15,19.53,74
2026-01-15T17:49:44.390339377Z,3.262,13.11,19.53,74
2026-01-15T18:09:44.307835520Z,3.26,13.01,19.54,74
2026-01-15T18:29:44.229556692Z,3.256,12.91,19.54,74
2026-01-15T18:49:44.158101243Z,3.254,12.71,19.55,74
2026-01-15T19:09:44.068545344Z,3.248,12.6,19.56,74
2026-01-15T19:29:43.995251847Z,3.252,12.49,19.57,74
2026-01-15T19:49:43.934578316Z,3.252,12.31,19.62,74
2026-01-15T20:09:43.858505025Z,3.246,12.19,19.65,73
2026-01-15T20:29:43.799033746Z,3.246,12.07,19.67,73
2026-01-15T20:49:43.723032792Z,3.246,11.96,19.68,73
2026-01-15T21:09:43.655713162Z,3.241,11.85,19.7,73
2026-01-15T21:29:43.595983306Z,3.246,11.76,19.69,73
2026-01-15T21:49:43.500029028Z,3.241,11.67,19.66,73
2026-01-15T22:09:43.447985701Z,3.241,11.58,19.63,73
2026-01-15T22:29:43.349822204Z,3.239,11.56,19.67,73
2026-01-15T22:49:43.290728364Z,3.248,11.46,19.69,73
2026-01-15T23:09:43.221010266Z,3.244,11.38,19.69,73
2026-01-15T23:29:43.149776771Z,3.239,11.36,19.67,73
2026-01-15T23:49:43.070410169Z,3.237,11.26,19.67,73
2026-01-16T00:09:43.005939911Z,3.235,11.25,19.67,73
2026-01-16T00:29:42.953664105Z,3.237,11.15,19.68,73
2026-01-16T00:49:42.866506667Z,3.235,11.12,19.71,73
2026-01-16T01:09:42.803206395Z,3.233,11.05,19.71,73
2026-01-16T01:29:42.728024685Z,3.231,11,19.64,73
2026-01-16T01:49:42.672562521Z,3.235,11.03,19.61,73
2026-01-16T02:09:42.594257376Z,3.237,11.05,19.62,73
2026-01-16T02:29:42.515845173Z,3.229,10.97,19.69,73
2026-01-16T02:49:42.460144015Z,3.241,10.93,19.73,73
2026-01-16T03:09:42.376636835Z,3.229,10.84,19.74,73
2026-01-16T03:29:42.318071442Z,3.231,10.74,19.74,72
2026-01-16T03:49:42.255137698Z,3.225,10.66,19.75,72
2026-01-16T04:09:42.174394807Z,3.227,10.63,19.75,72
2026-01-16T04:29:42.108038624Z,3.229,10.53,19.75,72
2026-01-16T04:49:42.046588626Z,3.225,10.5,19.74,72
2026-01-16T05:09:41.995978503Z,3.231,10.5,19.69,72
2026-01-16T05:29:41.910408420Z,3.231,10.53,19.65,72
2026-01-16T05:49:41.838044010Z,3.229,10.56,19.63,72
2026-01-16T06:09:41.768747777Z,3.231,10.63,19.62,72
2026-01-16T06:29:41.698504232Z,3.227,10.63,19.62,72
2026-01-16T06:49:41.629492406Z,3.227,10.63,19.68,72
2026-01-16T07:09:41.560010748Z,3.227,10.53,19.73,72
2026-01-16T07:29:41.499725227Z,3.227,10.51,19.72,72
2026-01-16T07:49:41.419084885Z,3.225,10.46,19.74,72
2026-01-16T08:09:41.348250357Z,3.225,10.43,19.74,72
2026-01-16T08:29:41.297167556Z,3.229,10.43,19.62,72
2026-01-16T08:49:41.234721967Z,3.231,10.56,19.61,72
2026-01-16T09:09:41.146261427Z,3.231,10.74,19.54,72
2026-01-16T09:29:41.070713609Z,3.235,10.95,19.42,72
2026-01-16T09:49:41.007612990Z,3.237,11.26,19.19,73
2026-01-16T10:09:40.919751617Z,3.233,11.57,19.33,72
2026-01-16T10:29:40.845964763Z,3.235,11.61,19.39,72
2026-01-16T10:49:40.776153554Z,3.237,11.67,19.34,72
2026-01-16T11:09:40.711984565Z,3.244,11.7,19.31,72
2026-01-16T11:29:40.632526482Z,3.248,11.77,19.31,72
2026-01-16T11:49:40.558265841Z,3.25,11.88,19.3,72
2026-01-16T12:09:40.469725341Z,3.256,12.02,19.16,72
2026-01-16T12:29:40.397667892Z,3.262,12.29,19.14,72
2026-01-16T12:49:40.315794394Z,3.262,12.53,19.04,72
2026-01-16T13:09:40.235903239Z,3.26,12.8,19.01,72
2026-01-16T13:29:40.163529444Z,3.265,13.03,18.98,72
2026-01-16T13:49:40.090249484Z,3.262,13.22,18.98,72
2026-01-16T14:09:39.994256416Z,3.258,15.37,25.52,159
2026-01-16T14:29:39.924828455Z,3.256,15.38,24.42,141
2026-01-16T14:49:39.831058624Z,3.262,15.32,24.13,136
2026-01-16T15:09:39.761190643Z,3.262,15.2,23.95,133
2026-01-16T15:29:39.697051191Z,3.267,15.06,23.93,131
2026-01-16T15:49:39.602496902Z,3.26,14.96,23.82,130
2026-01-16T16:09:39.528114626Z,3.265,14.85,24.05,130
2026-01-16T16:29:39.328389699Z,3.256,14.67,24.66,135
2026-01-16T16:49:39.378498473Z,3.254,14.55,25.51,140
2026-01-16T17:09:39.346054757Z,3.254,14.37,25.5,139
2026-01-16T17:29:39.231377522Z,3.248,14.24,25.38,138
2026-01-16T17:49:39.157035308Z,3.258,14.14,25.26,137
2026-01-16T18:09:39.091934493Z,3.252,14.04,25.15,136
2026-01-16T18:29:39.015481617Z,3.254,13.93,25.13,136
2026-01-16T18:49:38.946025923Z,3.25,13.82,25.01,135
2026-01-16T19:09:38.866839024Z,3.252,13.73,25.01,134
2026-01-16T19:29:38.807819244Z,3.246,13.61,25.01,133
2026-01-16T19:49:38.727841040Z,3.246,13.43,24.98,132
2026-01-16T20:09:38.640143970Z,3.241,13.32,24.89,133
2026-01-16T20:29:38.564875962Z,3.246,13.22,24.92,132
2026-01-16T20:49:38.495674781Z,3.246,13.11,24.88,132
2026-01-16T21:09:38.428453101Z,3.244,13.03,24.89,132
2026-01-16T21:29:38.352652603Z,3.241,13.01,24.88,132
2026-01-16T21:49:38.276342123Z,3.244,12.93,24.88,132
2026-01-16T22:09:38.225230638Z,3.244,12.91,25,133
2026-01-16T22:29:38.162882778Z,3.241,12.85,25.72,138
2026-01-16T22:49:38.069457862Z,3.244,12.8,25.77,138
2026-01-16T23:09:37.988914743Z,3.241,12.7,25.72,138
2026-01-16T23:29:37.924797910Z,3.244,12.6,25.72,139
2026-01-16T23:49:37.848455556Z,3.241,12.6,25.72,139
2026-01-17T00:09:37.782032170Z,3.239,12.56,25.71,139
2026-01-17T00:29:37.695326967Z,3.248,12.5,25.66,139
2026-01-17T00:49:37.625063601Z,3.239,12.49,25.6,138
2026-01-17T01:09:37.567858773Z,3.235,12.3,32.97,171
2026-01-17T01:29:37.493325895Z,3.241,12.06,31.15,152
2026-01-17T01:49:37.426624011Z,3.235,11.96,29.26,140
2026-01-17T02:09:37.351899148Z,3.241,11.88,28.45,135
2026-01-17T02:29:37.269261571Z,3.237,11.88,27.93,131
2026-01-17T02:49:37.209756225Z,3.233,11.88,27.55,129
2026-01-17T03:09:37.128149279Z,3.235,11.88,27.3,128
2026-01-17T03:29:37.071759559Z,3.235,11.88,27.17,126
2026-01-17T03:49:36.988504411Z,3.237,11.88,27.03,126
2026-01-17T04:09:36.926944028Z,3.237,11.86,26.92,125
2026-01-17T04:29:36.860261275Z,3.237,11.78,26.81,125
2026-01-17T04:49:36.780792274Z,3.233,11.77,26.74,124
2026-01-17T05:09:36.706009048Z,3.235,11.75,26.72,124
2026-01-17T05:29:36.652571335Z,3.231,11.67,26.66,124
2026-01-17T05:49:36.567520156Z,3.229,11.58,26.55,124
2026-01-17T06:09:36.547333472Z,3.231,11.53,26.54,123
2026-01-17T06:29:36.430251653Z,3.231,11.46,26.49,124
2026-01-17T06:49:36.376384207Z,3.233,11.38,26.42,123
2026-01-17T07:09:36.287252565Z,3.233,11.34,26.4,123
2026-01-17T07:29:36.233052442Z,3.231,11.26,26.31,123
2026-01-17T07:49:36.167588991Z,3.223,11.25,26.3,123
2026-01-17T08:09:36.086786792Z,3.225,11.18,26.29,123
2026-01-17T08:29:36.018731874Z,3.231,11.17,26.17,123
2026-01-17T08:49:35.955066123Z,3.231,11.26,26.11,123
2026-01-17T09:09:35.866199148Z,3.237,11.36,26.06,123
2026-01-17T09:29:35.808777908Z,3.235,11.48,26.06,122
2026-01-17T09:49:35.742327702Z,3.233,11.53,26.3,123
2026-01-17T10:09:35.688844486Z,3.233,11.5,26.3,124
2026-01-17T10:29:35.589893509Z,3.237,11.54,26.2,124
2026-01-17T10:49:35.516584440Z,3.237,11.62,26.18,124
2026-01-17T11:09:35.444081587Z,3.239,11.73,26.08,124
2026-01-17T11:29:35.371042873Z,3.239,11.83,26.04,124
2026-01-17T11:49:35.312066208Z,3.241,11.98,25.95,124
2026-01-17T12:09:35.105196221Z,3.248,12.11,25.9,124
2026-01-17T12:29:35.155760595Z,3.241,12.22,25.89,123
2026-01-17T12:49:35.069494238Z,3.248,12.29,25.83,123
2026-01-17T13:09:34.988225501Z,3.244,12.29,26.93,126
2026-01-17T13:29:34.912718336Z,3.244,12.14,27.68,133
2026-01-17T13:49:34.847252962Z,3.244,12.1,27.55,134
2026-01-17T14:09:34.768750562Z,3.25,12.27,27.3,134
2026-01-17T14:29:34.701297773Z,3.254,12.39,27.22,132
2026-01-17T14:49:34.619509012Z,3.246,12.39,27.18,132
2026-01-17T15:09:34.556199372Z,3.246,12.39,27.07,131
2026-01-17T15:29:34.483162881Z,3.241,12.3,27,130
2026-01-17T15:49:34.473764955Z,3.237,12.29,26.93,129
2026-01-17T16:09:34.327085184Z,3.244,12.28,26.81,129
2026-01-17T16:29:34.259901006Z,3.237,12.19,26.69,129
2026-01-17T16:49:34.182690411Z,3.244,12.15,26.67,128
2026-01-17T17:09:34.115427017Z,3.237,12.08,26.55,128
2026-01-17T17:29:34.040971422Z,3.241,11.98,26.53,127
2026-01-17T17:49:33.969627161Z,3.241,11.89,26.43,126
2026-01-17T18:09:33.903457039Z,3.237,11.81,26.43,125
2026-01-17T18:29:33.828400747Z,3.237,11.72,26.42,125
2026-01-17T18:49:33.758336289Z,3.237,11.63,26.31,125
2026-01-17T19:09:33.687648281Z,3.233,11.55,26.3,125
2026-01-17T19:29:33.612934291Z,3.235,11.45,26.3,125
2026-01-17T19:49:33.537732339Z,3.237,11.36,26.24,124
2026-01-17T20:09:33.485815228Z,3.233,11.26,26.18,124
2026-01-17T20:29:33.417236502Z,3.231,11.15,26.17,124
2026-01-17T20:49:33.340203725Z,3.231,11.09,26.13,124
2026-01-17T21:09:33.269809466Z,3.233,11.05,26.06,124
2026-01-17T21:29:33.208173531Z,3.235,10.97,26.05,124
2026-01-17T21:49:33.128303498Z,3.231,10.95,26.05,123
2026-01-17T22:09:33.076468186Z,3.231,10.94,25.97,123
2026-01-17T22:29:33.003336658Z,3.231,10.89,25.93,123
2026-01-17T22:49:32.934583238Z,3.231,10.85,25.93,123
2026-01-17T23:09:32.856107416Z,3.233,10.84,25.91,122
2026-01-17T23:29:32.788408206Z,3.231,10.84,25.93,123
2026-01-17T23:49:32.716293960Z,3.237,10.84,25.93,123
2026-01-18T00:09:32.639162204Z,3.231,10.84,25.94,123
2026-01-18T00:29:32.593322933Z,3.231,10.77,25.95,123
2026-01-18T00:49:32.512994269Z,3.235,10.74,25.94,122
2026-01-18T01:09:32.442327550Z,3.229,10.64,25.93,122
2026-01-18T01:29:32.379351139Z,3.229,10.63,25.93,122
2026-01-18T01:49:32.310028366Z,3.229,10.59,25.92,122
2026-01-18T02:09:32.242264732Z,3.225,10.53,25.92,122
2026-01-18T02:29:32.175300098Z,3.229,10.53,26.04,122
2026-01-18T02:49:32.107166336Z,3.229,10.45,26.14,123
2026-01-18T03:09:32.037462685Z,3.227,10.43,26.04,123
2026-01-18T03:29:31.957432Z,3.231,10.41,26.04,123
2026-01-18T03:49:31.897624263Z,3.231,10.35,26.16,125
2026-01-18T04:09:31.828031735Z,3.231,10.32,26.16,124
2026-01-18T04:29:31.754824049Z,3.231,10.32,26.39,125
2026-01-18T04:49:31.698058220Z,3.227,10.31,26.4,126
2026-01-18T05:09:31.630908742Z,3.229,10.27,26.64,128
2026-01-18T05:29:31.551339914Z,3.231,10.22,27.12,132
2026-01-18T05:49:31.476710741Z,3.227,10.22,27.37,133
2026-01-18T06:09:31.410662456Z,3.227,10.19,28,138
2026-01-18T06:29:31.348991666Z,3.227,10.12,28.91,144
2026-01-18T06:49:31.265309246Z,3.229,10.07,30.88,154
2026-01-18T07:29:31.140421024Z,3.231,9.83,35.8,150
2026-01-18T07:49:31.095601041Z,3.229,9.7,36.9,140
2026-01-18T08:09:31.003900150Z,3.225,9.6,33.95,132
2026-01-18T08:29:30.932242474Z,3.229,9.59,31.93,125
2026-01-18T08:49:30.881464522Z,3.231,9.59,31.15,123
2026-01-18T09:09:30.794273954Z,3.227,9.59,30.88,122
2026-01-18T09:29:30.727501620Z,3.227,9.59,30.5,121
2026-01-18T09:49:30.664326014Z,3.227,9.67,29.31,114
2026-01-18T10:09:30.654446337Z,3.233,9.76,29.28,116
2026-01-18T10:29:30.516762336Z,3.229,9.83,28.91,114
2026-01-18T10:49:30.455627715Z,3.229,9.91,28.36,112
2026-01-18T11:09:30.471119415Z,3.235,10.01,28.06,110
2026-01-18T11:29:30.361991785Z,3.233,10.21,27.93,110
2026-01-18T11:49:30.250406024Z,3.233,10.33,27.88,111
2026-01-18T12:09:30.221922979Z,3.233,10.45,27.76,110
2026-01-18T12:29:30.107651862Z,3.233,10.53,27.63,108
2026-01-18T12:49:30.048748230Z,3.233,10.45,27.76,110
2026-01-18T13:09:29.949099398Z,3.233,10.53,27.63,112
2026-01-18T13:29:29.896650929Z,3.239,10.73,27.51,112
2026-01-18T14:09:29.744022554Z,3.241,10.86,27.4,111
2026-01-18T14:29:29.526704879Z,3.241,10.93,27.67,112
2026-01-18T14:49:29.589246154Z,3.237,10.9,27.64,112
2026-01-18T15:09:29.540660700Z,3.237,10.84,27.27,111
2026-01-18T15:29:29.487879712Z,3.239,10.89,27.27,110
2026-01-18T15:49:29.387136832Z,3.239,10.84,27.15,110
2026-01-18T16:09:29.427764774Z,3.235,10.79,27.14,110
2026-01-18T16:29:29.242197382Z,3.244,10.74,27.11,111
2026-01-18T16:49:29.200497547Z,3.239,10.74,26.89,109
2026-01-18T17:09:29.087319384Z,3.237,10.72,26.89,110
2026-01-18T17:29:29.005713173Z,3.235,10.63,26.65,108
2026-01-18T17:49:28.942965351Z,3.237,10.53,26.55,107
2026-01-18T18:09:28.878970647Z,3.229,10.43,26.52,107
2026-01-18T18:29:28.845726814Z,3.233,10.36,26.52,107
2026-01-18T18:49:28.744601807Z,3.235,10.32,26.62,109
2026-01-18T19:09:28.686839167Z,3.229,10.22,26.62,109
2026-01-18T19:29:28.604666881Z,3.231,10.16,26.64,110
2026-01-18T19:49:28.548122284Z,3.229,10.09,26.69,110
2026-01-18T20:09:28.486961390Z,3.231,10.01,27,115
2026-01-18T20:29:28.404243429Z,3.227,9.92,27.02,115
2026-01-18T20:49:28.333445856Z,3.227,9.9,27,114
2026-01-18T21:09:28.259488775Z,3.225,9.84,26.99,114
2026-01-18T21:29:28.202702673Z,3.225,9.85,26.99,115
2026-01-18T21:49:28.126603967Z,3.227,9.89,27.1,116
2026-01-18T22:09:28.059951205Z,3.227,9.9,27.08,116
2026-01-18T22:29:27.998187911Z,3.231,9.91,27.04,116
2026-01-18T22:49:27.927536595Z,3.225,9.91,27.09,118
2026-01-18T23:09:27.847753741Z,3.227,9.91,27.12,118
2026-01-18T23:29:27.786370898Z,3.229,9.9,27.12,118
2026-01-18T23:49:27.716243450Z,3.233,9.86,27.12,119
2026-01-19T00:09:27.651820309Z,3.223,9.84,27.12,119
2026-01-19T00:29:27.586286187Z,3.233,9.83,27.12,119
2026-01-19T00:49:27.515395921Z,3.225,9.81,27.12,119
2026-01-19T01:09:27.456106921Z,3.227,9.81,27.12,119
2026-01-19T01:29:27.375748961Z,3.223,9.8,27.12,119
2026-01-19T01:49:27.309291474Z,3.223,9.8,27.12,120
2026-01-19T02:09:27.235867680Z,3.229,9.8,27.12,120
2026-01-19T02:29:27.184795983Z,3.227,9.76,27.13,120
2026-01-19T02:49:27.156651573Z,3.223,9.7,27.11,120
2026-01-19T03:09:27.036876939Z,3.223,9.7,27.11,120
2026-01-19T03:29:26.978681298Z,3.223,9.64,27.11,120
2026-01-19T03:49:26.909883282Z,3.221,9.59,27.11,120
2026-01-19T04:09:26.841750073Z,3.221,9.54,27.09,120
2026-01-19T04:29:26.785953468Z,3.221,9.47,27.11,120
2026-01-19T04:49:26.710437163Z,3.219,9.39,27.23,120
2026-01-19T05:09:26.657887512Z,3.217,9.38,27.23,120
2026-01-19T05:29:26.577092917Z,3.217,9.29,27.22,121
2026-01-19T05:49:26.523885899Z,3.217,9.25,27.22,121
2026-01-19T06:09:26.447646590Z,3.223,9.17,27.08,120
2026-01-19T06:29:26.387807675Z,3.214,9.07,27.27,121
2026-01-19T06:49:26.335145390Z,3.21,8.97,27.23,121
2026-01-19T07:09:26.261945144Z,3.214,8.89,27.22,121
2026-01-19T07:29:26.197840343Z,3.212,8.81,27.26,121
2026-01-19T07:49:26.146244591Z,3.214,8.74,27.39,122
2026-01-19T08:09:26.078442784Z,3.217,8.65,27.37,122
2026-01-19T08:29:26.015060215Z,3.219,8.65,27.46,124
2026-01-19T08:49:25.940217502Z,3.214,8.76,27.34,123
2026-01-19T09:09:25.870738789Z,3.231,8.86,27.22,124
2026-01-19T09:29:25.816011831Z,3.229,9.18,26.86,126
2026-01-19T09:49:25.715584076Z,3.235,9.8,26.87,128
2026-01-19T10:09:25.650994393Z,3.235,10.22,27.19,126
2026-01-19T10:29:25.570910190Z,3.231,10.32,27.25,126
2026-01-19T10:49:25.516648987Z,3.237,10.32,27.25,126
2026-01-19T11:09:25.421035862Z,3.237,10.43,27.14,125
2026-01-19T11:29:25.348155052Z,3.235,10.53,27.08,124
2026-01-19T11:49:25.282059977Z,3.241,10.63,27.14,125
2026-01-19T12:09:24.827559467Z,3.202,10.73,27.04,125
2026-01-19T12:29:25.132795886Z,3.254,10.82,27.02,125
2026-01-19T12:49:25.058976061Z,3.252,10.89,27.02,125
2026-01-19T13:09:24.976138446Z,3.254,10.98,26.89,124
2026-01-19T13:29:24.902664078Z,3.25,11.06,26.73,123
2026-01-19T13:49:24.814392304Z,3.254,11.15,26.4,120
2026-01-19T14:09:24.737426461Z,3.252,11.26,26.77,123
2026-01-19T14:29:24.668005443Z,3.25,11.29,26.89,123
2026-01-19T14:49:24.598624353Z,3.246,11.26,26.9,123
2026-01-19T15:09:24.527741351Z,3.248,11.26,26.84,123
2026-01-19T15:29:24.449365116Z,3.248,11.34,26.78,122
2026-01-19T15:49:24.374789600Z,3.25,11.36,26.66,122
2026-01-19T16:09:24.299316278Z,3.25,11.36,26.66,123
2026-01-19T16:29:24.232241077Z,3.25,11.36,26.59,121
2026-01-19T16:49:24.155221198Z,3.246,11.26,26.55,121
2026-01-19T17:09:24.076008257Z,3.25,11.15,26.55,121
2026-01-19T17:29:24.022322345Z,3.248,11.05,26.53,120
2026-01-19T17:49:23.928415877Z,3.244,10.95,26.53,120
2026-01-19T18:09:23.859584219Z,3.244,10.84,26.53,120
2026-01-19T18:29:23.793595338Z,3.244,10.74,26.53,120
2026-01-19T18:49:23.722827962Z,3.244,10.63,26.53,119
2026-01-19T19:09:23.650601323Z,3.241,10.53,26.52,119
2026-01-19T19:29:23.575897683Z,3.237,10.43,26.52,119
2026-01-19T19:49:23.506040726Z,3.233,10.32,26.52,119
2026-01-19T20:09:23.439675978Z,3.233,10.22,26.57,119
2026-01-19T20:29:23.366261885Z,3.231,10.11,26.52,118
2026-01-19T20:49:23.296881015Z,3.231,10.01,26.57,118
2026-01-19T21:09:23.313063893Z,3.225,9.91,26.55,119
2026-01-19T21:29:23.178220850Z,3.223,9.8,26.54,118
2026-01-19T21:49:23.098080006Z,3.227,9.7,26.51,118
2026-01-19T22:09:23.068593056Z,3.227,9.63,26.51,118
2026-01-19T22:29:22.980242058Z,3.225,9.58,26.5,117
2026-01-19T22:49:22.911875677Z,3.225,9.49,26.5,118
2026-01-19T23:09:22.837508655Z,3.223,9.39,26.5,118
2026-01-19T23:29:22.798133558Z,3.223,9.31,26.5,117
2026-01-19T23:49:22.726330210Z,3.221,9.26,26.5,117
2026-01-20T00:09:22.661213805Z,3.219,9.18,26.38,116
2026-01-20T00:29:22.617556625Z,3.214,9.08,26.38,116
2026-01-20T00:49:22.531460517Z,3.217,9.04,26.38,116
2026-01-20T01:09:22.461080204Z,3.212,8.97,26.37,116
2026-01-20T01:29:22.399238745Z,3.217,8.87,26.35,116
2026-01-20T01:49:22.340598885Z,3.217,8.85,26.25,115
2026-01-20T02:09:22.278912292Z,3.217,8.76,26.25,115
2026-01-20T02:29:22.221349468Z,3.217,8.72,26.25,115
2026-01-20T02:49:22.145599976Z,3.214,8.65,26.37,116
2026-01-20T03:09:22.086899390Z,3.212,8.62,26.25,115
2026-01-20T03:29:22.011316583Z,3.221,8.55,26.3,116
2026-01-20T03:49:21.954692886Z,3.214,8.44,26.25,115
2026-01-20T04:09:21.882284907Z,3.208,8.39,26.22,115
2026-01-20T04:29:21.828597371Z,3.212,8.34,26.13,114
2026-01-20T04:49:21.760886091Z,3.214,8.24,26.13,114
2026-01-20T05:09:21.696160766Z,3.212,8.21,26.21,114
2026-01-20T05:29:21.643366220Z,3.214,8.13,26.24,115
2026-01-20T05:49:21.593003214Z,3.214,8.11,26.22,115
2026-01-20T06:09:21.495101122Z,3.208,8.02,26.12,114
2026-01-20T06:29:21.436870890Z,3.21,8.02,26.12,114
2026-01-20T06:49:21.381408259Z,3.21,7.99,26.12,114
2026-01-20T07:09:21.321294270Z,3.217,7.93,26.04,113
2026-01-20T07:29:21.245982353Z,3.214,7.92,26,113
2026-01-20T07:49:21.178153926Z,3.214,7.92,26,113
2026-01-20T08:09:21.123041130Z,3.219,7.91,25.92,112
2026-01-20T08:29:21.044622637Z,3.219,7.92,25.89,113
2026-01-20T08:49:20.977220850Z,3.223,8,25.89,113
2026-01-20T09:09:20.935734391Z,3.229,8.13,25.77,113
2026-01-20T09:29:20.853559462Z,3.231,8.39,25.54,115
2026-01-20T09:49:20.767683456Z,3.227,8.76,25.55,115
2026-01-20T10:09:20.706715056Z,3.241,9.07,25.67,115
2026-01-20T10:29:20.614386498Z,3.235,9.28,25.67,115
2026-01-20T10:49:20.547336201Z,3.233,9.4,25.6,114
2026-01-20T11:09:20.476327613Z,3.233,9.6,25.56,115
2026-01-20T11:29:20.399355059Z,3.241,9.8,25.65,114
2026-01-20T11:49:20.317427778Z,3.246,9.82,25.56,114
2026-01-20T12:09:20.269476836Z,3.252,9.91,25.44,114
2026-01-20T12:29:20.009590452Z,3.258,10.01,25.44,114
2026-01-20T12:49:19.949318136Z,3.256,10.15,25.45,114
2026-01-20T13:09:20.010572135Z,3.256,10.32,25.33,115
2026-01-20T13:29:19.936040685Z,3.256,10.53,25.33,114
2026-01-20T13:49:19.841217475Z,3.256,10.63,25.23,113
2026-01-20T14:09:19.774250647Z,3.26,10.72,25.22,113
2026-01-20T14:29:19.694810164Z,3.26,10.77,25.33,114
2026-01-20T14:49:19.610265691Z,3.267,10.84,25.22,113
2026-01-20T15:09:19.544966352Z,3.262,10.95,25.34,114
2026-01-20T15:29:19.466920040Z,3.26,11.04,25.22,113
2026-01-20T15:49:19.383741530Z,3.256,11.05,25.23,113
2026-01-20T16:09:19.316270379Z,3.254,11.16,25.1,112
2026-01-20T16:29:19.228648579Z,3.26,11.28,25.11,113
2026-01-20T16:49:19.337281344Z,3.262,11.36,25.23,113
2026-01-20T17:09:19.078635651Z,3.262,11.36,25,111
2026-01-20T17:29:18.993459378Z,3.256,11.35,24.75,108
2026-01-20T17:49:18.916149361Z,3.256,11.26,24.67,108
2026-01-20T18:09:18.843718278Z,3.254,11.15,24.51,106
2026-01-20T18:29:18.961544593Z,3.25,11.05,24.52,105
2026-01-20T18:49:18.718598369Z,3.248,10.95,24.51,105
2026-01-20T19:09:18.630404780Z,3.248,10.84,24.51,105
2026-01-20T19:29:18.556054448Z,3.244,10.74,24.51,104
2026-01-20T19:49:18.468951669Z,3.244,10.68,24.51,104
2026-01-20T20:09:18.410732794Z,3.246,10.63,24.63,105
2026-01-20T20:29:18.351134617Z,3.237,10.53,24.63,106
2026-01-20T20:49:18.279212368Z,3.239,10.43,24.86,107
2026-01-20T21:09:18.198039371Z,3.241,10.35,24.86,107
2026-01-20T21:29:18.128342168Z,3.239,10.32,24.74,106
2026-01-20T21:49:18.059399576Z,3.239,10.23,24.75,107
2026-01-20T22:09:17.990278131Z,3.237,10.22,24.75,107
2026-01-20T22:29:17.938752034Z,3.237,10.14,24.74,107
2026-01-20T22:49:17.859612837Z,3.233,10.11,24.63,106
2026-01-20T23:09:17.778984337Z,3.235,10.06,24.63,106
2026-01-20T23:29:17.724326911Z,3.237,10.01,24.62,106
2026-01-20T23:49:17.654035244Z,3.235,9.99,24.58,105
2026-01-21T00:09:17.578504063Z,3.229,9.91,24.51,105
2026-01-21T00:29:17.515150958Z,3.231,9.83,24.39,103
2026-01-21T00:49:17.451143858Z,3.231,9.8,24.39,103
2026-01-21T01:09:17.377240978Z,3.231,9.77,24.29,103
2026-01-21T01:29:17.309645656Z,3.229,9.7,24.31,103
2026-01-21T01:49:17.240819786Z,3.229,9.66,24.17,102
2026-01-21T02:09:17.173903972Z,3.225,9.59,24.16,101
2026-01-21T02:29:17.094841790Z,3.227,9.54,24.16,101
2026-01-21T02:49:17.041766519Z,3.235,9.49,24.16,101
2026-01-21T03:09:16.968894331Z,3.223,9.42,24.16,101
2026-01-21T03:29:16.901176399Z,3.227,9.39,24.16,101
2026-01-21T03:49:16.833978465Z,3.227,9.37,24.16,101
2026-01-21T04:09:16.777838406Z,3.223,9.28,24.16,101
2026-01-21T04:29:16.702070598Z,3.227,9.23,24.16,101
2026-01-21T04:49:16.641321716Z,3.225,9.18,24.16,101
2026-01-21T05:09:16.571996041Z,3.229,9.09,24.07,100
2026-01-21T05:29:16.498142020Z,3.223,9.07,24.62,104
2026-01-21T05:49:16.431254683Z,3.225,9,24.62,105
2026-01-21T06:09:16.365458005Z,3.219,8.96,24.62,104
2026-01-21T06:29:16.299401116Z,3.223,8.86,24.74,106
2026-01-21T06:49:16.248203524Z,3.217,8.81,24.74,106
2026-01-21T07:09:16.170528211Z,3.219,8.76,24.74,106
2026-01-21T07:29:16.111602282Z,3.214,8.74,24.99,107
2026-01-21T07:49:16.042059024Z,3.219,8.65,24.87,106
2026-01-21T08:09:15.977042348Z,3.227,8.63,24.51,103
2026-01-21T08:29:15.911382546Z,3.223,8.65,24.43,104
2026-01-21T08:49:15.846149523Z,3.227,8.79,24.51,105
2026-01-21T09:09:15.769974932Z,3.237,8.97,24.28,103
2026-01-21T09:29:15.717171565Z,3.237,9.27,23.93,105
2026-01-21T09:49:15.610110124Z,3.248,9.8,23.93,105
2026-01-21T10:09:15.547116408Z,3.241,10.21,24.11,104
2026-01-21T10:29:15.475787639Z,3.241,10.33,24.16,104
2026-01-21T10:49:15.405436859Z,3.248,10.51,24.19,105
2026-01-21T11:09:15.332206466Z,3.241,10.63,24.14,104
2026-01-21T11:29:15.248259905Z,3.248,10.84,24.15,105
2026-01-21T11:49:15.176698058Z,3.25,11.05,23.93,104
2026-01-21T12:09:15.095391718Z,3.254,11.24,23.81,103
2026-01-21T12:29:15.010595369Z,3.256,11.38,23.82,104
2026-01-21T12:49:14.939850240Z,3.26,11.57,23.81,104
2026-01-21T13:09:14.847822810Z,3.256,11.77,24.05,106
2026-01-21T13:29:14.775244220Z,3.26,11.96,23.81,104
2026-01-21T13:49:14.711325580Z,3.26,12.08,23.8,104
2026-01-21T14:09:14.635223577Z,3.26,12.18,23.69,104
2026-01-21T14:29:14.554429229Z,3.267,12.23,23.58,103
2026-01-21T14:49:14.473179453Z,3.254,12.31,23.69,104
2026-01-21T15:09:14.398446649Z,3.262,12.38,23.66,103
2026-01-21T15:29:14.321617857Z,3.265,12.41,23.63,103
2026-01-21T15:49:14.253000789Z,3.262,12.5,23.68,103
2026-01-21T16:09:14.171323992Z,3.26,12.5,23.69,103
2026-01-21T16:29:13.938933397Z,3.26,12.5,23.69,103
2026-01-21T16:49:13.999537325Z,3.254,12.49,23.66,102
2026-01-21T17:09:13.926065259Z,3.258,12.39,23.67,102
2026-01-21T17:29:13.865047518Z,3.256,12.29,23.66,102
2026-01-21T17:49:13.778572972Z,3.254,12.22,23.58,102
2026-01-21T18:09:13.704926177Z,3.254,12.18,23.57,102
2026-01-21T18:29:13.625095022Z,3.256,12.08,23.57,102
2026-01-21T18:49:13.547939144Z,3.254,11.98,23.57,102
2026-01-21T19:09:13.477245742Z,3.25,11.88,23.57,101
2026-01-21T19:29:13.410260355Z,3.252,11.79,23.57,101
2026-01-21T19:49:13.315783133Z,3.248,11.77,23.57,101
2026-01-21T20:09:13.273025681Z,3.252,11.7,23.57,101
2026-01-21T20:29:13.179410102Z,3.25,11.67,23.58,102
2026-01-21T20:49:13.116550505Z,3.252,11.67,23.62,102
2026-01-21T21:09:13.028893619Z,3.252,11.63,23.57,101
2026-01-21T21:29:12.946102857Z,3.254,11.59,23.57,101
2026-01-21T21:49:12.875899395Z,3.244,11.57,23.57,101
2026-01-21T22:09:12.814414282Z,3.248,11.56,23.57,101
2026-01-21T22:29:12.745975057Z,3.246,11.49,23.59,101
2026-01-21T22:49:12.661271573Z,3.25,11.46,23.63,101
2026-01-21T23:09:12.594416556Z,3.248,11.46,23.59,101
2026-01-21T23:29:12.519492636Z,3.241,11.41,23.65,101
2026-01-21T23:49:12.452469403Z,3.248,11.36,23.64,101
2026-01-22T00:09:12.372756817Z,3.25,11.36,23.6,101
2026-01-22T00:29:12.309297036Z,3.248,11.35,23.61,101
2026-01-22T00:49:12.235040201Z,3.246,11.35,23.57,101
2026-01-22T01:09:12.150366182Z,3.248,11.36,23.58,101
2026-01-22T01:29:12.088969238Z,3.248,11.36,23.67,101
2026-01-22T01:49:12.016383149Z,3.241,11.36,24.08,105
2026-01-22T02:09:11.926820776Z,3.244,11.35,24.04,105
2026-01-22T02:29:11.851265944Z,3.244,11.35,24.04,105
2026-01-22T02:49:11.786712253Z,3.244,11.36,24.03,105
2026-01-22T03:09:11.709386627Z,3.241,11.36,24.05,106
2026-01-22T03:29:11.646066255Z,3.244,11.36,24.49,109
2026-01-22T03:49:11.558204471Z,3.241,11.37,24.63,111
2026-01-22T04:09:11.485539535Z,3.246,11.42,24.75,112
2026-01-22T04:29:11.417464239Z,3.246,11.44,24.82,113
2026-01-22T04:49:11.357301880Z,3.241,11.46,24.99,114
2026-01-22T05:09:11.284379246Z,3.244,11.46,25.11,116
2026-01-22T05:29:11.211647549Z,3.248,11.55,25.18,116
2026-01-22T05:49:11.138061897Z,3.244,11.57,25.23,117
2026-01-22T06:09:11.046780202Z,3.248,11.61,25.34,118
2026-01-22T06:29:10.983083424Z,3.248,11.66,25.34,118
2026-01-22T06:49:10.907282567Z,3.244,11.67,25.35,119
2026-01-22T07:09:10.838789548Z,3.246,11.67,25.46,120
2026-01-22T07:29:10.749645918Z,3.244,11.71,25.46,120
2026-01-22T07:49:10.686070564Z,3.248,11.76,25.46,120
2026-01-22T08:09:10.614436674Z,3.241,11.77,25.47,121
2026-01-22T08:29:10.549300485Z,3.252,11.84,25.47,121
2026-01-22T08:49:10.459525548Z,3.248,11.9,25.47,121
2026-01-22T09:09:10.379591601Z,3.248,11.98,25.53,122
2026-01-22T09:29:10.311229301Z,3.248,12.08,25.47,122
2026-01-22T09:49:10.238512191Z,3.248,12.19,25.47,122
2026-01-22T10:09:10.008374145Z,3.254,12.35,25.39,123
2026-01-22T10:29:10.079973894Z,3.254,12.61,25.36,123
2026-01-22T10:49:10.010089890Z,3.256,12.91,25.36,123
2026-01-22T11:09:09.756770143Z,3.256,13.12,25.36,124
2026-01-22T11:29:09.845108611Z,3.258,13.33,25.36,124
2026-01-22T11:49:09.769727022Z,3.265,13.52,25.37,125
2026-01-22T12:09:09.701015974Z,3.265,13.77,25.37,124
2026-01-22T12:29:09.613657623Z,3.262,14,25.3,124
2026-01-22T12:49:09.396192600Z,3.265,14.14,25.26,124
2026-01-22T13:09:09.307847657Z,3.267,14.26,25.26,124
2026-01-22T13:29:08.728151272Z,3.212,14.43,25.14,122
2026-01-22T13:49:09.296385412Z,3.269,14.6,25.38,125
2026-01-22T14:09:09.064403507Z,3.277,14.76,25.28,124
2026-01-22T14:29:09.128798355Z,3.271,14.77,25.38,124
2026-01-22T14:49:09.052307599Z,3.271,14.82,25.39,124
2026-01-22T15:09:08.975690548Z,3.267,14.81,25.38,123
2026-01-22T15:29:08.510338446Z,3.212,14.8,25.26,122
2026-01-22T15:49:08.684866851Z,3.269,14.82,25.26,123
2026-01-22T16:09:08.761356600Z,3.269,14.86,25.02,120
2026-01-22T16:29:08.658153009Z,3.269,14.86,25.51,126
2026-01-22T16:49:08.579035042Z,3.267,14.84,25.39,123
2026-01-22T17:09:08.495296836Z,3.267,14.75,25.38,122
2026-01-22T17:29:08.425977632Z,3.267,14.58,25.63,124
2026-01-22T17:49:08.356943293Z,3.262,14.45,25.51,124
2026-01-22T18:09:08.281632419Z,3.262,14.28,25.26,122
2026-01-22T18:29:08.209121497Z,3.265,14.14,25.31,123
2026-01-22T18:49:07.948952172Z,3.262,14.04,25.37,123
2026-01-22T19:09:08.091582658Z,3.269,13.95,25.37,121
2026-01-22T19:29:07.958396208Z,3.26,13.83,25.13,119
2026-01-22T19:49:07.895697027Z,3.256,13.72,25.25,121
2026-01-22T20:09:07.828098827Z,3.254,13.53,25.25,121
2026-01-22T20:29:07.746413505Z,3.256,13.42,25.13,120
2026-01-22T20:49:07.668842209Z,3.256,13.31,25.01,119
2026-01-22T21:09:07.592871849Z,3.254,13.22,24.94,119
2026-01-22T21:29:07.518225624Z,3.25,13.18,25,120
2026-01-22T21:49:07.448640739Z,3.252,13.11,24.79,118
2026-01-22T22:09:07.376628387Z,3.256,13.11,24.76,117
2026-01-22T22:29:07.296738730Z,3.25,13.11,24.79,117
2026-01-22T22:49:07.215552433Z,3.252,13.08,24.76,117
2026-01-22T23:09:07.156151910Z,3.25,13.05,24.87,118
2026-01-22T23:29:07.078592855Z,3.252,13.02,24.52,115
2026-01-22T23:49:06.994720898Z,3.248,13.01,24.57,115
2026-01-23T00:09:06.925017544Z,3.252,13.01,24.52,114
2026-01-23T00:29:06.849112255Z,3.25,13.01,24.53,115
2026-01-23T00:49:06.765573889Z,3.252,13,24.55,115
2026-01-23T01:09:06.707015224Z,3.25,12.96,24.52,115
2026-01-23T01:29:06.615290001Z,3.258,12.91,24.62,115
2026-01-23T01:49:06.549007616Z,3.246,12.8,24.52,115
2026-01-23T02:09:06.487651709Z,3.248,12.7,24.52,114
2026-01-23T02:29:06.408900930Z,3.254,12.61,24.76,115
2026-01-23T02:49:06.338180556Z,3.248,12.56,24.61,114
2026-01-23T03:09:06.386540308Z,3.244,12.5,24.48,113
2026-01-23T03:29:06.176496977Z,3.25,12.5,24.52,114
2026-01-23T03:49:06.115387606Z,3.241,12.49,24.52,113
2026-01-23T04:09:06.048488015Z,3.246,12.45,24.46,112
2026-01-23T04:29:05.962804651Z,3.241,12.39,24.52,112
2026-01-23T04:49:05.902168616Z,3.248,12.29,24.45,112
2026-01-23T05:09:05.819493305Z,3.246,12.27,24.52,112
2026-01-23T05:29:05.746919400Z,3.25,12.23,24.52,113
2026-01-23T05:49:05.696111417Z,3.244,12.2,24.52,113
2026-01-23T06:09:05.597337465Z,3.241,12.19,24.4,112
2026-01-23T06:29:05.516818587Z,3.248,12.19,24.49,112
2026-01-23T06:49:05.455343993Z,3.246,12.19,24.51,113
2026-01-23T07:09:05.385076251Z,3.246,12.19,24.53,113
2026-01-23T07:29:05.306339045Z,3.244,12.19,24.64,114
2026-01-23T07:49:05.236104636Z,3.239,12.19,24.64,114
2026-01-23T08:09:05.165426422Z,3.246,12.19,24.64,115
2026-01-23T08:29:05.088522656Z,3.248,12.19,24.64,115
2026-01-23T08:49:05.017779453Z,3.248,12.29,24.57,114
2026-01-23T09:09:04.935843076Z,3.248,12.39,24.53,115
2026-01-23T09:29:04.855156853Z,3.252,12.6,24.4,116
2026-01-23T09:49:04.816285973Z,3.254,12.97,24.52,116
2026-01-23T10:09:04.713206872Z,3.254,13.16,24.42,114
2026-01-23T10:29:04.249490516Z,3.194,13.31,24.29,113
2026-01-23T10:49:04.177795383Z,3.204,13.42,24.29,113
2026-01-23T11:09:04.491931311Z,3.262,13.63,24.17,112
2026-01-23T11:29:04.412876061Z,3.254,13.76,24.26,113
2026-01-23T11:49:04.329709762Z,3.262,13.93,24.41,114
2026-01-23T12:09:04.233957515Z,3.262,14.04,24.13,112
2026-01-23T12:29:03.769046005Z,3.204,14.14,24.07,112
2026-01-23T12:49:04.078699795Z,3.258,14.21,24.05,111
2026-01-23T13:09:04.001516894Z,3.262,14.24,24.07,112
2026-01-23T13:29:03.942005968Z,3.273,14.32,24.05,111
2026-01-23T13:49:03.851476445Z,3.267,14.33,24.09,111
2026-01-23T14:09:03.769892061Z,3.267,14.34,24.16,111
2026-01-23T14:29:03.552021506Z,3.26,14.33,24.17,111
2026-01-23T14:49:03.617340587Z,3.258,14.25,24.17,111
2026-01-23T15:09:03.532189968Z,3.26,14.24,24.18,112
2026-01-23T15:29:03.476021010Z,3.26,14.24,24.41,112
2026-01-23T15:49:03.381089115Z,3.258,14.22,26.35,126
2026-01-23T16:09:03.301327408Z,3.256,14.14,26.48,127
2026-01-23T16:29:03.229246737Z,3.262,14.08,26.35,128
2026-01-23T16:49:03.161789095Z,3.265,14.03,26.08,125
2026-01-23T17:09:03.069197728Z,3.258,13.95,26.08,126
2026-01-23T17:29:03.008716093Z,3.26,13.85,25.88,125
2026-01-23T17:49:02.930442069Z,3.252,13.73,25.61,121
2026-01-23T18:09:02.863167449Z,3.25,13.63,25.5,121
2026-01-23T18:29:02.791188163Z,3.254,13.52,25.41,120
2026-01-23T18:49:02.720289106Z,3.252,13.41,25.37,120
2026-01-23T19:09:02.683350852Z,3.246,13.32,25.37,121
2026-01-23T19:29:02.570463452Z,3.252,13.22,25.36,121
2026-01-23T19:49:02.490102845Z,3.248,13.1,25.36,120
2026-01-23T20:09:02.417059917Z,3.252,12.93,25.38,120
2026-01-23T20:29:02.349976511Z,3.248,12.81,25.24,120
2026-01-23T20:49:02.297418141Z,3.25,12.7,25.23,120
2026-01-23T21:09:02.227327771Z,3.241,12.69,25.12,119
2026-01-23T21:29:02.123849900Z,3.241,12.63,25.35,121
2026-01-23T21:49:02.061563713Z,3.246,12.6,25.25,120
2026-01-23T22:09:01.979759257Z,3.254,12.56,25.26,120
2026-01-23T22:29:01.934474259Z,3.244,12.5,25.35,121
2026-01-23T22:49:01.848843257Z,3.241,12.39,25.23,120
2026-01-23T23:09:01.757885433Z,3.239,12.29,25.17,118
2026-01-23T23:29:01.694735334Z,3.244,12.2,24.99,116
2026-01-23T23:49:01.618683630Z,3.241,12.19,24.88,115
2026-01-24T00:09:01.536655446Z,3.241,12.11,24.98,116
2026-01-24T00:29:01.479790528Z,3.244,12.08,24.76,113
2026-01-24T00:49:01.405287074Z,3.241,12,24.87,114
2026-01-24T01:09:01.330234208Z,3.244,11.98,25.11,116
2026-01-24T01:29:01.269689581Z,3.239,11.98,25.35,117
2026-01-24T01:49:01.193295503Z,3.239,11.91,27.17,131
2026-01-24T02:09:01.119451650Z,3.248,11.88,27.25,132
2026-01-24T02:29:01.051670802Z,3.239,11.86,27.07,131
2026-01-24T02:49:00.984974854Z,3.239,11.82,26.99,131
2026-01-24T03:09:00.901199421Z,3.241,11.79,26.8,130
2026-01-24T03:29:00.833524004Z,3.235,11.78,26.79,130
2026-01-24T03:49:00.757923124Z,3.239,11.77,26.67,129
2026-01-24T04:09:00.685201155Z,3.235,11.71,26.55,128
2026-01-24T04:29:00.610426843Z,3.237,11.63,26.55,128
2026-01-24T04:49:00.555705366Z,3.233,11.54,26.54,128
2026-01-24T05:09:00.483086761Z,3.237,11.45,26.54,128
2026-01-24T05:29:00.408795718Z,3.241,11.36,26.31,126
2026-01-24T05:49:00.346899701Z,3.237,11.26,26.42,127
2026-01-24T06:09:00.273780220Z,3.233,11.23,26.17,125
2026-01-24T06:29:00.194927706Z,3.235,11.16,26.29,127
2026-01-24T06:49:00.128868433Z,3.235,11.15,26.07,125
2026-01-24T07:09:00.059826735Z,3.231,11.14,26.29,126
2026-01-24T07:28:59.986173803Z,3.229,11.06,26.29,127
2026-01-24T07:48:59.919476700Z,3.233,11.05,26.17,125
2026-01-24T08:08:59.844843792Z,3.231,11.03,26.91,133
2026-01-24T08:28:59.787149736Z,3.235,10.98,26.48,128
2026-01-24T08:48:59.695636312Z,3.237,10.95,27.03,132
2026-01-24T09:08:59.646998768Z,3.231,10.9,28.94,143
2026-01-24T09:28:59.578969751Z,3.233,10.84,32.1,156
2026-01-24T09:48:59.516403916Z,3.237,10.74,30.78,145
2026-01-24T10:08:59.510390780Z,3.233,10.82,29.63,140
2026-01-24T10:28:59.359977721Z,3.235,10.95,28.95,135
2026-01-24T10:48:59.289455880Z,3.233,11.07,28.55,133
2026-01-24T11:08:59.216816816Z,3.235,11.15,27.65,124
2026-01-24T11:28:59.157946835Z,3.239,11.26,27.76,126
2026-01-24T11:48:59.068165497Z,3.239,11.36,27.53,125
2026-01-24T12:08:59.004985867Z,3.246,11.46,27.19,124
2026-01-24T12:28:58.912898397Z,3.25,11.58,27.06,124
2026-01-24T12:48:58.841836748Z,3.254,11.79,27.12,124
2026-01-24T13:08:58.770239555Z,3.252,11.89,27,124
2026-01-24T13:28:58.679637939Z,3.25,12.09,26.93,124
2026-01-24T13:48:58.609059501Z,3.248,12.19,26.76,121
2026-01-24T14:08:58.539340969Z,3.25,12.18,26.7,121
2026-01-24T14:28:58.466296903Z,3.248,12.18,26.67,121
2026-01-25T11:08:54.110777715Z,3.248,11.05,27.27,136
2026-01-25T11:28:54.002968846Z,3.246,11.07,27.22,136
2026-01-25T11:48:53.923983682Z,3.244,11.14,27.15,136
2026-01-25T12:08:53.849283709Z,3.252,11.16,27.15,136
2026-01-25T12:28:53.787128317Z,3.254,11.26,27.03,136
2026-01-25T12:48:53.696627673Z,3.26,11.43,27.03,136
2026-01-25T13:08:53.621053188Z,3.258,11.66,26.91,136
2026-01-25T13:28:53.545414150Z,3.258,11.88,26.92,136
2026-01-25T13:48:53.467794955Z,3.267,11.99,26.92,136
2026-01-25T14:08:53.401604374Z,3.262,12.18,26.92,135
2026-01-25T14:28:53.306250382Z,3.265,12.29,26.85,135
2026-01-25T14:48:52.937310978Z,3.208,12.34,26.81,134
2026-01-25T15:08:53.149010327Z,3.267,12.4,26.81,134
2026-01-25T15:28:53.063993779Z,3.265,12.49,26.8,133
2026-01-25T15:48:52.997948556Z,3.262,12.53,26.69,134
2026-01-25T16:08:52.535402542Z,3.204,12.68,26.69,133
2026-01-25T16:28:52.831070818Z,3.262,12.76,26.69,133
2026-01-25T16:48:52.744419978Z,3.262,12.76,26.69,132
2026-01-25T17:08:52.685625343Z,3.258,12.7,26.69,132
2026-01-25T17:28:52.605856137Z,3.265,12.6,26.69,132
2026-01-25T17:48:52.520853416Z,3.256,12.5,26.69,132
2026-01-25T18:08:52.445207263Z,3.256,12.39,26.72,132
2026-01-25T18:28:52.371057111Z,3.254,12.29,26.75,132
2026-01-25T18:48:52.314148318Z,3.252,12.15,26.75,131
2026-01-25T19:08:52.229756062Z,3.246,12,26.73,132
2026-01-25T19:28:52.154251541Z,3.25,11.92,26.72,131
2026-01-25T19:48:52.096272360Z,3.25,11.85,26.7,131
2026-01-25T20:08:52.008002719Z,3.248,11.76,26.71,131
2026-01-25T20:28:52.017388552Z,3.244,11.66,26.73,131
2026-01-25T20:48:51.864468636Z,3.241,11.56,26.71,131
2026-01-25T21:08:51.794327766Z,3.241,11.46,26.71,130
2026-01-25T21:28:51.716441880Z,3.241,11.36,26.72,130
2026-01-25T21:48:51.722485505Z,3.239,11.26,26.71,130
2026-01-25T22:08:51.592022917Z,3.246,11.15,26.7,130
2026-01-25T22:28:51.527562372Z,3.237,11.06,26.69,129
2026-01-25T22:48:51.443802601Z,3.237,11,26.67,129
2026-01-25T23:08:51.380485271Z,3.237,10.94,26.66,129
2026-01-25T23:28:51.317673217Z,3.235,10.84,26.65,129
2026-01-25T23:48:51.237215831Z,3.235,10.8,26.65,129
2026-01-26T00:08:51.171874154Z,3.235,10.74,26.65,129
2026-01-26T00:28:51.108438475Z,3.235,10.63,26.65,128
2026-01-26T00:48:51.034987147Z,3.235,10.58,26.65,128
2026-01-26T01:08:50.969293372Z,3.231,10.53,26.64,128
2026-01-26T01:28:50.902432878Z,3.231,10.43,26.64,128
2026-01-26T01:48:50.836151406Z,3.231,10.34,26.64,128
2026-01-26T02:08:50.808177267Z,3.231,10.3,26.64,127
2026-01-26T02:28:50.689161919Z,3.225,10.22,26.64,127
2026-01-26T02:48:50.628751690Z,3.229,10.12,26.64,127
2026-01-26T03:08:50.569380187Z,3.229,10.06,26.63,127
2026-01-26T03:28:50.489273365Z,3.231,10.01,26.61,127
2026-01-26T03:48:50.447429211Z,3.227,9.92,26.6,127
2026-01-26T04:08:50.370398983Z,3.229,9.9,26.57,126
2026-01-26T04:28:50.285671695Z,3.229,9.81,26.55,126
2026-01-26T04:48:50.208391401Z,3.227,9.8,26.53,126
2026-01-26T05:08:50.145577724Z,3.223,9.76,26.51,126
2026-01-26T05:28:50.078522944Z,3.227,9.7,26.51,126
2026-01-26T05:48:50.009856881Z,3.221,9.68,26.51,125
2026-01-26T06:08:49.947358225Z,3.223,9.6,26.51,126
2026-01-26T06:28:49.878894506Z,3.225,9.59,26.5,125
2026-01-26T06:48:49.810877769Z,3.227,9.51,26.5,125
2026-01-26T07:08:49.739590818Z,3.227,9.49,26.5,125
2026-01-26T07:28:49.666618317Z,3.227,9.42,26.5,125
2026-01-26T07:48:49.609445416Z,3.223,9.39,26.5,125
2026-01-26T08:08:49.540460787Z,3.235,9.39,26.43,124
2026-01-26T08:28:49.455757494Z,3.235,9.4,26.38,125
2026-01-26T08:48:49.387868673Z,3.237,9.54,26.33,125
2026-01-26T09:08:49.307063587Z,3.244,9.7,26.27,125
2026-01-26T09:28:48.841841352Z,3.244,10.01,25.8,126
2026-01-26T09:48:49.151577435Z,3.241,10.64,25.69,127
2026-01-26T10:08:49.141570654Z,3.248,11.16,25.99,126
2026-01-26T10:28:49.003496972Z,3.244,11.36,26.06,125
2026-01-26T10:48:48.987485481Z,3.26,11.46,26.06,125
2026-01-26T11:08:48.851253824Z,3.252,11.55,26.06,125
2026-01-26T11:28:48.779923595Z,3.252,11.57,26.06,125
2026-01-26T11:48:48.573513632Z,3.254,11.66,25.99,124
2026-01-26T12:08:48.470176404Z,3.26,11.75,25.94,124
2026-01-26T12:28:48.534337584Z,3.265,11.86,25.93,124
2026-01-26T12:48:48.457460093Z,3.262,11.98,25.83,124
2026-01-26T13:08:48.392615362Z,3.267,12.28,25.72,124
2026-01-26T13:28:48.298545879Z,3.267,12.52,25.78,124
2026-01-26T13:48:48.060917432Z,3.269,12.7,25.75,124
2026-01-26T14:08:48.166075965Z,3.271,12.91,25.73,123
2026-01-26T14:28:48.071983366Z,3.269,13.01,25.72,123
2026-01-26T14:48:47.993064688Z,3.271,13.09,25.72,123
2026-01-26T15:08:47.902152020Z,3.277,13.13,25.72,123
2026-01-26T15:28:47.814711237Z,3.269,13.21,25.67,123
2026-01-26T15:48:47.355710894Z,3.212,13.27,25.61,123
2026-01-26T16:08:47.670694914Z,3.269,13.42,25.59,123
2026-01-26T16:28:47.585145992Z,3.265,13.54,25.55,123
2026-01-26T16:48:47.120988002Z,3.212,13.57,25.61,122
2026-01-26T17:08:47.428264778Z,3.267,13.52,25.61,122
2026-01-26T17:28:46.967423951Z,3.212,13.42,25.65,122
2026-01-26T17:48:47.281660866Z,3.265,13.26,25.7,122
2026-01-26T18:08:47.198343150Z,3.262,13.11,25.72,122
2026-01-26T18:28:47.119955577Z,3.26,12.99,25.72,122
2026-01-26T18:48:47.056997925Z,3.256,12.8,25.72,121
2026-01-26T19:08:46.960795250Z,3.256,12.7,25.72,121
2026-01-26T19:28:46.905775766Z,3.254,12.56,25.72,121
2026-01-26T19:48:46.812932358Z,3.252,12.42,25.71,121
2026-01-26T20:08:46.763114806Z,3.25,12.29,25.71,121
2026-01-26T20:28:46.668796490Z,3.25,12.19,25.71,120
2026-01-26T20:48:46.602612530Z,3.252,12.08,25.71,121
2026-01-26T21:08:46.547726036Z,3.252,11.98,25.71,120
2026-01-26T21:28:46.462752236Z,3.241,11.88,25.7,120
2026-01-26T21:48:46.393173922Z,3.246,11.77,25.7,120
2026-01-26T22:08:46.332016399Z,3.244,11.68,25.7,120
2026-01-26T22:28:46.276903995Z,3.244,11.67,25.7,120
2026-01-26T22:48:46.192686477Z,3.241,11.63,25.66,120
2026-01-26T23:08:46.115287876Z,3.246,11.67,25.61,120
2026-01-26T23:28:46.043430056Z,3.248,11.68,25.59,120
2026-01-26T23:48:45.953440603Z,3.241,11.73,25.59,119
2026-01-27T00:08:45.886191784Z,3.241,11.7,25.63,119
2026-01-27T00:28:45.815666194Z,3.244,11.66,25.66,119
2026-01-27T00:48:45.748269973Z,3.244,11.57,25.65,119
2026-01-27T01:08:45.673580908Z,3.244,11.5,25.61,119
2026-01-27T01:28:45.595152548Z,3.241,11.46,25.59,119
2026-01-27T01:48:45.533952059Z,3.244,11.46,25.58,119
2026-01-27T02:08:45.455131463Z,3.244,11.46,25.58,119
2026-01-27T02:28:45.399765871Z,3.25,11.46,25.58,118
2026-01-27T02:48:45.314628471Z,3.241,11.46,25.58,118
2026-01-27T03:08:45.234533775Z,3.248,11.47,25.58,118
2026-01-27T03:28:45.174432345Z,3.239,11.46,25.58,118
2026-01-27T03:48:45.096619056Z,3.239,11.46,25.58,118
2026-01-27T04:08:45.025562398Z,3.237,11.45,25.58,118
2026-01-27T04:28:44.951754829Z,3.239,11.36,25.58,118
2026-01-27T04:48:44.875430081Z,3.239,11.36,25.58,118
2026-01-27T05:08:44.810020223Z,3.246,11.36,25.58,118
2026-01-27T05:28:44.744755500Z,3.239,11.33,25.58,117
2026-01-27T05:48:44.667029779Z,3.248,11.26,25.58,117
2026-01-27T06:08:44.594269549Z,3.237,11.18,25.58,117
2026-01-27T06:28:44.526301258Z,3.235,11.15,25.58,117
2026-01-27T06:48:44.450589777Z,3.246,11.05,25.57,117
2026-01-27T07:08:44.375783638Z,3.239,11.04,25.56,117
2026-01-27T07:28:44.315296938Z,3.239,10.98,25.54,117
2026-01-27T07:48:44.242899293Z,3.237,10.95,25.52,117
2026-01-27T08:08:44.174945440Z,3.241,10.95,25.46,116
2026-01-27T08:28:44.096330385Z,3.237,10.99,25.46,116
2026-01-27T08:48:44.014648508Z,3.235,11.05,25.44,117
2026-01-27T09:08:43.945194396Z,3.246,11.18,25.34,116
2026-01-27T09:28:43.862262865Z,3.246,11.36,25.12,117
2026-01-27T09:48:43.798186459Z,3.246,11.67,24.99,117
2026-01-27T10:08:43.587903416Z,3.25,11.98,25.22,116
2026-01-27T10:28:43.652962260Z,3.25,12.16,25.22,116
2026-01-27T10:48:43.578833033Z,3.252,12.29,25.16,116
2026-01-27T11:08:43.496312573Z,3.252,12.39,25.15,115
2026-01-27T11:28:43.421372538Z,3.25,12.43,25.12,115
2026-01-27T11:48:43.336968730Z,3.256,12.5,25.11,115
2026-01-27T12:08:43.262318595Z,3.262,12.6,25.02,115
2026-01-27T12:28:43.044981484Z,3.26,12.73,25,115
2026-01-27T12:48:43.097765486Z,3.267,12.91,24.97,115
2026-01-27T13:08:43.025196196Z,3.265,13.19,24.88,115
2026-01-27T13:28:42.943344335Z,3.262,13.42,24.89,115
2026-01-27T13:48:42.867853842Z,3.267,13.63,24.87,115
2026-01-27T14:08:42.793217915Z,3.265,13.83,24.8,115
2026-01-27T14:28:42.792716839Z,3.267,13.94,24.77,114
2026-01-27T14:48:42.624804981Z,3.265,14.04,24.77,114
2026-01-27T15:08:42.544562455Z,3.271,14.14,24.77,114
2026-01-27T15:28:42.469708737Z,3.265,14.24,24.77,113
2026-01-27T15:48:42.215086941Z,3.271,14.32,24.68,113
2026-01-27T16:08:42.312376265Z,3.265,14.38,24.68,113
2026-01-27T16:28:42.226513445Z,3.269,14.42,24.73,113
2026-01-27T16:48:42.156000543Z,3.271,14.35,24.74,113
2026-01-27T17:08:41.929027082Z,3.267,14.34,24.75,112
2026-01-27T17:28:42.000401559Z,3.271,14.25,24.74,112
2026-01-27T17:48:41.909324926Z,3.265,14.22,24.73,112
2026-01-27T18:08:41.839162197Z,3.267,14.14,24.72,112
2026-01-27T18:28:41.755836717Z,3.265,14.07,24.7,112
2026-01-27T18:48:41.681253421Z,3.265,14.04,24.69,112
2026-01-27T19:08:41.596620883Z,3.265,13.94,24.72,112
2026-01-27T19:28:41.518503953Z,3.258,13.86,24.7,112
2026-01-27T19:48:41.443066668Z,3.258,13.83,24.68,112
2026-01-27T20:08:41.365614327Z,3.256,13.73,24.68,112
2026-01-27T20:28:41.282912723Z,3.262,13.73,24.66,112
2026-01-27T20:48:41.214378052Z,3.26,13.65,24.68,111
2026-01-27T21:08:41.126567275Z,3.258,13.59,24.7,111
2026-01-27T21:28:41.056609728Z,3.258,13.52,24.68,111
2026-01-27T21:48:41.000563999Z,3.258,13.45,24.67,111
2026-01-27T22:08:40.915295626Z,3.262,13.42,24.66,111
2026-01-27T22:28:40.826580262Z,3.256,13.42,24.65,111
2026-01-27T22:48:40.765357711Z,3.256,13.42,24.65,111
2026-01-27T23:08:40.692822546Z,3.256,13.4,24.65,111
2026-01-27T23:28:40.616910520Z,3.256,13.36,24.65,111
2026-01-27T23:48:40.529131800Z,3.254,13.33,24.65,111
2026-01-28T00:08:40.461237568Z,3.25,13.32,24.65,111
2026-01-28T00:28:40.380742246Z,3.254,13.32,24.65,110
2026-01-28T00:48:40.317483875Z,3.256,13.31,24.65,110
2026-01-28T01:08:40.253546189Z,3.258,13.25,24.65,110
2026-01-28T01:28:40.163531153Z,3.252,13.22,24.64,110
2026-01-28T01:48:40.086202386Z,3.25,13.22,24.65,110
2026-01-28T02:08:40.006127320Z,3.254,13.22,24.7,111
2026-01-28T02:28:39.937112916Z,3.248,13.21,24.66,110
2026-01-28T02:48:39.870338506Z,3.248,13.16,24.66,110
2026-01-28T03:08:39.786180066Z,3.252,13.14,24.65,110
2026-01-28T03:28:39.712097934Z,3.252,13.13,24.64,110
2026-01-28T03:48:39.623682726Z,3.258,13.12,24.64,110
2026-01-28T04:08:39.418892785Z,3.25,13.11,24.65,110
2026-01-28T04:28:39.472197262Z,3.254,13.11,24.64,110
2026-01-28T04:48:39.409523267Z,3.252,13.05,24.64,109
2026-01-28T05:08:39.353364328Z,3.25,13.01,24.64,109
2026-01-28T05:28:39.263275526Z,3.248,12.91,24.65,109
2026-01-28T05:48:39.196026627Z,3.25,12.91,24.64,109
2026-01-28T06:08:39.116686240Z,3.248,12.82,24.64,109
2026-01-28T06:28:39.050691723Z,3.248,12.8,24.64,108
2026-01-28T06:48:38.979200464Z,3.252,12.73,24.64,109
2026-01-28T07:08:38.879679037Z,3.25,12.7,24.64,109
2026-01-28T07:28:38.832977271Z,3.246,12.7,24.64,109
2026-01-28T07:48:38.739580705Z,3.246,12.65,24.64,109
2026-01-28T08:08:38.654576135Z,3.252,12.6,24.62,109
2026-01-28T08:28:38.581439475Z,3.254,12.7,24.53,109
2026-01-28T08:48:38.512685181Z,3.254,12.77,24.52,109
2026-01-28T09:08:38.432032488Z,3.256,12.9,24.42,109
2026-01-28T09:28:38.203743147Z,3.256,13.11,24.17,109
2026-01-28T09:48:38.274764572Z,3.254,13.51,24.17,109
2026-01-28T10:08:38.199679312Z,3.269,13.78,24.29,109
2026-01-28T10:28:38.121070908Z,3.26,13.93,24.35,109
2026-01-28T10:48:38.035642467Z,3.26,13.97,24.2,108
2026-01-28T11:08:37.964094598Z,3.267,14.04,24.17,108
2026-01-28T11:28:37.901792780Z,3.267,14.14,24.17,108
2026-01-28T11:48:37.648799536Z,3.265,14.24,24.07,108
2026-01-28T12:08:37.722322163Z,3.271,14.35,24.17,108
2026-01-28T12:28:36.979525522Z,3.217,14.47,24.05,108
2026-01-28T12:48:37.553854439Z,3.269,14.67,24.05,108
2026-01-28T13:08:37.336904221Z,3.273,14.88,24.05,108
2026-01-28T13:28:37.394484491Z,3.273,14.98,24.05,107
2026-01-28T13:48:37.317672147Z,3.269,15.06,24.05,107
2026-01-28T14:08:37.242171681Z,3.273,15.07,23.95,107
2026-01-28T14:28:36.994640145Z,3.271,15.17,23.93,107
2026-01-28T14:48:37.080994600Z,3.271,15.27,23.93,107
2026-01-28T15:08:36.994727018Z,3.271,15.29,23.93,107
2026-01-28T15:28:36.254386110Z,3.217,15.29,23.93,107
2026-01-28T15:48:36.837257742Z,3.273,15.32,23.92,107
2026-01-28T16:08:36.766228162Z,3.271,15.37,23.92,107
2026-01-28T16:28:36.696090263Z,3.271,15.35,23.92,106
2026-01-28T16:48:36.606493372Z,3.267,15.27,23.93,107
2026-01-28T17:08:36.521354756Z,3.269,15.18,23.93,106
2026-01-28T17:28:36.444319460Z,3.273,15.16,23.92,106
2026-01-28T17:48:36.364239962Z,3.267,15.06,23.93,106
2026-01-28T18:08:36.284229395Z,3.265,14.96,23.93,106
2026-01-28T18:28:36.214609992Z,3.265,14.8,23.93,106
2026-01-28T18:48:36.129531924Z,3.26,14.65,23.93,106
2026-01-28T19:08:36.050050302Z,3.26,14.55,23.93,106
2026-01-28T19:28:35.977124072Z,3.26,14.45,23.93,105
2026-01-28T19:48:35.924139108Z,3.262,14.33,23.93,106
2026-01-28T20:08:35.828953022Z,3.26,14.21,23.93,105
2026-01-28T20:28:35.758224812Z,3.256,14.11,23.93,105
2026-01-28T20:48:35.682168954Z,3.267,14.02,23.93,105
2026-01-28T21:08:35.605150318Z,3.256,13.93,23.93,106
2026-01-28T21:28:35.390825526Z,3.252,13.83,23.93,105
2026-01-28T21:48:35.453555840Z,3.256,13.74,23.94,105
2026-01-28T22:08:35.401200813Z,3.254,13.69,23.95,105
2026-01-28T22:28:35.317873732Z,3.252,13.62,23.94,105
2026-01-28T22:48:35.228498034Z,3.256,13.52,23.94,105
2026-01-28T23:08:35.155186907Z,3.252,13.42,23.95,105
2026-01-28T23:28:35.098881543Z,3.248,13.32,23.96,105
2026-01-28T23:48:35.021449699Z,3.254,13.23,23.93,104
2026-01-29T00:08:34.940680760Z,3.246,13.19,23.94,104
2026-01-29T00:28:34.873178883Z,3.246,13.11,23.93,104
2026-01-29T00:48:34.807043628Z,3.248,13.04,23.93,105
2026-01-29T01:08:34.718160159Z,3.246,13.01,23.93,105
2026-01-29T01:28:34.646924319Z,3.246,12.97,23.93,104
2026-01-29T01:48:34.587626206Z,3.246,12.91,23.93,104
2026-01-29T02:08:34.511838655Z,3.244,12.88,23.93,104
2026-01-29T02:28:34.430803689Z,3.248,12.81,23.93,104
2026-01-29T02:48:34.361228512Z,3.246,12.8,23.93,104
2026-01-29T03:08:34.277312141Z,3.244,12.8,23.93,104
2026-01-29T03:28:34.211360499Z,3.248,12.8,23.93,104
2026-01-29T03:48:34.131846725Z,3.248,12.82,23.93,104
2026-01-29T04:08:34.069515776Z,3.254,12.9,23.84,104
2026-01-29T04:28:33.991813820Z,3.248,12.91,23.82,104
2026-01-29T04:48:33.907680543Z,3.248,12.91,23.81,104
2026-01-29T05:08:33.831286599Z,3.248,12.97,23.82,105
2026-01-29T05:28:33.755500442Z,3.241,17.41,52.6,618
2026-01-29T05:48:33.687768770Z,3.248,18.76,51.08,601
2026-01-29T06:08:33.619443993Z,3.241,19.25,31.13,264
2026-01-29T06:28:33.565924273Z,3.246,18.89,28.46,218
2026-01-29T06:48:33.468602144Z,3.241,18.48,27.97,210
2026-01-29T07:08:33.397673808Z,3.248,18.13,27.66,205
2026-01-29T07:28:33.317364615Z,3.252,17.78,27.47,202
2026-01-29T07:48:33.243069595Z,3.246,17.51,27.34,200
2026-01-29T08:08:33.179582734Z,3.248,17.21,27.3,198
2026-01-29T08:28:33.099918307Z,3.248,17.01,27.19,197
2026-01-29T08:48:33.030415552Z,3.25,16.9,27.08,196
2026-01-29T09:08:32.932127089Z,3.25,16.8,27.05,195
2026-01-29T09:28:32.877179959Z,3.252,16.7,27,194
2026-01-29T09:48:32.646301743Z,3.256,16.7,26.8,193
2026-01-29T10:08:32.707628280Z,3.258,16.72,26.69,193
2026-01-29T10:28:32.656912126Z,3.258,16.89,26.67,192
2026-01-29T10:48:32.563458404Z,3.256,16.98,26.56,191
2026-01-29T11:08:32.481730089Z,3.258,17,26.55,190
2026-01-29T11:28:32.397587433Z,3.262,17.01,26.54,190
2026-01-29T11:48:32.174371682Z,3.26,17.03,26.46,189
2026-01-29T12:08:32.233833904Z,3.265,17.02,26.42,188
2026-01-29T12:28:31.994051241Z,3.265,17,26.42,188
2026-01-29T12:48:31.918414354Z,3.267,17,26.38,187
2026-01-29T13:08:32.005446421Z,3.267,17.02,26.29,187
2026-01-29T13:28:31.927857059Z,3.269,17.11,26.29,186
2026-01-29T13:48:31.690459462Z,3.271,17.19,26.17,186
2026-01-29T14:08:31.782627917Z,3.269,17.27,26.17,186
2026-01-29T14:28:31.308839992Z,3.214,17.31,26.17,185
2026-01-29T14:48:31.595170562Z,3.267,17.24,26.17,185
2026-01-29T15:08:31.525421662Z,3.273,17.22,26.08,184
2026-01-29T15:28:31.281682282Z,3.271,17.21,26.06,184
2026-01-29T15:48:31.359292494Z,3.273,17.21,26.05,184
2026-01-29T16:08:31.277210683Z,3.271,17.21,26.05,183
2026-01-29T16:28:31.202688620Z,3.273,17.21,26.03,183
2026-01-29T16:48:30.732710677Z,3.214,17.16,26.03,183
2026-01-29T17:08:31.050158700Z,3.271,17.11,26.02,182
2026-01-29T17:28:30.959067427Z,3.273,17.04,26.03,182
2026-01-29T17:48:30.740789257Z,3.271,16.96,26.03,182
2026-01-29T18:08:30.419569306Z,3.21,16.87,26.04,181
2026-01-29T18:28:30.732353211Z,3.265,16.77,26.03,181
2026-01-29T18:48:30.667650696Z,3.269,16.69,26.01,181
2026-01-29T19:08:30.430643947Z,3.267,16.6,26,181
2026-01-29T19:28:30.330117505Z,3.267,16.49,26.03,180
2026-01-29T19:48:30.409595428Z,3.262,16.38,26.01,180
2026-01-29T20:08:30.343454871Z,3.262,16.29,25.94,180
2026-01-29T20:28:30.255233202Z,3.26,16.22,25.92,179
2026-01-29T20:48:30.181378789Z,3.267,16.19,25.91,179
2026-01-29T21:08:30.109391596Z,3.262,16.11,25.9,179
2026-01-29T21:28:30.033049359Z,3.262,16.08,25.9,179
2026-01-29T21:48:29.946201734Z,3.262,16.01,25.9,179
2026-01-29T22:08:29.876135894Z,3.262,15.97,25.91,179
2026-01-29T22:28:29.785471911Z,3.26,15.86,25.95,178
2026-01-29T22:48:29.719520435Z,3.256,15.69,26.14,180
2026-01-29T23:08:29.648855226Z,3.256,15.57,26.15,179
2026-01-29T23:28:29.569282879Z,3.256,15.4,26.15,180
2026-01-29T23:48:29.498016058Z,3.258,15.27,25.77,175
2026-01-30T00:08:29.416912501Z,3.252,15.16,26.5,181
2026-01-30T00:28:29.387781671Z,3.256,15.05,26.74,183
2026-01-30T00:48:29.269557655Z,3.25,14.96,26.75,184
2026-01-30T01:08:29.198127917Z,3.254,14.87,26.62,183
2026-01-30T01:28:29.112626339Z,3.254,14.86,26.6,182
2026-01-30T01:48:29.041281594Z,3.25,14.86,26.54,182
2026-01-30T02:08:28.984310887Z,3.252,14.84,26.49,182
2026-01-30T02:28:28.896894373Z,3.252,14.75,26.37,179
2026-01-30T02:48:28.823415397Z,3.25,14.65,26.36,179
2026-01-30T03:08:28.754949888Z,3.25,14.55,26.32,178
2026-01-30T03:28:28.672575709Z,3.248,14.45,26.24,177
2026-01-30T03:48:28.594035757Z,3.25,14.41,26.24,176
2026-01-30T04:08:28.527790940Z,3.248,14.35,26.21,176
2026-01-30T04:28:28.448946477Z,3.25,14.35,26.14,176
2026-01-30T04:48:28.382373394Z,3.248,14.35,26.11,175
2026-01-30T05:08:28.309727263Z,3.252,14.35,26.04,175
2026-01-30T05:28:28.232453188Z,3.25,14.36,25.89,173
2026-01-30T05:48:28.148553298Z,3.252,14.39,25.76,172
2026-01-30T06:08:28.080525177Z,3.246,14.4,25.74,171
2026-01-30T06:28:28.018743183Z,3.252,14.42,25.74,171
2026-01-30T06:48:27.930837577Z,3.25,14.43,25.69,171
2026-01-30T07:08:27.886165981Z,3.252,14.42,25.78,172
2026-01-30T07:28:27.768307121Z,3.248,14.42,25.99,174
2026-01-30T07:48:27.718640739Z,3.252,14.39,26.11,175
2026-01-30T08:08:27.633015944Z,3.25,14.38,26.24,177
2026-01-30T08:28:27.564341843Z,3.252,14.4,26.24,177
2026-01-30T08:48:27.479470009Z,3.246,14.44,26.11,176
2026-01-30T09:08:27.406547279Z,3.254,14.47,26.14,178
2026-01-30T09:28:26.933088425Z,3.198,14.65,25.99,174
2026-01-30T09:48:27.244957455Z,3.256,14.76,25.75,172
2026-01-30T10:08:27.165190920Z,3.258,14.86,25.75,172
2026-01-30T10:28:27.093737676Z,3.262,15.04,25.67,173
2026-01-30T10:48:26.996846799Z,3.26,15.17,25.63,172
2026-01-30T11:08:26.931012897Z,3.262,15.35,25.55,172
2026-01-30T11:28:26.845846738Z,3.262,15.47,25.6,172
2026-01-30T11:48:26.769727176Z,3.258,15.57,25.6,172
2026-01-30T12:08:26.700445327Z,3.265,15.68,25.82,175
2026-01-30T12:28:26.614794964Z,3.267,15.88,25.6,173
2026-01-30T12:48:26.541976321Z,3.265,15.98,25.53,173
2026-01-30T13:08:26.456040534Z,3.267,16.09,25.47,172
2026-01-30T13:28:26.372020855Z,3.267,16.16,25.41,171
2026-01-30T13:48:26.133533954Z,3.269,16.19,25.41,171
2026-01-30T14:08:26.211447072Z,3.269,16.29,25.41,172
2026-01-30T14:28:26.141950205Z,3.269,16.39,25.54,174
2026-01-30T14:48:25.896251429Z,3.271,16.49,25.54,174
2026-01-30T15:08:25.984134472Z,3.271,16.49,25.41,172
2026-01-30T15:28:25.759506575Z,3.273,16.57,25.61,173
2026-01-30T15:48:25.823534109Z,3.271,16.59,25.66,173
2026-01-30T16:08:25.576201823Z,3.267,16.5,25.53,173
2026-01-30T16:28:25.662108363Z,3.273,16.49,25.16,170
2026-01-30T16:48:25.582851250Z,3.269,16.49,25.15,168
2026-01-30T17:08:25.517108178Z,3.269,16.39,25.07,167
2026-01-30T17:28:25.426655046Z,3.271,16.29,25.04,167
2026-01-30T17:48:25.352228358Z,3.267,16.19,25.04,166
2026-01-30T18:08:25.125346287Z,3.273,16.1,25.16,167
2026-01-30T18:28:25.183115930Z,3.265,16.03,25.04,165
2026-01-30T18:48:25.109801747Z,3.26,15.98,25.07,166
2026-01-30T19:08:25.023120713Z,3.267,15.88,25.03,165
2026-01-30T19:28:24.956580757Z,3.267,15.82,25.1,166
2026-01-30T19:48:24.868955804Z,3.265,15.78,25.05,166
2026-01-30T20:08:24.801479063Z,3.262,15.72,25.15,167
2026-01-30T20:28:24.725334684Z,3.26,15.68,25.15,168
2026-01-30T20:48:24.649780997Z,3.262,15.67,25.21,168
2026-01-30T21:08:24.588744658Z,3.265,15.62,25.27,168
2026-01-30T21:28:24.483180771Z,3.26,15.57,25.16,167
2026-01-30T21:48:24.414088204Z,3.262,15.57,25.27,167
2026-01-30T22:08:24.335049486Z,3.256,15.48,25.03,166
2026-01-30T22:28:24.256539863Z,3.258,15.47,25.52,172
2026-01-30T22:48:24.185658392Z,3.262,15.41,25.52,173
2026-01-30T23:08:24.109472173Z,3.262,15.37,25.63,174
2026-01-30T23:28:24.029658706Z,3.26,15.37,25.52,172
2026-01-30T23:48:23.954612301Z,3.256,15.27,25.61,173
2026-01-31T00:08:23.863673393Z,3.258,15.17,25.51,173
2026-01-31T00:28:23.794342232Z,3.258,15.1,25.26,169
2026-01-31T00:48:23.719520444Z,3.256,15.06,25.15,169
2026-01-31T01:08:23.643828080Z,3.256,15.06,25.16,169
2026-01-31T01:28:23.565136450Z,3.256,15.03,25.15,169
2026-01-31T01:48:23.492486615Z,3.254,14.99,25.14,168
2026-01-31T02:08:23.422850110Z,3.265,14.96,25.14,168
2026-01-31T02:28:23.361162471Z,3.254,14.96,25.14,168
2026-01-31T02:48:23.261710823Z,3.256,14.96,25.14,168
2026-01-31T03:08:23.191210827Z,3.256,14.96,25.14,168
2026-01-31T03:28:23.116901974Z,3.254,14.96,25.4,171
2026-01-31T03:48:23.047633559Z,3.256,14.93,25.46,171
2026-01-31T04:08:22.958249187Z,3.254,14.86,25.53,172
2026-01-31T04:28:22.881374364Z,3.26,14.86,25.63,172
2026-01-31T04:48:22.805737757Z,3.258,14.86,25.66,174
2026-01-31T05:08:22.721610156Z,3.254,14.85,25.39,171
2026-01-31T05:28:22.659130963Z,3.254,14.82,25.57,172
2026-01-31T05:48:22.597005732Z,3.256,14.8,25.63,174
2026-01-31T06:08:22.500276602Z,3.256,14.76,25.75,175
2026-01-31T06:28:22.421217439Z,3.25,14.76,25.39,171
2026-01-31T06:48:22.349869465Z,3.256,14.76,25.63,174
2026-01-31T07:08:22.269220293Z,3.25,14.7,25.75,174
2026-01-31T07:28:22.206653088Z,3.248,14.64,25.63,173
2026-01-31T07:48:22.120862927Z,3.262,14.54,25.78,174
2026-01-31T08:08:22.057375795Z,3.254,14.45,25.74,174
2026-01-31T08:28:21.979932212Z,3.248,14.45,25.71,174
2026-01-31T08:48:21.890494745Z,3.256,14.54,25.63,174
2026-01-31T09:08:21.823286119Z,3.256,14.65,25.99,180
2026-01-31T09:28:21.609050057Z,3.256,14.86,25.39,180
2026-01-31T09:48:21.667576788Z,3.262,15.37,25.27,181
2026-01-31T10:08:21.440365350Z,3.265,15.79,25.41,179
2026-01-31T10:28:21.503397884Z,3.265,15.98,25.53,178
2026-01-31T10:48:21.450146652Z,3.265,16.09,25.53,177
2026-01-31T11:08:21.353522706Z,3.267,16.08,25.53,177
2026-01-31T11:28:21.272914376Z,3.269,16.08,25.53,176
2026-01-31T11:48:21.186215326Z,3.267,16.08,25.53,176
2026-01-31T12:08:20.968021741Z,3.275,16.07,25.52,176
2026-01-31T12:28:20.874336430Z,3.28,16.07,25.41,176
2026-01-31T12:48:20.936503747Z,3.277,16.19,25.28,176
2026-01-31T13:08:20.871261112Z,3.277,16.49,25.29,176
2026-01-31T13:28:20.780092445Z,3.28,16.7,25.29,176
2026-01-31T13:48:20.557635355Z,3.284,17,25.19,176
2026-01-31T14:08:20.471552483Z,3.28,17.41,25.18,175
2026-01-31T14:28:20.530376052Z,3.282,17.54,25.3,175
2026-01-31T14:48:20.451150112Z,3.28,17.51,25.2,175
2026-01-31T15:08:20.374701141Z,3.284,17.51,25.18,174
2026-01-31T15:28:20.294206981Z,3.282,17.49,25.18,174
2026-01-31T15:48:19.826600113Z,3.273,17.51,25.16,174
2026-01-31T16:08:20.127121539Z,3.277,17.62,25.1,174
2026-01-31T16:28:20.048705508Z,3.275,17.65,25.06,174
2026-01-31T16:48:19.569761297Z,3.225,17.62,25.18,174
2026-01-31T17:08:19.902005098Z,3.277,17.49,25.18,173
2026-01-31T17:28:19.810884218Z,3.277,17.31,25.18,172
2026-01-31T17:48:19.718000304Z,3.277,17.13,25.17,172
2026-01-31T18:08:19.001063063Z,3.219,17,25.17,171
2026-01-31T18:28:19.570221987Z,3.267,16.8,25.18,171
2026-01-31T18:48:19.487707506Z,3.269,16.69,25.18,171
2026-01-31T19:08:19.247779439Z,3.271,16.49,25.18,171
2026-01-31T19:28:19.329898663Z,3.267,16.39,25.18,171
2026-01-31T19:48:18.869605585Z,3.206,16.27,25.65,174
2026-01-31T20:08:18.790037014Z,3.214,16.11,25.79,176
2026-01-31T20:28:19.110889748Z,3.269,15.98,25.65,175
2026-01-31T20:48:19.043686292Z,3.267,15.88,25.65,175
2026-01-31T21:08:18.951779730Z,3.26,15.78,25.5,173
2026-01-31T21:28:18.875372589Z,3.262,15.68,25.46,173
2026-01-31T21:48:18.796680182Z,3.262,15.57,25.43,172
2026-01-31T22:08:18.709692058Z,3.26,15.46,25.42,172
2026-01-31T22:28:18.648039504Z,3.254,15.36,25.41,172
2026-01-31T22:48:18.567781448Z,3.256,15.26,25.41,171
2026-01-31T23:08:18.479531594Z,3.26,15.16,25.4,171
2026-01-31T23:28:18.414648921Z,3.256,15.06,25.39,171
2026-01-31T23:48:18.337253367Z,3.256,14.96,25.39,170
2026-02-01T00:08:18.257526545Z,3.258,14.86,25.39,171
2026-02-01T00:28:18.189326157Z,3.254,14.77,25.39,170
2026-02-01T00:48:18.106682922Z,3.252,14.68,25.38,170
2026-02-01T01:08:18.026691003Z,3.252,14.62,25.38,169
2026-02-01T01:28:17.966731578Z,3.256,14.55,25.38,169
2026-02-01T01:48:17.889847708Z,3.254,14.45,25.37,169
2026-02-01T02:08:17.811404191Z,3.25,14.37,25.37,168
2026-02-01T02:28:17.748833009Z,3.252,14.34,25.36,168
2026-02-01T02:48:17.657002418Z,3.256,14.24,25.35,168
2026-02-01T03:08:17.577110113Z,3.248,14.2,25.74,172
2026-02-01T03:28:17.521205618Z,3.252,14.14,25.87,174
2026-02-01T03:48:17.432719101Z,3.252,14.05,25.86,173
2026-02-01T04:08:17.671517816Z,3.252,14.04,26.11,173
2026-02-01T04:28:17.301216841Z,3.258,13.94,25.98,173
2026-02-01T04:48:17.208262247Z,3.252,13.93,25.86,171
2026-02-01T05:08:17.134175075Z,3.248,13.91,42.23,448
2026-02-01T05:28:17.062576323Z,3.248,17.4,54.58,751
2026-02-01T05:48:17.065169503Z,3.248,18.33,55,748
2026-02-01T06:08:16.913746853Z,3.248,18.43,44.77,506
2026-02-01T06:28:16.837556746Z,3.246,18.12,31.37,278
2026-02-01T06:48:16.769048035Z,3.246,17.62,30.56,263
2026-02-01T07:08:16.708760385Z,3.246,17.2,30.08,255
2026-02-01T07:28:16.632492907Z,3.244,16.8,30,252
2026-02-01T07:48:16.575418695Z,3.244,16.46,29.88,249
2026-02-01T08:08:16.087329068Z,3.194,16.19,29.59,244
2026-02-01T08:28:16.400310251Z,3.258,15.98,29.45,246
2026-02-01T08:48:16.319076484Z,3.258,15.89,29.17,243
2026-02-01T09:08:16.241458205Z,3.256,15.88,28.88,238
2026-02-01T09:28:16.174771586Z,3.258,15.98,28.68,244
2026-02-01T09:48:15.421933Z,3.262,16.39,28.36,243
2026-02-01T10:08:16.001271582Z,3.265,16.7,28.17,238
2026-02-01T10:28:15.923697410Z,3.262,16.9,28.24,237
2026-02-01T10:48:15.839852116Z,3.267,17.06,28.24,234
2026-02-01T11:08:15.372207474Z,3.221,17,28.18,232
2026-02-01T11:28:15.684408140Z,3.262,16.98,28.1,231
2026-02-01T11:48:15.611065593Z,3.267,16.93,27.97,230
2026-02-01T12:08:15.521851509Z,3.271,16.95,27.91,229
2026-02-01T12:28:15.444827247Z,3.28,17,27.97,230
2026-02-01T12:48:15.202205554Z,3.282,17.2,27.85,232
2026-02-01T13:08:15.287932497Z,3.288,17.59,27.82,231
2026-02-01T13:28:15.200501729Z,3.282,17.92,27.87,231
2026-02-01T13:48:15.129888063Z,3.286,18.33,27.88,231
2026-02-01T14:08:15.040404773Z,3.286,18.74,27.77,231
2026-02-01T14:28:14.952168445Z,3.286,18.94,27.65,228
2026-02-01T14:48:14.876133359Z,3.29,18.82,27.63,227
2026-02-01T15:08:14.782518553Z,3.295,18.64,27.63,226
2026-02-01T15:28:14.706907723Z,3.286,18.46,27.62,227
2026-02-01T15:48:14.475817333Z,3.282,18.47,27.53,229
2026-02-01T16:08:14.411703710Z,3.282,18.64,27.4,228
2026-02-01T16:28:14.475305003Z,3.286,18.84,27.36,227
2026-02-01T16:48:14.377397155Z,3.282,18.81,27.38,227
2026-02-01T17:08:14.324097054Z,3.28,18.65,27.5,226
2026-02-01T17:28:14.214962781Z,3.28,18.43,27.63,225
2026-02-01T17:48:14.012873541Z,3.275,18.23,27.51,225
2026-02-01T18:08:13.416127914Z,3.223,18.03,27.61,226
2026-02-01T18:28:13.993477164Z,3.275,17.82,27.71,225
2026-02-01T18:48:13.512339884Z,3.214,17.62,27.61,224
2026-02-01T19:08:13.836523542Z,3.267,17.41,27.72,225
2026-02-01T19:28:13.759783812Z,3.267,17.21,27.75,226
2026-02-01T19:48:13.675414164Z,3.265,17,27.71,225
2026-02-01T20:08:13.591820924Z,3.262,16.8,27.72,225
2026-02-01T20:28:13.529102929Z,3.262,16.63,27.8,225
2026-02-01T20:48:13.440013353Z,3.256,16.49,27.83,224
2026-02-01T21:08:13.379688593Z,3.26,16.3,27.91,226
2026-02-01T21:28:13.291498831Z,3.265,16.19,27.94,226
2026-02-01T21:48:13.211027783Z,3.258,16.07,28.01,226
2026-02-01T22:08:13.155900106Z,3.26,15.94,27.95,227
2026-02-01T22:28:13.059793025Z,3.258,15.86,27.93,228
2026-02-01T22:48:12.984000728Z,3.256,15.77,27.93,226
2026-02-01T23:08:12.923134175Z,3.258,15.67,28.06,227
2026-02-01T23:28:12.844766867Z,3.256,15.57,28,229
2026-02-01T23:48:12.766028623Z,3.252,15.57,27.92,227
2026-02-02T00:08:12.687767090Z,3.254,15.47,27.98,228
2026-02-02T00:28:12.615165026Z,3.254,15.37,27.92,227
2026-02-02T00:48:12.547322554Z,3.252,15.27,27.91,227
2026-02-02T01:08:12.470477449Z,3.252,15.24,28.02,227
2026-02-02T01:28:12.258047103Z,3.252,15.16,28.04,228
2026-02-02T01:48:12.312862181Z,3.252,15.05,28.31,230
2026-02-02T02:08:12.238141130Z,3.25,14.96,28.11,229
2026-02-02T02:28:12.167259911Z,3.248,14.87,28.03,227
2026-02-02T02:48:12.107499253Z,3.248,14.76,28.05,228
2026-02-02T03:08:12.027522381Z,3.25,14.66,28.06,227
2026-02-02T03:28:11.950847901Z,3.248,14.56,28.15,227
2026-02-02T03:48:11.888847728Z,3.246,14.47,28.15,227
2026-02-02T04:08:11.805285257Z,3.241,14.39,28.14,228
2026-02-02T04:28:11.737104510Z,3.248,14.35,28.14,227
2026-02-02T04:48:11.671707278Z,3.246,14.31,28.14,227
2026-02-02T05:08:11.580213932Z,3.244,14.25,28.14,228
2026-02-02T05:28:11.513639987Z,3.246,14.2,28.14,227
2026-02-02T05:48:11.445497773Z,3.244,14.11,28.26,227
2026-02-02T06:08:11.375296159Z,3.244,14.04,28.16,227
2026-02-02T06:28:11.295589080Z,3.246,13.94,28.26,228
2026-02-02T06:48:11.227704424Z,3.237,13.84,28.26,227
2026-02-02T07:08:11.143503127Z,3.237,13.77,28.32,228
2026-02-02T07:28:11.075336502Z,3.241,13.73,28.37,228
2026-02-02T07:48:11.000376796Z,3.241,13.63,28.38,229
2026-02-02T08:08:10.918002430Z,3.241,13.63,28.38,228
2026-02-02T08:28:10.870231256Z,3.244,13.62,28.38,229
2026-02-02T08:48:10.800133963Z,3.241,13.62,28.38,229
2026-02-02T09:08:10.697729977Z,3.239,13.63,27.77,224
2026-02-02T09:28:10.645177560Z,3.246,13.73,27.67,224
2026-02-02T09:48:10.558516948Z,3.246,13.83,27.73,224
2026-02-02T10:08:10.480798874Z,3.25,13.92,27.74,223
2026-02-02T10:28:10.406077164Z,3.248,13.94,27.74,223
2026-02-02T10:48:10.330517794Z,3.246,13.95,27.74,223
2026-02-02T11:08:10.270117267Z,3.256,14.04,27.65,222
2026-02-02T11:28:10.178215542Z,3.252,14.04,27.63,222
2026-02-02T11:48:10.097198474Z,3.252,14.13,27.63,221
2026-02-02T12:08:10.030710200Z,3.248,14.08,27.74,221
2026-02-02T12:28:09.957600640Z,3.248,14.04,27.74,219
2026-02-02T12:48:09.919881065Z,3.248,13.94,27.74,219
2026-02-02T13:08:09.811158953Z,3.252,13.83,27.73,218
2026-02-02T13:28:09.735458727Z,3.246,13.82,27.87,222
2026-02-02T13:48:09.660792233Z,3.244,13.74,27.99,223
2026-02-02T14:08:09.588457510Z,3.246,13.73,27.99,223
2026-02-02T14:28:09.532748295Z,3.246,13.72,27.99,223
2026-02-02T14:48:09.427652395Z,3.244,13.68,28.1,224
2026-02-02T15:08:09.375146956Z,3.246,13.73,28.12,225
2026-02-02T15:28:09.295252475Z,3.248,13.78,28.12,225
2026-02-02T15:48:09.224094983Z,3.237,13.82,28.13,225
2026-02-02T16:08:09.145832176Z,3.244,13.83,28.12,224
2026-02-02T16:28:09.074668957Z,3.244,13.83,28.08,223
2026-02-02T22:48:07.700816909Z,3.235,12.39,30.56,250
2026-02-02T23:08:07.649855184Z,3.233,12.34,30.54,249
2026-02-02T23:28:07.559043235Z,3.241,12.29,30.41,248
2026-02-02T23:48:07.488180812Z,3.239,12.26,30.67,251
2026-02-03T00:08:07.424068782Z,3.237,12.19,30.4,247
2026-02-03T00:28:07.350621771Z,3.237,12.17,30.1,243
2026-02-03T00:48:07.289017928Z,3.237,12.14,29.97,242
2026-02-03T01:08:07.217067566Z,3.237,12.1,29.82,240
2026-02-03T01:28:07.129015818Z,3.237,12.08,29.82,240
2026-02-03T01:48:07.057476062Z,3.233,12.07,29.84,241
2026-02-03T02:08:07.003255786Z,3.231,12.05,29.71,238
2026-02-03T02:28:06.928562113Z,3.239,12.02,29.68,237
2026-02-03T02:48:06.848011339Z,3.239,11.98,29.69,237
2026-02-03T03:08:06.782569423Z,3.237,11.98,29.81,238
2026-02-03T03:28:06.710284055Z,3.237,11.95,29.53,234
2026-02-03T03:48:06.637031191Z,3.237,11.88,29.53,235
2026-02-03T04:08:06.570111094Z,3.237,11.88,29.49,234
2026-02-03T04:28:06.490720968Z,3.246,11.88,29.39,233
2026-02-03T04:48:06.435474017Z,3.235,11.88,29.39,233
2026-02-03T05:08:06.352154940Z,3.237,11.86,29.39,233
2026-02-03T05:28:06.293085052Z,3.237,11.8,29.42,235
2026-02-03T05:48:06.211580935Z,3.239,11.79,29.5,235
2026-02-03T06:08:06.147416006Z,3.233,11.79,29.4,234
2026-02-03T06:28:06.062246933Z,3.231,11.77,29.39,233
2026-02-03T06:48:05.993392265Z,3.233,11.77,29.39,232
2026-02-03T07:08:05.928391887Z,3.241,11.75,29.36,232
2026-02-03T07:28:05.861082875Z,3.233,11.72,29.3,232
2026-02-03T07:48:05.786402720Z,3.237,11.7,29.29,232
2026-02-03T08:08:05.706422263Z,3.237,11.71,29.25,231
2026-02-03T08:28:05.650081912Z,3.237,11.77,29.16,230
2026-02-03T08:48:05.615579366Z,3.241,11.78,29.12,230
2026-02-03T09:08:05.490784947Z,3.244,11.88,29,230
2026-02-03T09:28:05.420997735Z,3.239,12.08,29.02,230
2026-02-03T09:48:05.350876157Z,3.244,12.19,29.13,231
2026-02-03T10:08:05.282017049Z,3.241,12.29,29.13,231
2026-02-03T10:28:05.201424469Z,3.246,12.4,29,230
2026-02-03T10:48:05.135131225Z,3.244,12.64,28.9,230
2026-02-03T11:08:05.047281919Z,3.248,12.81,28.89,230
2026-02-03T11:28:04.974347493Z,3.254,13,28.89,229
2026-02-03T11:48:04.914393046Z,3.248,13.07,28.88,229
2026-02-03T12:08:04.839106114Z,3.25,13.19,28.77,229
2026-02-03T12:28:04.746698080Z,3.252,13.31,28.75,228
2026-02-03T12:48:04.665419209Z,3.254,13.52,28.64,229
2026-02-03T13:08:04.571827670Z,3.25,13.73,28.69,228
2026-02-03T13:28:04.359762602Z,3.256,13.75,28.65,228
2026-02-03T13:48:04.445086189Z,3.254,13.83,28.66,227
2026-02-03T14:08:04.347637190Z,3.256,13.84,28.64,227
2026-02-03T14:28:03.885274625Z,3.198,13.94,28.53,227
2026-02-03T14:48:04.205511163Z,3.256,14.04,28.53,226
2026-02-03T15:08:04.124669491Z,3.265,14.11,28.53,226
2026-02-03T15:28:04.040955303Z,3.258,14.1,28.54,225
2026-02-03T15:48:03.973546426Z,3.25,14.04,28.53,224
2026-02-03T16:08:03.886868282Z,3.252,13.97,28.53,225
2026-02-03T16:28:03.820796088Z,3.254,13.94,28.52,224
2026-02-03T16:48:03.757752134Z,3.254,13.94,28.51,224
2026-02-03T17:08:03.668835416Z,3.254,13.91,28.48,223
2026-02-03T17:28:03.598509932Z,3.258,13.83,28.44,223
2026-02-03T17:48:03.513536677Z,3.25,13.83,28.42,223
2026-02-03T18:08:03.442367377Z,3.254,13.73,28.43,222
2026-02-03T18:28:03.359426156Z,3.252,13.66,28.4,222
2026-02-03T18:48:03.292662273Z,3.252,13.61,28.38,222
2026-02-03T19:08:03.217407436Z,3.252,13.52,28.38,221
2026-02-03T19:28:03.139520188Z,3.25,13.49,28.38,221
2026-02-03T19:48:03.072170910Z,3.25,13.42,28.37,221
2026-02-03T20:08:02.990233050Z,3.25,13.36,28.37,220
2026-02-03T20:28:02.926062238Z,3.246,13.31,28.37,220
2026-02-03T20:48:02.876957198Z,3.248,13.22,28.37,219
2026-02-03T21:08:02.883302171Z,3.248,13.11,28.36,219
2026-02-03T21:28:02.696629778Z,3.248,13.1,28.35,219
2026-02-03T21:48:02.622967156Z,3.25,13.02,28.32,218
2026-02-03T22:08:02.565585685Z,3.248,13.01,28.27,218
2026-02-03T22:28:02.471464411Z,3.25,12.91,28.25,218
2026-02-03T22:48:02.494483034Z,3.246,12.87,28.22,217
2026-02-03T23:08:02.318054255Z,3.246,12.8,28.22,217
2026-02-03T23:28:02.252948734Z,3.246,12.71,28.22,216
2026-02-03T23:48:02.182564993Z,3.246,12.7,28.22,216
2026-02-04T00:08:02.103518580Z,3.25,12.7,28.21,216
2026-02-04T00:28:02.184559786Z,3.246,12.7,28.14,216
2026-02-04T00:48:01.958830342Z,3.248,12.68,28.1,215
2026-02-04T01:08:01.916198554Z,3.254,12.63,28.09,215
2026-02-04T01:28:01.886024695Z,3.252,12.6,28.08,215
2026-02-04T01:48:01.731081045Z,3.252,12.59,28.08,214
2026-02-04T02:08:01.669376680Z,3.25,12.52,28.07,214
2026-02-04T02:28:01.587454698Z,3.248,12.5,28.06,214
2026-02-04T02:48:01.514862233Z,3.246,12.48,28.06,214
2026-02-04T03:08:01.431407599Z,3.246,12.39,28.06,213
2026-02-04T03:28:01.363993913Z,3.248,12.38,28,213
2026-02-04T03:48:01.299253465Z,3.246,12.3,28,213
2026-02-04T04:08:01.224317372Z,3.246,12.29,27.98,212
2026-02-04T04:28:01.142118674Z,3.244,12.27,27.95,212
2026-02-04T04:48:01.073526819Z,3.244,12.2,27.94,212
2026-02-04T05:08:01.002234975Z,3.239,12.19,27.94,212
2026-02-04T05:28:00.922166451Z,3.239,12.12,27.94,212
2026-02-04T05:48:00.847665260Z,3.241,12.08,27.93,211
2026-02-04T06:08:00.786158759Z,3.241,12.08,27.93,211
2026-02-04T06:28:00.711849716Z,3.244,12.08,27.93,211
2026-02-04T06:48:00.649103935Z,3.244,12.08,27.93,211
2026-02-04T07:08:00.574728812Z,3.241,12.06,27.93,211
2026-02-04T07:28:00.495517786Z,3.241,12.07,27.9,211
2026-02-04T07:48:00.429781990Z,3.241,12.08,27.83,211
2026-02-04T08:08:00.220952113Z,3.252,12.18,27.81,210
2026-02-04T08:28:00.276592874Z,3.25,12.29,27.69,210
2026-02-04T08:48:00.192408220Z,3.252,12.41,27.69,211
2026-02-04T09:08:00.128156493Z,3.248,12.51,27.7,210
2026-02-04T09:28:00.037860643Z,3.25,12.63,27.57,210
2026-02-04T09:47:59.957132954Z,3.254,12.91,27.58,212
2026-02-04T10:07:59.887080285Z,3.254,13.15,27.58,211
2026-02-04T10:27:59.819611559Z,3.256,13.42,27.47,211
2026-02-04T10:47:59.738617605Z,3.265,13.73,27.09,205
2026-02-04T11:07:59.501736775Z,3.26,13.83,27.09,205
2026-02-04T11:27:59.440556165Z,3.269,14,27.09,205
2026-02-04T11:47:59.320789684Z,3.262,14.14,27.02,204
2026-02-04T12:07:59.242495759Z,3.269,14.24,26.98,205
2026-02-04T12:27:59.170039183Z,3.275,14.44,26.93,204
2026-02-04T12:47:59.241329950Z,3.275,14.71,26.77,205
2026-02-04T13:07:59.172252989Z,3.277,15.16,26.75,206
2026-02-04T13:27:58.717682219Z,3.273,15.57,26.76,206
2026-02-04T13:47:59.003887951Z,3.277,16.05,26.65,206
2026-02-04T14:07:58.945696809Z,3.275,16.48,26.66,206
2026-02-04T14:27:58.840127939Z,3.282,16.6,26.72,205
2026-02-04T14:47:58.622736031Z,3.284,16.6,26.66,205
2026-02-04T15:07:58.537896291Z,3.284,16.66,26.66,204
2026-02-04T15:27:58.598824831Z,3.284,16.7,26.67,204
2026-02-04T15:47:58.530272094Z,3.284,16.9,26.53,205
2026-02-04T16:07:58.442486329Z,3.282,17.19,26.55,204
2026-02-04T16:27:58.352293860Z,3.288,17.31,26.55,204
2026-02-04T16:47:58.272065189Z,3.282,17.31,26.55,203
2026-02-04T17:07:58.053226904Z,3.275,17.21,26.61,203
2026-02-04T17:27:58.122021124Z,3.275,17.01,26.67,202
2026-02-04T17:47:57.649140236Z,3.233,16.84,26.67,202
2026-02-04T18:07:57.803527260Z,3.275,16.67,26.67,201
2026-02-04T18:27:57.729692472Z,3.273,16.48,26.66,201
2026-02-04T18:47:57.867418873Z,3.271,16.29,26.67,201
2026-02-04T19:07:57.733741883Z,3.269,16.09,26.72,200
2026-02-04T19:27:57.645095597Z,3.267,15.95,26.76,201
2026-02-04T19:47:57.570678228Z,3.271,15.78,26.75,200
2026-02-04T20:07:57.480998624Z,3.267,15.68,26.76,200
2026-02-04T20:27:57.408504415Z,3.267,15.57,26.76,200
2026-02-04T20:47:57.338764198Z,3.269,15.47,26.76,200
2026-02-04T21:07:57.264574815Z,3.258,15.37,26.76,200
2026-02-04T21:27:57.169544785Z,3.262,15.28,26.75,199
2026-02-04T21:47:57.095506556Z,3.267,15.2,26.75,199
2026-02-04T22:07:57.029974086Z,3.26,15.12,26.68,198
2026-02-04T22:27:56.940524656Z,3.258,15.05,26.66,198
2026-02-04T22:47:56.879462044Z,3.258,14.96,26.67,197
2026-02-04T23:07:56.799069302Z,3.258,14.86,26.67,197
2026-02-04T23:27:56.711739480Z,3.262,14.75,26.65,197
2026-02-04T23:47:56.637932609Z,3.258,14.71,26.62,197
2026-02-05T00:07:56.557656320Z,3.256,14.67,26.64,197
2026-02-05T00:27:56.498875760Z,3.254,14.65,26.64,197
2026-02-05T00:47:56.438588075Z,3.256,14.57,26.62,197
2026-02-05T01:07:56.331051245Z,3.254,14.55,26.62,197
2026-02-05T01:27:56.262228975Z,3.256,14.49,26.72,197
2026-02-05T01:47:56.191759453Z,3.252,14.41,26.73,196
2026-02-05T02:07:56.233102298Z,3.252,14.33,26.72,197
2026-02-05T02:27:56.036863676Z,3.25,14.24,26.66,196
2026-02-05T02:47:55.960298064Z,3.252,14.14,26.67,196
2026-02-05T03:07:55.890984015Z,3.252,14.05,26.69,196
2026-02-05T03:27:55.806808733Z,3.248,14.01,26.64,195
2026-02-05T03:47:55.752832Z,3.248,13.94,26.6,195
2026-02-05T04:07:55.657373371Z,3.252,13.83,26.6,195
2026-02-05T04:27:55.608228479Z,3.25,13.8,26.59,194
2026-02-05T04:47:55.519795879Z,3.248,13.73,26.59,195
2026-02-05T05:07:55.470344914Z,3.248,13.68,26.59,195
2026-02-05T05:27:55.382750709Z,3.252,13.63,26.59,194
2026-02-05T05:47:55.292987241Z,3.241,13.53,26.61,194
2026-02-05T06:07:55.239745174Z,3.246,13.52,26.59,194
2026-02-05T06:27:55.157355899Z,3.248,13.43,26.58,193
2026-02-05T06:47:55.070271194Z,3.246,13.42,26.62,194
2026-02-05T07:07:55.002289855Z,3.248,13.34,26.63,194
2026-02-05T07:27:54.924729245Z,3.248,13.32,26.59,194
2026-02-05T07:47:54.860174673Z,3.246,13.32,26.58,194
2026-02-05T08:07:54.796177672Z,3.256,13.32,26.58,194
2026-02-05T08:27:54.717336003Z,3.256,13.4,26.48,194
2026-02-05T08:47:54.495549512Z,3.254,13.52,26.46,195
2026-02-05T09:07:54.551723274Z,3.258,13.73,26.43,195
2026-02-05T09:27:54.461053291Z,3.26,14.04,25.98,196
2026-02-05T09:47:53.999044837Z,3.258,14.58,25.86,197
2026-02-05T10:07:54.310759896Z,3.269,15.16,25.88,196
2026-02-05T10:27:53.835938087Z,3.262,15.57,26.01,194
2026-02-05T10:47:54.155171011Z,3.265,15.68,26.19,194
2026-02-05T11:07:54.110967155Z,3.267,15.58,26.25,194
2026-02-05T11:27:53.985450960Z,3.262,15.57,26.21,194
2026-02-05T11:47:53.899735539Z,3.267,15.57,26.14,194
2026-02-05T12:07:53.701208834Z,3.267,15.66,26.05,194
2026-02-05T12:27:53.600138954Z,3.275,15.81,26.02,193
2026-02-05T12:47:53.888473361Z,3.277,16.04,25.9,194
2026-02-05T13:07:53.739049894Z,3.271,16.4,25.78,194
2026-02-05T13:27:53.337308789Z,3.282,16.91,25.79,193
2026-02-05T13:47:53.411316439Z,3.282,17.51,25.63,194
2026-02-05T14:07:53.338621044Z,3.28,18.06,25.69,192
2026-02-05T14:27:52.860031451Z,3.239,18.02,25.81,190
2026-02-05T14:47:53.029079931Z,3.288,17.78,25.81,190
2026-02-05T15:07:53.090970798Z,3.282,17.61,25.74,189
2026-02-05T15:27:53.012208712Z,3.284,17.52,25.68,189
2026-02-05T15:47:52.965476254Z,3.28,17.61,25.56,189
2026-02-05T16:07:52.863565357Z,3.286,17.72,25.54,188
2026-02-05T16:27:52.762455098Z,3.273,17.67,25.7,187
2026-02-05T16:47:52.531471806Z,3.275,17.41,25.77,188
2026-02-05T17:07:52.477949486Z,3.269,17.21,25.74,187
2026-02-05T17:27:52.547577980Z,3.275,17.01,25.7,187
2026-02-05T17:47:52.465196009Z,3.273,16.89,25.71,187
2026-02-05T18:07:52.369197616Z,3.271,16.7,25.7,186
2026-02-05T18:27:52.310740465Z,3.271,16.59,25.69,186
2026-02-05T18:47:52.267393207Z,3.269,16.41,25.68,186
2026-02-05T19:07:52.130692979Z,3.262,16.29,25.67,185
2026-02-05T19:27:52.067993908Z,3.265,16.17,25.65,185
2026-02-05T19:47:51.987718701Z,3.265,16.06,25.65,185
2026-02-05T20:07:51.748418182Z,3.265,15.97,25.65,185
2026-02-05T20:27:51.831005396Z,3.267,15.88,25.65,184
2026-02-05T20:47:51.741954183Z,3.265,15.78,25.65,184
2026-02-05T21:07:51.674291796Z,3.273,15.73,25.64,184
2026-02-05T21:27:51.586163477Z,3.262,15.68,25.64,184
2026-02-05T21:47:51.508978949Z,3.262,15.58,25.64,184
2026-02-05T22:07:51.506294114Z,3.265,15.57,25.64,184
2026-02-05T22:27:51.432588527Z,3.258,15.48,25.63,184
2026-02-05T22:47:51.276009999Z,3.254,15.47,25.6,183
2026-02-05T23:07:51.213164512Z,3.267,15.38,25.57,183
2026-02-05T23:27:51.121066093Z,3.26,15.37,25.56,183
2026-02-05T23:47:51.044007055Z,3.26,15.36,25.62,183
2026-02-06T00:07:50.977477757Z,3.258,15.3,25.63,183
2026-02-06T00:27:50.905899547Z,3.254,15.27,25.64,183
2026-02-06T00:47:50.838697050Z,3.258,15.27,25.64,183
2026-02-06T01:07:50.746000870Z,3.258,15.25,25.63,183
2026-02-06T01:27:50.675334218Z,3.256,15.17,25.63,182
2026-02-06T01:47:50.608797380Z,3.254,15.16,25.63,182
2026-02-06T02:07:50.383512564Z,3.254,15.15,25.62,182
2026-02-06T02:27:50.435640572Z,3.258,15.08,25.62,182
2026-02-06T02:47:50.364734496Z,3.26,15.06,25.61,182
2026-02-06T03:07:50.280480032Z,3.258,15.06,25.61,182
2026-02-06T03:27:50.270451794Z,3.256,15,25.62,182
2026-02-06T03:47:50.170221913Z,3.252,14.96,25.63,182
2026-02-06T04:07:50.050269699Z,3.256,14.96,25.92,185
2026-02-06T04:27:49.980673655Z,3.256,14.93,26,185
2026-02-06T04:47:49.921462057Z,3.254,14.86,26,186
2026-02-06T05:07:49.830240052Z,3.25,14.76,26.04,186
2026-02-06T05:27:49.761274378Z,3.254,14.66,26.01,187
2026-02-06T05:47:49.682833851Z,3.254,14.65,26,186
2026-02-06T06:07:49.608343008Z,3.254,14.56,26.16,187
2026-02-06T06:27:49.530109434Z,3.246,14.55,26.12,187
2026-02-06T06:47:49.454935084Z,3.248,14.51,26.36,190
2026-02-06T07:07:49.385086154Z,3.25,14.45,26.36,190
2026-02-06T07:47:49.249781354Z,3.252,14.4,26.18,188
2026-02-06T08:07:49.169790329Z,3.252,14.35,26.11,188
2026-02-06T08:27:49.104434083Z,3.252,14.35,26.11,188
2026-02-06T08:47:48.852328622Z,3.252,14.4,26.11,187
2026-02-06T09:07:48.971388934Z,3.252,14.45,26,187
2026-02-06T09:27:48.862387244Z,3.248,14.55,25.99,187
2026-02-06T09:47:48.779903725Z,3.258,14.76,26.03,190
2026-02-06T10:07:48.696540679Z,3.26,14.93,26.08,189
2026-02-06T10:27:48.629926879Z,3.254,14.96,26.09,189
2026-02-06T10:47:48.576345178Z,3.262,15.02,26,189
2026-02-06T11:07:48.482890466Z,3.258,15.06,25.99,189
2026-02-06T11:27:48.224212818Z,3.262,15.14,26,188
2026-02-06T11:47:48.300887857Z,3.26,15.16,26.12,190
2026-02-06T12:07:48.239070003Z,3.262,15.27,25.93,189
2026-02-06T12:27:48.147857955Z,3.258,15.44,25.9,189
2026-02-06T12:47:48.089550797Z,3.258,15.47,27.14,201
2026-02-06T13:07:47.864626651Z,3.265,15.47,26.76,199
2026-02-06T13:27:47.913201434Z,3.265,15.98,26.52,197
2026-02-06T13:47:47.843189382Z,3.265,16.7,26.26,196
2026-02-06T14:07:47.752057740Z,3.267,17.31,26.18,194
2026-02-06T14:27:47.304252277Z,3.227,17.31,26.3,191
2026-02-06T14:47:47.634706693Z,3.269,17.11,26.18,191
2026-02-06T15:07:47.514686546Z,3.267,16.99,26.17,190
2026-02-06T15:27:47.273146786Z,3.269,16.93,26.04,189
2026-02-06T15:47:47.352014777Z,3.267,17.11,26.04,188
2026-02-06T16:07:47.266763723Z,3.267,17,26.04,187
2026-02-06T16:27:47.043168116Z,3.267,16.8,25.92,186
2026-02-06T16:47:47.001354746Z,3.275,16.76,25.91,186
2026-02-06T17:07:47.050176853Z,3.265,16.6,25.99,185
2026-02-06T17:27:46.962681901Z,3.265,16.3,26,185
2026-02-06T17:47:46.882341980Z,3.265,16.08,26.02,184
2026-02-06T18:07:46.826777950Z,3.26,15.78,26.02,184
2026-02-06T18:27:46.735504193Z,3.256,15.57,26.01,183
2026-02-06T18:47:46.652455169Z,3.254,15.31,26.01,183
2026-02-06T19:07:46.582202080Z,3.258,15.13,25.97,182
2026-02-06T19:27:46.520399639Z,3.254,14.96,25.98,182
2026-02-06T19:47:46.445053763Z,3.254,14.77,25.97,182
2026-02-06T20:07:45.966741796Z,3.196,14.65,25.97,182
2026-02-06T20:27:46.285988640Z,3.252,14.53,25.99,182
2026-02-06T20:47:46.213313508Z,3.252,14.35,25.92,181
2026-02-06T21:07:46.124762572Z,3.248,14.24,26.11,184
2026-02-06T21:27:46.073345444Z,3.241,14.14,25.87,181
2026-02-06T21:47:45.994282681Z,3.246,14.02,25.86,180
2026-02-06T22:07:45.933462282Z,3.244,13.89,25.86,180
2026-02-06T22:27:45.856050689Z,3.239,13.75,25.86,180
2026-02-06T22:47:45.786662120Z,3.237,13.64,25.86,180
2026-02-06T23:07:45.710541554Z,3.241,13.54,25.87,180
2026-02-06T23:27:45.637762948Z,3.241,13.5,26.09,183
2026-02-06T23:47:45.548419232Z,3.244,13.42,25.87,180
2026-02-07T00:07:45.485474381Z,3.241,13.32,25.86,180
2026-02-07T00:27:45.420971716Z,3.237,13.28,25.89,180
2026-02-07T00:47:45.345599140Z,3.241,13.2,25.94,179
2026-02-07T01:07:45.280335001Z,3.231,13.11,26.09,182
2026-02-07T01:27:45.227725599Z,3.235,13.01,25.84,178
2026-02-07T01:47:45.143389654Z,3.235,12.91,25.97,180
2026-02-07T02:07:45.066528133Z,3.246,12.8,25.9,178
2026-02-07T02:27:45.006007605Z,3.229,12.7,25.84,177
2026-02-07T02:47:44.936168899Z,3.235,12.6,26.08,180
2026-02-07T03:07:44.868329041Z,3.237,12.5,26.08,180
2026-02-07T03:27:44.804765940Z,3.231,12.39,26.07,179
2026-02-07T03:47:44.714979886Z,3.229,12.28,26.07,180
2026-02-07T04:07:44.659412441Z,3.229,12.18,26.07,179
2026-02-07T04:27:44.587402268Z,3.225,12.08,26.07,179
2026-02-07T04:47:44.514829798Z,3.223,11.98,25.89,177
2026-02-07T05:07:44.449436421Z,3.225,11.89,26.06,180
2026-02-07T05:27:44.376323060Z,3.223,11.88,26.07,180
2026-02-07T05:47:44.308473499Z,3.227,11.88,25.7,174
2026-02-07T06:07:44.252200868Z,3.223,11.86,25.7,174
2026-02-07T06:27:44.171020757Z,3.235,11.8,25.7,174
2026-02-07T06:47:44.100936328Z,3.225,11.77,25.7,174
2026-02-07T07:07:44.030081217Z,3.227,11.75,25.7,174
2026-02-07T07:27:43.967586300Z,3.229,11.67,25.6,173
2026-02-07T07:47:43.903366663Z,3.227,11.67,25.58,172
2026-02-07T08:07:43.834739335Z,3.235,11.67,25.57,172
2026-02-07T08:27:43.757788733Z,3.237,11.71,25.46,172
2026-02-07T08:47:43.676372860Z,3.237,11.79,25.35,173
2026-02-07T09:07:43.682794264Z,3.241,12,25.25,172
2026-02-07T09:27:43.527619892Z,3.237,12.29,24.88,172
2026-02-07T09:47:43.458847282Z,3.246,12.81,24.76,172
2026-02-07T10:07:43.383679836Z,3.25,13.37,24.75,172
2026-02-07T10:27:43.299652284Z,3.248,13.83,24.87,171
2026-02-07T10:47:43.216320117Z,3.248,13.94,25.14,173
2026-02-07T11:07:43.144648103Z,3.25,13.84,24.92,169
2026-02-07T11:27:43.065560356Z,3.25,13.83,24.89,169
2026-02-07T11:47:42.993002992Z,3.25,13.83,24.89,168
2026-02-07T12:07:42.753182649Z,3.256,13.83,24.77,168
2026-02-07T12:27:42.824153564Z,3.258,14.02,24.75,167
2026-02-07T12:47:42.613398930Z,3.262,14.21,24.57,167
2026-02-07T13:07:42.669169523Z,3.267,14.65,24.44,167
2026-02-07T13:27:42.589028522Z,3.267,15.17,24.42,167
2026-02-07T13:47:42.511248716Z,3.262,15.43,24.52,166
2026-02-07T14:07:42.422161988Z,3.265,15.78,24.37,166
2026-02-07T14:27:42.209375262Z,3.267,15.78,24.43,164
2026-02-07T14:47:42.264203762Z,3.269,15.68,24.41,165
2026-02-07T15:07:42.039170543Z,3.269,15.55,24.42,164
2026-02-07T15:27:42.110965156Z,3.271,15.41,24.3,163
2026-02-07T15:47:42.052915035Z,3.265,15.36,24.29,162
2026-02-07T16:07:41.947875465Z,3.277,15.16,24.3,161
2026-02-07T16:27:41.866936367Z,3.265,15.02,24.3,160
2026-02-07T16:47:41.793033007Z,3.262,14.92,24.2,159
2026-02-07T17:07:41.575827502Z,3.262,14.76,24.3,160
2026-02-07T17:27:41.625624355Z,3.265,14.64,24.23,159
2026-02-07T17:47:41.566235096Z,3.256,14.45,24.17,157
2026-02-07T18:07:41.479820083Z,3.254,14.34,24.17,156
2026-02-07T18:27:41.400785851Z,3.256,14.15,24.17,156
2026-02-07T18:47:41.184987601Z,3.258,14.04,24.17,156
2026-02-07T19:07:41.271929223Z,3.256,13.92,24.17,155
2026-02-07T19:27:41.169486408Z,3.256,13.74,24.14,155
2026-02-07T19:47:41.116387090Z,3.256,13.63,24.11,154
2026-02-07T20:07:41.028975267Z,3.252,13.53,24.06,154
2026-02-07T20:27:40.964237056Z,3.252,13.44,24.13,154
2026-02-07T20:47:40.901846509Z,3.252,13.37,24.05,153
2026-02-07T21:07:40.809649725Z,3.252,13.32,24.05,153
2026-02-07T21:27:40.730491138Z,3.246,13.22,24.03,152
2026-02-07T21:47:40.660806576Z,3.246,13.2,24.05,154
2026-02-07T22:07:40.581458065Z,3.248,13.11,24.04,152
2026-02-07T22:27:40.514678980Z,3.246,13.11,23.93,152
2026-02-07T22:47:40.435242991Z,3.248,13.01,23.93,152
2026-02-07T23:07:40.466441904Z,3.248,13.01,23.93,151
2026-02-07T23:27:40.293398262Z,3.241,12.99,23.93,151
2026-02-07T23:47:40.222427138Z,3.248,12.95,23.92,151
2026-02-08T00:07:40.149246444Z,3.248,12.91,23.85,151
2026-02-08T00:27:39.670177515Z,3.184,12.91,23.81,150
2026-02-08T00:47:39.998340379Z,3.248,12.92,23.82,150
2026-02-08T01:07:39.923862092Z,3.248,12.93,23.81,150
2026-02-08T01:27:39.888342492Z,3.246,12.93,23.81,150
2026-02-08T01:47:39.771315592Z,3.25,12.92,23.81,150
2026-02-08T02:07:39.797661873Z,3.25,12.92,23.81,150
2026-02-08T02:27:39.633766873Z,3.248,12.92,23.93,152
2026-02-08T02:47:39.549363782Z,3.248,12.91,23.93,152
2026-02-08T03:07:39.472883003Z,3.248,12.92,23.93,152
2026-02-08T03:27:39.400215637Z,3.258,12.94,23.69,148
2026-02-08T03:47:39.331672536Z,3.246,12.97,23.69,148
2026-02-08T04:07:39.232501425Z,3.25,13,23.65,148
2026-02-08T04:27:39.160976356Z,3.252,13,23.59,147
2026-02-08T04:47:39.092163992Z,3.246,13.01,23.59,147
2026-02-08T05:07:39.015768472Z,3.248,13.01,23.58,147
2026-02-08T05:27:38.938885683Z,3.246,13.01,23.58,147
2026-02-08T05:47:38.700359656Z,3.25,13.01,23.57,147
2026-02-08T06:07:38.943863647Z,3.248,13.01,23.57,146
2026-02-08T06:27:38.715053738Z,3.25,13.01,23.57,146
2026-02-08T06:47:38.638886925Z,3.246,13.01,23.57,146
2026-02-08T07:07:38.560304034Z,3.25,13.01,23.57,146
2026-02-08T07:27:38.488416177Z,3.248,13.01,23.57,146
2026-02-08T07:47:38.427070772Z,3.25,13.01,23.56,145
2026-02-08T08:07:38.346782188Z,3.248,13.01,23.57,145
2026-02-08T08:27:38.270908886Z,3.248,13.07,23.57,146
2026-02-08T08:47:38.187958163Z,3.248,13.11,23.57,147
2026-02-08T09:07:38.108269964Z,3.248,13.22,23.45,145
2026-02-08T09:27:38.045568461Z,3.25,13.28,23.45,146
2026-02-08T09:47:37.964557584Z,3.25,13.32,23.45,145
2026-02-08T10:07:37.888342858Z,3.248,13.42,23.45,145
2026-02-08T10:27:37.808981067Z,3.25,13.52,23.35,145
2026-02-08T10:47:37.727871986Z,3.256,13.73,23.21,145
2026-02-08T11:07:37.727893481Z,3.256,14.06,23.21,145
2026-02-08T11:27:37.583944429Z,3.258,14.34,23.2,145
2026-02-08T11:47:37.363387055Z,3.269,14.57,23.18,146
2026-02-08T12:07:37.412172680Z,3.262,14.86,23.08,146
2026-02-08T12:27:37.343517022Z,3.265,15.01,23.18,146
2026-02-08T12:47:36.876671684Z,3.219,15.06,23.09,145
2026-02-08T13:07:37.180815163Z,3.271,15.26,23.02,146
2026-02-08T13:27:37.097661367Z,3.265,15.77,22.95,146
2026-02-08T13:47:37.006002311Z,3.28,16.19,22.91,147
2026-02-08T14:07:36.928642487Z,3.269,16.48,22.95,146
2026-02-08T14:27:36.863147417Z,3.271,16.5,22.95,146
2026-02-08T14:47:36.768026814Z,3.273,16.51,22.95,146
2026-02-08T15:07:36.695299840Z,3.271,16.6,22.84,145
2026-02-08T15:27:36.604892153Z,3.282,16.7,22.83,145
2026-02-08T15:47:36.526367812Z,3.273,16.9,22.7,146
2026-02-08T16:07:36.446307381Z,3.273,17.11,22.68,145
2026-02-08T16:27:36.361855700Z,3.273,17.31,22.69,145
2026-02-08T16:47:36.320097284Z,3.273,17.39,22.69,144
2026-02-08T17:07:36.211844130Z,3.273,17.21,22.82,144
2026-02-08T17:27:36.130321655Z,3.271,16.95,22.83,144
2026-02-08T17:47:35.892946124Z,3.273,16.7,22.87,144
2026-02-08T18:07:35.974727830Z,3.273,16.46,22.93,143
2026-02-08T18:27:35.885352366Z,3.267,16.2,22.94,143
2026-02-08T18:47:35.815739763Z,3.267,15.98,22.95,142
2026-02-08T19:07:35.741099559Z,3.26,15.78,22.95,142
2026-02-08T19:27:35.657281956Z,3.262,15.57,22.95,142
2026-02-08T19:47:35.579077559Z,3.258,15.37,22.95,141
2026-02-08T20:07:35.505054589Z,3.256,15.17,22.96,141
2026-02-08T20:27:35.439286988Z,3.256,15.04,22.95,141
2026-02-08T20:47:35.360675157Z,3.256,14.87,22.95,140
2026-02-08T21:07:35.280372563Z,3.254,14.76,22.96,141
2026-02-08T21:27:35.223909162Z,3.252,14.66,22.84,140
2026-02-08T21:47:35.143535441Z,3.256,14.64,22.84,139
2026-02-08T22:07:35.064469065Z,3.254,14.55,22.83,138
2026-02-08T22:27:34.987058932Z,3.252,14.54,22.74,137
2026-02-08T22:47:34.915401001Z,3.252,14.49,22.87,138
2026-02-08T23:07:34.835390457Z,3.25,14.45,22.84,137
2026-02-08T23:27:34.771409253Z,3.25,14.43,22.96,137
2026-02-08T23:47:34.680407839Z,3.248,14.38,22.82,134
2026-02-09T00:07:34.608881364Z,3.246,14.35,22.72,133
2026-02-09T00:27:34.536243433Z,3.25,14.35,22.84,134
2026-02-09T00:47:34.466678450Z,3.25,14.34,22.96,133
2026-02-09T01:07:34.393912305Z,3.254,14.28,22.84,132
2026-02-09T01:27:34.309468432Z,3.25,14.25,22.96,133
2026-02-09T01:47:34.239747628Z,3.248,14.24,22.96,132
2026-02-09T02:07:34.160177420Z,3.246,14.24,23.08,134
2026-02-09T02:27:34.097946917Z,3.248,14.23,22.96,132
2026-02-09T02:47:34.010860127Z,3.252,14.17,22.85,130
2026-02-09T03:07:33.936284918Z,3.246,14.14,22.84,130
2026-02-09T03:27:33.867166749Z,3.25,14.14,22.72,129
2026-02-09T03:47:33.786459173Z,3.258,14.13,22.72,129
2026-02-09T04:07:33.710488849Z,3.25,14.1,22.92,131
2026-02-09T04:27:33.636161952Z,3.248,14.06,22.72,129
2026-02-09T04:47:33.559737752Z,3.252,14.04,22.72,129
2026-02-09T05:07:33.497409128Z,3.25,14.04,22.84,132
2026-02-09T05:27:33.408860400Z,3.248,14.04,22.84,132
2026-02-09T05:47:33.329951350Z,3.246,14.04,22.84,132
2026-02-09T06:07:33.265115163Z,3.248,14.04,22.72,130
2026-02-09T06:27:33.176415592Z,3.248,14.04,22.78,132
2026-02-09T06:47:33.108186932Z,3.248,14.04,22.84,132
2026-02-09T07:07:33.053030386Z,3.248,14.01,22.84,133
2026-02-09T07:27:32.964529966Z,3.254,13.96,22.92,134
2026-02-09T07:47:32.903084558Z,3.256,13.94,22.84,133
2026-02-09T08:07:32.817189125Z,3.252,13.96,22.72,132
2026-02-09T08:27:32.727951726Z,3.248,14.02,22.6,132
2026-02-09T08:47:32.645672879Z,3.252,14.11,22.58,132
2026-02-09T09:07:32.566227942Z,3.252,14.27,22.59,133
2026-02-09T09:27:32.505650624Z,3.26,14.51,22.35,134
2026-02-09T09:47:32.418976685Z,3.258,14.96,22.34,134
2026-02-09T10:07:32.338544585Z,3.262,15.47,22.08,133
2026-02-09T10:27:31.869004884Z,3.265,16.03,22.22,133
2026-02-09T10:47:32.179912943Z,3.262,16.12,22.33,131
2026-02-09T11:07:32.089946331Z,3.265,16.08,22.34,133
2026-02-09T11:27:31.646846050Z,3.208,16.04,22.34,133
2026-02-09T11:47:31.949129518Z,3.269,16,22.4,134
2026-02-09T12:07:31.857425864Z,3.269,16.06,22.33,133
2026-02-09T12:27:31.781046208Z,3.273,16.19,22.21,133
2026-02-09T12:47:31.684576157Z,3.277,16.37,22.13,132
2026-02-09T13:07:31.232173481Z,3.284,16.76,21.84,132
2026-02-09T13:27:31.528228275Z,3.28,17.51,21.93,132
2026-02-09T13:47:31.461737103Z,3.282,17.83,21.93,132
2026-02-09T14:07:30.982726130Z,3.275,17.92,21.93,132
2026-02-09T14:27:31.298370800Z,3.28,17.91,21.93,131
2026-02-09T14:47:31.216458778Z,3.284,17.95,21.93,131
2026-02-09T15:07:31.127871540Z,3.288,17.96,21.8,131
2026-02-09T15:27:31.040650926Z,3.286,18.33,21.67,132
2026-02-09T15:47:30.959630505Z,3.284,19,21.66,132
2026-02-09T16:07:30.740331884Z,3.288,19.22,21.54,131
2026-02-09T16:27:30.802419624Z,3.29,19.35,21.65,131
2026-02-09T16:47:30.739906362Z,3.286,19.43,21.65,130
2026-02-09T17:07:30.648892449Z,3.29,19.24,21.78,130
2026-02-09T17:27:30.558921422Z,3.292,18.85,21.79,130
2026-02-09T17:47:30.484614672Z,3.292,18.53,21.79,129
2026-02-09T18:07:30.228384102Z,3.288,18.26,21.8,128
2026-02-09T18:27:30.306936606Z,3.284,18.02,21.8,128
2026-02-09T18:47:30.242851509Z,3.284,17.77,21.81,128
2026-02-09T19:07:30.143958577Z,3.286,17.56,21.93,128
2026-02-09T19:27:30.064471968Z,3.284,17.39,21.94,128
2026-02-09T19:47:30.015785327Z,3.282,17.21,21.94,128
2026-02-09T20:07:29.922891775Z,3.284,17.02,21.94,128
2026-02-09T20:27:29.840781380Z,3.282,16.9,21.94,128
2026-02-09T20:47:29.786317656Z,3.282,16.76,21.94,127
2026-02-09T21:07:29.691904398Z,3.28,16.6,21.94,127
2026-02-09T21:27:29.601887044Z,3.292,16.49,21.92,127
2026-02-09T21:47:29.517265243Z,3.288,16.39,21.82,125
2026-02-09T22:07:29.444716627Z,3.282,16.29,21.79,125
2026-02-09T22:27:29.374729298Z,3.286,16.19,21.82,125
2026-02-09T22:47:29.290277446Z,3.29,16.08,21.73,125
2026-02-09T23:07:29.221007031Z,3.28,15.98,21.7,124
2026-02-09T23:27:29.195552652Z,3.277,15.89,21.95,126
2026-02-09T23:47:29.072340076Z,3.273,15.85,21.77,124
2026-02-10T00:07:28.985518526Z,3.284,15.78,21.74,124
2026-02-10T00:27:28.901607094Z,3.277,15.68,21.49,120
2026-02-10T00:47:28.828213303Z,3.277,15.57,21.58,121
2026-02-10T01:07:28.752350454Z,3.284,15.48,21.58,121
2026-02-10T01:27:28.690758196Z,3.271,15.4,21.58,121
2026-02-10T01:47:28.603962449Z,3.277,15.36,21.58,121
2026-02-10T02:07:28.520909196Z,3.28,15.27,21.45,119
2026-02-10T02:27:28.443304565Z,3.277,15.22,21.36,118
2026-02-10T02:47:28.378052227Z,3.28,15.16,21.96,124
2026-02-10T03:07:28.290009186Z,3.28,15.08,21.96,125
2026-02-10T03:27:28.221412828Z,3.286,15.06,21.85,124
2026-02-10T03:47:28.162393446Z,3.282,14.96,21.93,125
2026-02-10T04:07:28.083726355Z,3.282,14.95,21.97,125
2026-02-10T04:27:27.983532382Z,3.286,14.86,21.97,125
2026-02-10T04:47:27.912696402Z,3.286,14.86,21.97,123
2026-02-10T05:07:27.832396933Z,3.275,14.81,21.33,116
2026-02-10T05:27:27.758772619Z,3.277,14.76,21.21,114
2026-02-10T05:47:27.694395167Z,3.271,14.75,21.24,114
2026-02-10T06:07:27.626561333Z,3.284,14.66,21.21,115
2026-02-10T06:27:27.525027134Z,3.282,14.65,21.22,115
2026-02-10T06:47:27.456628989Z,3.28,14.55,21.26,116
2026-02-10T07:07:27.491344772Z,3.282,14.55,21.47,118
2026-02-10T07:27:27.302106584Z,3.28,14.45,21.47,118
2026-02-10T07:47:27.222873461Z,3.282,14.45,21.34,116
2026-02-10T08:07:26.992498Z,3.288,14.45,21.34,117
2026-02-10T08:27:27.100291723Z,3.29,14.55,21.21,116
2026-02-10T08:47:26.995817517Z,3.29,14.67,21.08,116
2026-02-10T09:07:26.904311595Z,3.288,15.04,20.94,116
2026-02-10T09:27:26.831123655Z,3.292,15.37,20.73,116
2026-02-10T09:47:26.742723705Z,3.292,15.91,20.53,116
2026-02-10T10:07:26.528693477Z,3.29,16.59,20.77,120
2026-02-10T10:27:26.210428385Z,3.29,17,20.77,118
2026-02-10T10:47:26.513016881Z,3.288,17.07,20.9,118
2026-02-10T11:07:26.912540775Z,3.295,17.01,20.96,119
2026-02-10T14:47:25.513527793Z,3.299,20.27,20.41,116
2026-02-10T16:47:25.030544941Z,3.286,21.91,34.24,384
2026-02-10T17:07:24.942066463Z,3.288,21.8,29.31,279
2026-02-10T17:27:24.874222108Z,3.286,21.5,28.57,262
2026-02-10T17:47:24.781396689Z,3.28,21.26,28.99,267
2026-02-10T18:07:25.036647960Z,3.284,20.98,28.55,258
2026-02-10T18:27:24.239323159Z,3.237,20.72,28.54,256
2026-02-10T18:47:24.535607627Z,3.28,20.47,28.28,252
2026-02-10T19:07:24.296460024Z,3.273,20.26,28.09,247
2026-02-10T19:27:23.985530572Z,3.233,19.99,27.96,245
2026-02-10T19:47:24.313788384Z,3.275,19.76,27.81,243
2026-02-10T20:07:24.228901958Z,3.271,19.56,27.67,241
2026-02-10T20:27:24.009604421Z,3.271,19.4,27.66,239
2026-02-10T20:47:24.062127549Z,3.271,19.24,27.62,239
2026-02-10T21:07:23.981136201Z,3.269,19.04,27.52,238
2026-02-10T21:27:23.917015175Z,3.271,18.85,27.5,237
2026-02-10T21:47:23.830876447Z,3.271,18.74,27.37,235
2026-02-10T22:07:23.737133723Z,3.269,18.54,27.37,236
2026-02-10T22:27:23.671045320Z,3.269,18.43,27.28,233
2026-02-10T22:47:23.598357048Z,3.267,18.32,27.36,234
2026-02-10T23:07:23.515090300Z,3.269,18.16,27.09,230
2026-02-10T23:27:23.437197017Z,3.267,18.02,26.96,229
2026-02-10T23:47:23.356058576Z,3.267,17.92,26.97,230
2026-02-11T00:07:23.281056683Z,3.265,17.75,26.95,229
2026-02-11T00:27:23.206600505Z,3.265,17.62,26.98,231
2026-02-11T00:47:23.016625974Z,3.262,17.51,26.82,228
2026-02-11T01:07:23.045171072Z,3.262,17.42,26.79,227
2026-02-11T01:27:22.959185512Z,3.269,17.35,26.69,226
2026-02-11T01:47:22.756441650Z,3.26,17.3,26.69,226
2026-02-11T02:07:22.814459021Z,3.265,17.21,26.55,223
2026-02-11T02:27:22.733332775Z,3.262,17.13,26.55,224
2026-02-11T02:47:23.288933605Z,3.265,17.11,26.67,225
2026-02-11T03:07:21.917170811Z,3.208,17,27.06,231
2026-02-11T03:27:22.489130915Z,3.258,16.91,26.89,228
2026-02-11T03:47:22.418330785Z,3.262,16.88,27.01,229
2026-02-11T04:07:22.339000611Z,3.262,16.8,26.92,228
2026-02-11T04:27:22.265480193Z,3.26,16.72,26.92,227
2026-02-11T04:47:22.180219533Z,3.26,16.69,26.79,225
2026-02-11T05:07:22.110081363Z,3.258,16.6,26.78,224
2026-02-11T05:27:22.026738988Z,3.256,16.49,26.66,223
2026-02-11T05:47:21.954256777Z,3.26,16.39,26.53,221
2026-02-11T06:07:21.875345750Z,3.262,16.34,26.53,220
2026-02-11T06:27:21.798497060Z,3.256,16.29,26.65,222
2026-02-11T06:47:22.077728443Z,3.258,16.19,26.66,222
2026-02-11T07:07:21.662030423Z,3.254,16.09,26.65,222
2026-02-11T07:27:22.002526542Z,3.258,16.03,26.68,222
2026-02-11T07:47:21.971162661Z,3.258,15.98,26.77,223
2026-02-11T08:07:21.861319776Z,3.262,15.98,26.77,225
2026-02-11T08:27:21.430005148Z,3.262,16.02,26.97,230
2026-02-11T08:47:21.255360736Z,3.265,16.19,26.68,229
2026-02-11T09:07:21.180854177Z,3.269,16.5,26.41,230
2026-02-11T09:27:21.100036150Z,3.271,16.89,26.29,231
2026-02-11T09:47:21.016438771Z,3.277,17.46,26.05,232
2026-02-11T10:07:20.936727211Z,3.277,18.13,26.07,233
2026-02-11T10:27:20.843911527Z,3.271,18.64,25.54,224
2026-02-11T10:47:20.623868163Z,3.282,18.74,25.69,222
2026-02-11T11:07:20.688383816Z,3.284,18.64,25.7,223
2026-02-11T11:27:20.608624968Z,3.282,18.63,25.68,222
2026-02-11T11:47:20.369797197Z,3.28,18.64,25.62,222
2026-02-11T12:07:20.442272783Z,3.284,18.64,25.57,223
2026-02-11T12:27:19.966494977Z,3.284,18.8,25.57,222
2026-02-11T12:47:20.145926610Z,3.299,18.87,25.45,222
2026-02-11T13:07:20.212871059Z,3.295,19.25,25.21,223
2026-02-11T13:27:19.989380133Z,3.292,19.86,25.11,224
2026-02-11T13:47:19.887320892Z,3.295,20.67,25.1,224
2026-02-11T14:07:19.798879452Z,3.295,21.49,25.01,223
2026-02-11T14:27:19.878949157Z,3.295,21.75,25.25,221
2026-02-11T14:47:19.397631471Z,3.295,21.72,25.63,224
2026-02-11T15:07:19.571144771Z,3.295,21.55,25.63,223
2026-02-11T15:27:19.466712634Z,3.295,21.8,25.33,224
2026-02-11T15:47:19.533525877Z,3.297,22.31,25.23,222
2026-02-11T16:07:19.458204278Z,3.295,22.58,25.14,220
2026-02-11T16:27:19.372875377Z,3.29,22.53,25.26,219
2026-02-11T16:47:19.299663496Z,3.292,22.49,25.14,217
2026-02-11T17:07:19.067877036Z,3.29,22.19,25.19,215
2026-02-11T17:27:19.136529920Z,3.29,21.78,25.44,215
2026-02-11T17:47:19.035451670Z,3.29,21.39,25.4,214
2026-02-11T18:07:18.797883907Z,3.286,21.09,26.14,221
2026-02-11T18:27:18.496475842Z,3.229,20.8,26,216
2026-02-11T18:47:18.803433911Z,3.284,20.57,25.91,214
2026-02-11T19:07:18.339099339Z,3.225,20.27,25.67,210
2026-02-11T19:27:18.638786823Z,3.277,20.06,25.86,211
2026-02-11T19:47:18.567732294Z,3.277,19.81,25.6,209
2026-02-11T20:07:18.488549864Z,3.277,19.57,25.84,210
2026-02-11T20:27:18.398144310Z,3.269,19.35,25.84,209
2026-02-11T20:47:18.321419618Z,3.271,19.15,25.71,207
2026-02-11T21:07:18.237607039Z,3.267,19.04,25.83,209
2026-02-11T21:27:18.176531737Z,3.269,18.91,25.83,209
2026-02-11T21:47:18.088506564Z,3.277,18.76,25.83,208
2026-02-11T22:07:17.997782215Z,3.267,18.64,25.57,205
2026-02-11T22:27:17.917887952Z,3.269,18.53,25.65,206
2026-02-11T22:47:17.858588840Z,3.262,18.34,25.71,207
2026-02-11T23:07:17.615980645Z,3.265,18.22,25.69,206
2026-02-11T23:27:17.694383081Z,3.262,18.02,25.61,204
2026-02-11T23:47:17.625012451Z,3.262,17.91,25.69,205
2026-02-12T00:07:17.568954188Z,3.262,17.73,25.95,208
2026-02-12T00:27:17.466221358Z,3.26,17.72,25.56,205
2026-02-12T00:47:17.004536726Z,3.217,17.66,25.45,204
2026-02-12T01:07:17.309673022Z,3.258,17.62,25.43,203
2026-02-12T01:27:17.238328472Z,3.26,17.58,25.69,206
2026-02-12T01:47:16.770716589Z,3.202,17.51,25.8,206
2026-02-12T02:07:17.080618161Z,3.256,17.39,25.54,202
2026-02-12T02:27:17.005416033Z,3.26,17.21,25.43,202
2026-02-12T02:47:16.930748913Z,3.256,17.11,25.42,201
2026-02-12T03:07:16.853015327Z,3.256,17,25.43,201
2026-02-12T03:27:16.774697467Z,3.256,16.9,25.42,200
2026-02-12T03:47:16.704350050Z,3.256,16.8,25.42,200
2026-02-12T04:07:16.623030937Z,3.254,16.69,25.41,199
2026-02-12T04:27:16.546247054Z,3.254,16.59,25.29,198
2026-02-12T04:47:16.477202992Z,3.256,16.49,25.54,201
2026-02-12T05:07:16.396376601Z,3.254,16.47,25.31,198
2026-02-12T05:27:16.313226490Z,3.252,16.4,25.66,202
2026-02-12T05:47:16.233085131Z,3.256,16.39,25.53,200
2026-02-12T06:07:16.152087170Z,3.256,16.4,25.36,198
2026-02-12T06:27:16.095143251Z,3.26,16.39,25.29,197
2026-02-12T06:47:16.009097063Z,3.254,16.39,25.38,198
2026-02-12T07:07:15.944818580Z,3.252,16.39,25.41,198
2026-02-12T07:27:15.853248248Z,3.258,16.32,25.67,201
2026-02-12T07:47:15.775707692Z,3.256,16.29,25.41,198
2026-02-12T08:07:15.704470875Z,3.252,16.29,26.07,204
2026-02-12T08:27:15.626660091Z,3.262,16.29,26.15,208
2026-02-12T08:47:15.553021659Z,3.254,16.29,25.78,204
2026-02-12T09:07:15.466468010Z,3.258,16.29,25.53,201
2026-02-12T09:27:15.392427375Z,3.256,16.32,25.66,204
2026-02-12T09:47:15.311623357Z,3.254,16.39,25.66,204
2026-02-12T10:07:15.234477563Z,3.26,16.49,25.41,203
2026-02-12T10:27:14.994556182Z,3.256,16.8,25.37,203
2026-02-12T10:47:15.084912096Z,3.267,17.06,25.17,202
2026-02-12T11:07:14.858661857Z,3.265,17.31,25.19,203
2026-02-12T11:27:14.916478507Z,3.269,17.47,25.3,203
2026-02-12T11:47:14.843327155Z,3.262,17.51,24.94,198
2026-02-12T12:07:14.762235873Z,3.277,17.51,24.93,199
2026-02-12T12:27:14.673756698Z,3.269,17.62,24.93,199
2026-02-12T12:47:14.604921142Z,3.275,17.72,24.93,199
2026-02-12T13:07:14.527060033Z,3.275,18.02,24.6,199
2026-02-12T13:27:14.443906948Z,3.275,18.49,24.57,201
2026-02-12T13:47:14.371033367Z,3.282,19.16,24.45,201
2026-02-12T14:07:14.291414673Z,3.28,19.86,24.34,200
2026-02-12T14:27:14.193246663Z,3.28,20.06,24.57,198
2026-02-12T14:47:14.110484124Z,3.282,20.06,24.46,198
2026-02-12T15:07:13.888535452Z,3.288,19.95,24.52,198
2026-02-12T15:27:13.558061902Z,3.282,20.27,24.21,198
2026-02-12T15:47:13.863452213Z,3.284,20.78,24.15,199
2026-02-12T16:07:13.787038787Z,3.284,21.08,24.09,198
2026-02-12T16:27:13.045554581Z,3.284,21.11,24.22,198
2026-02-12T16:47:13.460227359Z,3.288,21.08,24.22,197
2026-02-12T17:07:13.396191020Z,3.284,20.78,24.59,197
2026-02-12T17:27:13.478382511Z,3.286,20.43,24.6,196
2026-02-12T17:47:13.376420903Z,3.282,20.07,24.7,195
2026-02-12T18:07:13.294077183Z,3.28,19.76,24.71,195
2026-02-12T18:27:12.548190523Z,3.221,19.52,24.83,195
2026-02-12T18:47:13.146221613Z,3.275,19.25,24.95,196
2026-02-12T19:07:12.906123873Z,3.271,19,24.97,196
2026-02-12T19:27:12.972324425Z,3.28,18.74,25.14,198
2026-02-12T19:47:13.081456241Z,3.271,18.53,25.07,198
2026-02-12T20:07:12.454685684Z,3.214,18.33,25,195
2026-02-12T20:27:12.749801271Z,3.269,18.12,25.19,196
2026-02-12T20:47:12.677695369Z,3.265,17.92,25.15,196
2026-02-12T21:07:12.585671932Z,3.265,17.72,25.18,198
2026-02-12T21:27:12.504109626Z,3.265,17.61,25.31,199
2026-02-12T21:47:12.034314316Z,3.204,17.44,25.31,200
2026-02-12T22:07:12.353336592Z,3.273,17.41,25.43,202
2026-02-12T22:27:12.279331441Z,3.26,17.39,25.43,203
2026-02-12T22:47:12.195904474Z,3.26,17.33,25.34,203
2026-02-12T23:07:12.111189710Z,3.265,17.31,25.29,202
2026-02-12T23:27:12.042223983Z,3.258,17.31,25.3,202
2026-02-12T23:47:11.960566887Z,3.256,17.23,25.3,202
2026-02-13T00:07:11.955076596Z,3.258,17.2,25.55,204
2026-02-13T00:27:11.824415067Z,3.258,17.11,25.43,204
2026-02-13T00:47:11.736085664Z,3.267,17.06,25.79,209
2026-02-13T01:07:11.648527761Z,3.258,16.99,25.79,210
2026-02-13T01:27:11.587761526Z,3.256,16.9,25.92,211
2026-02-13T01:47:11.511341390Z,3.265,16.8,25.89,211
2026-02-13T02:07:11.427633285Z,3.256,16.7,25.66,209
2026-02-13T02:27:11.344741993Z,3.254,16.6,25.66,209
2026-02-13T02:47:11.272729607Z,3.252,16.49,25.66,209
2026-02-13T03:07:11.196596493Z,3.258,16.39,25.66,209
2026-02-13T03:27:11.114728173Z,3.254,16.34,25.65,209
2026-02-13T03:47:11.087946607Z,3.256,16.27,25.65,208
2026-02-13T04:07:10.992492623Z,3.254,16.19,25.64,208
2026-02-13T04:27:10.892659799Z,3.252,16.09,25.62,208
2026-02-13T04:47:10.814889302Z,3.252,15.98,25.59,207
2026-02-13T05:07:10.731977492Z,3.252,15.88,25.56,207
2026-02-13T05:27:10.674648795Z,3.248,15.78,25.53,206
2026-02-13T05:47:10.610027578Z,3.25,15.71,25.52,206
2026-02-13T06:07:10.510651071Z,3.252,15.64,25.52,205
2026-02-13T06:27:10.451866034Z,3.246,15.57,25.52,206
2026-02-13T06:47:10.371843530Z,3.248,15.47,25.52,206
2026-02-13T07:07:10.289254813Z,3.25,15.43,25.52,205
2026-02-13T07:27:10.241111554Z,3.248,15.37,25.52,205
2026-02-13T07:47:10.141804859Z,3.25,15.27,25.48,205
2026-02-13T08:07:10.076050676Z,3.258,15.27,25.4,205
2026-02-13T08:27:10.016318202Z,3.248,15.27,25.39,204
2026-02-13T08:47:09.918902889Z,3.25,15.31,25.38,204
2026-02-13T09:07:09.831408887Z,3.25,15.37,25.3,204
2026-02-13T09:27:09.772534709Z,3.25,15.45,25.28,204
2026-02-13T09:47:09.702288588Z,3.256,15.47,25.27,203
2026-02-13T10:07:09.611934742Z,3.25,15.55,25.2,204
2026-02-13T10:27:09.545431685Z,3.254,15.78,25.07,203
2026-02-13T10:47:09.461701176Z,3.256,15.98,25.04,203
2026-02-13T11:07:09.380885035Z,3.26,16.15,25.03,203
2026-02-13T11:27:09.292000957Z,3.26,16.39,24.96,202
2026-02-13T11:47:09.220939891Z,3.262,16.49,25.03,201
2026-02-13T12:07:09.142707085Z,3.262,16.5,24.93,201
2026-02-13T12:27:09.073624213Z,3.26,16.62,24.92,201
2026-02-13T12:47:08.839200177Z,3.269,16.8,24.8,202
2026-02-13T13:07:08.909583853Z,3.267,17,24.81,201
2026-02-13T13:27:08.843546517Z,3.265,16.95,24.92,199
2026-02-13T13:47:08.611053548Z,3.262,16.9,24.8,200
2026-02-13T14:07:08.532849423Z,3.265,16.92,24.8,200
2026-02-13T14:27:08.574729830Z,3.267,16.93,24.82,199
2026-02-13T14:47:08.511264128Z,3.265,16.9,25.05,200
2026-02-13T15:07:08.426003864Z,3.254,16.79,25.05,199
2026-02-13T15:27:08.366897800Z,3.26,16.63,24.94,199
2026-02-13T15:47:08.273312735Z,3.26,16.92,24.8,199
2026-02-13T16:07:08.197132371Z,3.256,17.02,24.76,198
2026-02-13T16:27:08.194756768Z,3.258,17.04,24.8,197
2026-02-13T16:47:08.043868914Z,3.258,16.86,24.91,196
2026-02-13T17:07:07.977776728Z,3.26,16.69,24.84,196
2026-02-13T17:27:07.491862192Z,3.2,16.49,24.83,195
2026-02-13T17:47:07.810279545Z,3.254,16.29,24.83,195
2026-02-13T18:07:07.726439713Z,3.258,16.1,24.86,195
2026-02-13T18:27:07.643376867Z,3.256,15.97,24.9,194
2026-02-13T18:47:07.572232291Z,3.25,15.78,24.87,195
2026-02-13T19:07:07.503021946Z,3.248,15.68,24.89,194
2026-02-13T19:27:07.426481620Z,3.246,15.55,24.87,194
2026-02-13T19:47:07.360942993Z,3.254,15.44,24.85,193
2026-02-13T20:07:07.288341225Z,3.246,15.28,24.88,194
2026-02-13T20:27:07.208716569Z,3.244,15.16,24.9,193
2026-02-13T20:47:07.149581327Z,3.248,15.06,24.9,193
2026-02-13T21:07:07.078283996Z,3.239,14.91,24.9,193
2026-02-13T21:27:07.004318432Z,3.244,14.76,24.9,193
2026-02-13T21:47:06.924438003Z,3.241,14.65,24.89,192
2026-02-13T22:07:06.860796998Z,3.241,14.55,24.87,192
2026-02-13T22:27:06.777057199Z,3.241,14.46,24.87,192
2026-02-13T22:47:06.710812760Z,3.237,14.44,24.81,192
2026-02-13T23:07:06.636963530Z,3.239,14.38,24.78,192
2026-02-13T23:27:06.569695466Z,3.239,14.35,24.79,192
2026-02-13T23:47:06.477235694Z,3.237,14.35,24.79,192
2026-02-14T00:07:06.430402164Z,3.239,14.25,24.8,191
2026-02-14T00:27:06.359136501Z,3.233,14.17,24.84,191
2026-02-14T00:47:06.265417639Z,3.237,14.06,24.84,191
2026-02-14T01:07:06.212261500Z,3.239,13.94,24.83,191
2026-02-14T01:27:06.134688497Z,3.237,13.84,24.81,190
2026-02-14T01:47:06.083961512Z,3.231,13.76,24.81,190
2026-02-14T02:07:05.982818585Z,3.244,13.71,24.77,190
2026-02-14T02:27:05.907717378Z,3.233,13.66,24.77,190
2026-02-14T02:47:05.856456796Z,3.237,13.63,24.77,190
2026-02-14T03:07:05.778945584Z,3.235,13.63,24.77,189
2026-02-14T03:27:05.707817803Z,3.233,13.6,24.77,189
2026-02-14T03:47:05.635173838Z,3.231,13.55,24.77,189
2026-02-14T04:07:05.560565516Z,3.235,13.52,24.76,189
2026-02-14T04:27:05.485487631Z,3.237,13.52,24.74,188
2026-02-14T04:47:05.425846975Z,3.235,13.49,24.71,188
2026-02-14T05:07:05.345833899Z,3.231,13.43,24.74,188
2026-02-14T05:27:05.266915603Z,3.231,13.38,24.74,188
2026-02-14T05:47:05.206670340Z,3.235,13.32,24.7,188
2026-02-14T06:07:05.281997018Z,3.235,13.31,24.67,187
2026-02-14T06:27:05.065653710Z,3.233,13.26,24.68,188
2026-02-14T06:47:04.988998575Z,3.233,13.24,24.66,187
2026-02-14T07:07:04.917385812Z,3.235,13.22,24.74,188
2026-02-14T07:27:04.903993956Z,3.231,13.22,24.69,187
2026-02-14T07:47:04.783906617Z,3.231,13.19,24.65,187
2026-02-14T08:07:04.714487026Z,3.239,13.22,24.65,187
2026-02-14T08:27:04.627804036Z,3.237,13.25,24.65,187
2026-02-14T08:47:04.550243097Z,3.248,13.32,24.53,187
2026-02-14T09:07:04.340368758Z,3.248,13.59,24.29,187
2026-02-14T09:27:04.409630607Z,3.256,13.94,24.17,187
2026-02-14T09:47:04.330910039Z,3.252,14.45,23.93,188
2026-02-14T10:07:04.240018145Z,3.254,15.06,23.81,189
2026-02-14T10:27:04.172068916Z,3.25,15.47,24.18,187
2026-02-14T10:47:04.086122780Z,3.254,15.37,24.22,186
2026-02-14T11:07:04.006788678Z,3.25,15.32,24.2,186
2026-02-14T11:27:03.933971356Z,3.252,15.27,24.22,186
2026-02-14T11:47:03.849149383Z,3.254,15.16,24.2,185
2026-02-14T12:07:03.776018749Z,3.254,15.06,24.18,185
2026-02-14T12:27:03.710995878Z,3.256,14.98,24.17,184
2026-02-14T12:47:03.235218465Z,3.198,15.04,24.07,184
2026-02-14T13:07:03.550498231Z,3.256,15.16,24.05,184
2026-02-14T13:27:03.467842527Z,3.26,15.34,23.93,184
2026-02-14T13:47:03.390268340Z,3.258,15.88,23.77,185
2026-02-14T14:07:03.304779957Z,3.26,16.6,23.69,185
2026-02-14T14:27:03.235161922Z,3.26,16.9,23.83,184
2026-02-14T14:47:03.143681893Z,3.262,16.99,23.82,183
2026-02-14T15:07:03.067747001Z,3.256,16.77,23.82,182
2026-02-14T15:27:03.000138454Z,3.265,16.9,23.68,183
2026-02-14T15:47:02.918856262Z,3.258,17.21,23.57,182
2026-02-14T16:07:02.839661599Z,3.258,17.31,23.57,181
2026-02-14T16:27:02.762305833Z,3.258,17.15,23.69,180
2026-02-14T16:47:02.685168967Z,3.258,16.8,23.69,179
2026-02-14T17:07:02.606901293Z,3.262,16.39,23.76,177
2026-02-14T17:27:02.539412501Z,3.258,15.95,23.78,177
2026-02-14T17:47:02.466775864Z,3.254,15.57,23.74,176
2026-02-14T18:07:02.376910954Z,3.254,15.27,23.74,175
2026-02-14T18:27:02.294825587Z,3.254,14.96,23.74,174
2026-02-14T18:47:02.239331687Z,3.252,14.72,23.73,173
2026-02-14T19:07:02.146605509Z,3.248,14.45,23.71,172
2026-02-14T19:27:02.082236194Z,3.248,14.24,23.69,172
2026-02-14T19:47:02.020169998Z,3.246,14.04,23.69,171
2026-02-14T20:07:01.934868489Z,3.244,13.83,23.69,171
2026-02-14T20:27:01.880524602Z,3.248,13.7,23.69,170
2026-02-14T20:47:01.799155224Z,3.239,13.52,23.69,170
2026-02-14T21:07:01.724234719Z,3.244,13.37,23.69,169
2026-02-14T21:27:01.640609027Z,3.233,13.22,23.69,169
2026-02-14T21:47:01.574794647Z,3.239,13.01,23.69,168
2026-02-14T22:07:01.509136482Z,3.237,12.84,23.69,168
2026-02-14T22:27:01.431806252Z,3.237,12.7,23.68,168
2026-02-14T22:47:01.363774517Z,3.235,12.5,23.67,167
2026-02-14T23:07:01.299526524Z,3.231,12.39,23.63,166
2026-02-14T23:27:01.531186932Z,3.233,12.25,23.59,166
2026-02-14T23:47:01.165880832Z,3.231,12.1,23.57,166
2026-02-15T00:07:01.086952784Z,3.231,11.98,23.57,165
2026-02-15T00:27:01.029228214Z,3.229,11.88,23.57,165
2026-02-15T00:47:00.978182706Z,3.225,11.77,23.57,164
2026-02-15T01:07:00.888737151Z,3.227,11.67,23.57,164
2026-02-15T01:27:00.832254768Z,3.233,11.57,23.57,163
2026-02-15T01:47:00.745256902Z,3.229,11.46,23.57,163
2026-02-15T02:07:00.683607945Z,3.233,11.34,23.57,163
2026-02-15T02:27:00.625498963Z,3.223,11.22,23.56,162
2026-02-15T02:47:00.536167253Z,3.223,11.13,23.52,162
2026-02-15T03:07:00.499857947Z,3.223,11.04,23.5,162
2026-02-15T03:27:00.404655800Z,3.221,10.94,23.47,161
2026-02-15T03:47:00.368707551Z,3.223,10.84,23.46,161
2026-02-15T04:07:00.290661769Z,3.225,10.74,23.46,161
2026-02-15T04:27:00.208112900Z,3.225,10.65,23.46,161
2026-02-15T04:47:00.152932498Z,3.221,10.58,23.46,160
2026-02-15T05:07:00.077810189Z,3.219,10.51,23.46,160
2026-02-15T05:26:59.999572553Z,3.221,10.42,23.46,159
2026-02-15T05:46:59.943459329Z,3.227,10.32,23.46,159
2026-02-15T06:06:59.878295218Z,3.217,14.14,51.08,722
2026-02-15T06:26:59.808451246Z,3.219,15.82,53.68,726
2026-02-15T06:46:59.763592447Z,3.223,15.06,42.79,470
2026-02-15T07:06:59.702660259Z,3.219,14.25,32.25,297
2026-02-15T07:26:59.618152732Z,3.223,13.52,31.25,280
2026-02-15T07:46:59.549959842Z,3.217,12.91,30.74,270
2026-02-15T08:06:59.496197765Z,3.219,12.39,30.32,264
2026-02-15T08:26:59.408543005Z,3.225,12,30.08,259
2026-02-15T08:46:59.344684196Z,3.223,11.77,29.81,256
2026-02-15T09:06:59.273929838Z,3.221,11.67,29.25,255
2026-02-15T09:26:59.202771631Z,3.229,11.77,29.12,252
2026-02-15T09:46:59.139516383Z,3.233,11.88,28.72,252
2026-02-15T10:06:59.053840540Z,3.237,12.29,28.51,251
2026-02-15T10:26:58.977244317Z,3.239,12.59,28.74,247
2026-02-15T10:46:58.897748692Z,3.244,12.5,28.74,245
2026-02-15T11:06:58.824187199Z,3.239,12.39,28.73,244
2026-02-15T11:26:58.747965553Z,3.241,12.29,28.6,242
2026-02-15T11:46:58.655842129Z,3.246,12.2,28.49,241
2026-02-15T12:06:58.299542676Z,3.188,12.23,28.42,240
2026-02-15T12:26:58.517398089Z,3.258,12.3,28.28,239
2026-02-15T12:46:58.292407689Z,3.25,12.48,28.2,237
2026-02-15T13:06:58.199456172Z,3.254,12.6,28.08,236
2026-02-15T13:26:58.287220323Z,3.262,12.81,27.85,237
2026-02-15T13:46:58.213556258Z,3.267,13.42,27.63,237
2026-02-15T14:06:58.124644922Z,3.258,14.24,27.6,238
2026-02-15T14:26:58.035206283Z,3.265,14.55,27.69,235
2026-02-15T14:46:57.982601019Z,3.269,14.73,27.63,234
2026-02-15T15:06:57.743197691Z,3.262,14.65,27.63,233
2026-02-15T15:26:57.798234796Z,3.262,14.88,27.42,233
2026-02-15T15:46:57.577145848Z,3.262,15.26,27.27,232
2026-02-15T16:06:57.249775302Z,3.258,15.49,27.27,231
2026-02-15T16:26:57.566174229Z,3.262,15.57,27.16,231
2026-02-15T16:46:57.475486489Z,3.267,15.55,27.26,229
2026-02-15T17:06:57.406738911Z,3.262,15.27,27.33,227
2026-02-15T17:26:57.321569235Z,3.267,14.96,27.34,226
2026-02-15T17:46:57.248260588Z,3.271,14.71,27.27,224
2026-02-15T18:06:57.165874315Z,3.262,14.48,27.25,224
2026-02-15T18:26:57.093261962Z,3.258,14.33,27.24,223
2026-02-15T18:46:57.016424916Z,3.256,14.14,27.23,222
2026-02-15T19:06:56.939727011Z,3.254,13.95,27.23,221
2026-02-15T19:26:56.854934072Z,3.256,13.83,27.22,221
2026-02-15T19:46:56.828436028Z,3.254,13.66,27.22,220
2026-02-15T20:06:56.712844918Z,3.254,13.52,27.21,219
2026-02-15T20:26:56.637208619Z,3.248,13.42,27.18,219
2026-02-15T20:46:56.552773049Z,3.254,13.32,27.12,218
2026-02-15T21:06:56.502420945Z,3.252,13.22,27.11,218
2026-02-15T21:26:56.413864151Z,3.254,13.11,27.13,218
2026-02-15T21:46:56.324725218Z,3.248,13.01,27.12,217
2026-02-15T22:06:56.255142772Z,3.248,12.91,27.09,217
2026-02-15T22:26:56.197328830Z,3.248,12.81,27.07,216
2026-02-15T22:46:56.116045900Z,3.246,12.71,27.06,216
2026-02-15T23:06:56.026708750Z,3.246,12.62,27.06,215
2026-02-15T23:26:55.975915588Z,3.246,12.57,27.06,215
2026-02-15T23:46:55.911246615Z,3.239,12.5,27.06,215
2026-02-16T00:06:55.833332581Z,3.237,12.4,27.06,214
2026-02-16T00:26:55.763855343Z,3.246,12.35,27.05,215
2026-02-16T00:46:55.686705230Z,3.244,12.29,26.99,213
2026-02-16T01:06:55.608197596Z,3.241,12.2,26.94,214
2026-02-16T01:26:55.547624604Z,3.239,12.17,26.93,213
2026-02-16T01:46:55.457743054Z,3.237,12.08,26.93,213
2026-02-16T02:06:55.403105048Z,3.239,11.99,26.92,213
2026-02-16T02:26:55.316002595Z,3.241,11.97,26.92,212
2026-02-16T02:46:55.257376811Z,3.235,11.88,26.92,212
2026-02-16T03:06:55.176279081Z,3.237,11.79,26.92,212
2026-02-16T03:26:55.103792698Z,3.235,11.74,26.92,211
2026-02-16T03:46:55.046630995Z,3.237,11.67,26.91,211
2026-02-16T04:06:54.973789500Z,3.235,11.58,26.87,211
2026-02-16T04:26:54.904384272Z,3.235,11.57,26.84,210
2026-02-16T04:46:54.817206830Z,3.235,11.47,26.81,210
2026-02-16T05:06:54.755775753Z,3.244,11.46,26.79,210
2026-02-16T05:26:54.678554606Z,3.237,11.37,26.78,209
2026-02-16T05:46:54.612700144Z,3.233,11.36,26.78,209
2026-02-16T06:06:54.533931683Z,3.237,11.33,26.78,209
2026-02-16T06:26:54.454858315Z,3.231,11.26,26.78,208
2026-02-16T06:46:54.403497857Z,3.231,11.17,26.78,209
2026-02-16T07:06:54.344937484Z,3.233,11.15,26.78,208
2026-02-16T07:26:54.261126426Z,3.233,11.08,26.75,208
2026-02-16T07:46:54.186618503Z,3.237,11.05,26.67,208
2026-02-16T08:06:54.117383085Z,3.237,11.05,26.66,207
2026-02-16T08:26:54.037631687Z,3.248,11.15,26.56,207
2026-02-16T08:46:53.964209033Z,3.244,11.26,26.53,208
2026-02-16T09:06:53.877169296Z,3.244,11.57,26.07,208
2026-02-16T09:26:53.794646087Z,3.239,11.89,26.18,208
2026-02-16T09:46:53.708062208Z,3.25,12.29,25.83,208
2026-02-16T10:06:53.504238162Z,3.256,12.91,25.72,208
2026-02-16T10:26:53.580983756Z,3.25,13.32,26.01,206
2026-02-16T10:46:53.487420351Z,3.258,13.32,26.08,206
2026-02-16T11:06:53.420597770Z,3.256,13.33,25.97,205
2026-02-16T11:26:53.353194291Z,3.26,13.34,25.97,205
2026-02-16T11:46:53.259126179Z,3.258,13.42,25.94,204
2026-02-16T12:06:53.187580805Z,3.267,13.51,25.85,204
2026-02-16T12:26:53.105528684Z,3.267,13.52,25.79,204
2026-02-16T12:46:52.999522076Z,3.267,13.73,25.73,203
2026-02-16T13:06:52.926867317Z,3.275,13.83,25.62,203
2026-02-16T13:26:53.191303956Z,3.271,14.16,25.48,204
2026-02-16T13:46:52.757868182Z,3.277,14.94,25.27,204
2026-02-16T14:06:52.682412269Z,3.277,15.78,25.18,204
2026-02-16T14:26:52.598528636Z,3.277,16.05,25.28,202
2026-02-16T14:46:52.512885310Z,3.282,16.38,25.2,202
2026-02-16T15:06:52.433258491Z,3.282,16.39,25.21,200
2026-02-16T15:26:52.214879663Z,3.284,16.64,25.1,200
2026-02-16T15:46:52.272854335Z,3.284,17.01,24.93,200
2026-02-16T16:06:52.203297378Z,3.288,17.33,24.9,199
2026-02-16T16:26:52.114840178Z,3.282,17.42,24.86,198
2026-02-16T16:46:52.025667123Z,3.288,17.41,24.93,196
2026-02-16T17:06:51.950442667Z,3.284,17.02,25.05,195
2026-02-16T17:26:51.866652098Z,3.288,16.69,25.05,194
2026-02-16T17:46:51.782942307Z,3.286,16.32,25.04,193
2026-02-16T18:06:51.690081525Z,3.282,16.05,25.04,192
2026-02-16T18:26:51.629668120Z,3.28,15.78,25.04,191
2026-02-16T18:46:51.538536304Z,3.273,15.57,25.05,190
2026-02-16T19:06:51.466023877Z,3.271,15.37,25.06,190
2026-02-16T19:26:51.380074165Z,3.275,15.26,25.03,189
2026-02-16T19:46:51.290205729Z,3.277,15.14,25.03,188
2026-02-16T20:06:51.232041326Z,3.271,15.05,25.03,188
2026-02-16T20:26:50.992926331Z,3.258,14.93,25.02,188
2026-02-16T20:46:51.062471536Z,3.267,14.81,25.02,187
2026-02-16T21:06:50.996934945Z,3.262,14.75,25.02,187
2026-02-16T21:26:50.908466268Z,3.262,14.65,25.01,186
2026-02-16T21:46:50.823482385Z,3.26,14.55,25.01,186
2026-02-16T22:06:50.752029050Z,3.262,14.45,25.01,185
2026-02-16T22:26:50.686230418Z,3.258,14.35,24.95,185
2026-02-16T22:46:50.602218753Z,3.262,14.27,24.92,185
2026-02-16T23:06:50.545342383Z,3.256,14.23,24.91,184
2026-02-16T23:26:50.461286285Z,3.256,14.14,24.9,184
2026-02-16T23:46:50.370418545Z,3.256,14.04,24.9,183
2026-02-17T00:06:50.302130755Z,3.262,13.94,24.9,183
2026-02-17T00:26:50.232526260Z,3.252,13.83,24.94,182
2026-02-17T00:46:50.148721297Z,3.248,13.73,24.97,182
2026-02-17T01:06:50.094844504Z,3.25,13.62,24.94,182
2026-02-17T01:26:50.015471665Z,3.246,13.52,24.94,182
2026-02-17T01:46:49.931426046Z,3.256,13.45,24.89,182
2026-02-17T02:06:49.861575672Z,3.246,13.42,24.89,182
2026-02-17T02:26:49.784533253Z,3.248,13.38,24.89,181
2026-02-17T02:46:49.705710224Z,3.248,13.32,24.89,181
2026-02-17T03:06:49.648106599Z,3.248,13.22,24.89,181
2026-02-17T03:26:49.569061530Z,3.248,13.11,24.88,180
2026-02-17T03:46:49.478928313Z,3.237,13.01,24.88,180
2026-02-17T04:06:49.406960043Z,3.237,12.91,24.89,180
2026-02-17T04:26:49.338941217Z,3.241,12.8,24.92,179
2026-02-17T04:46:49.278029404Z,3.237,12.7,24.89,179
2026-02-17T05:06:49.197052122Z,3.237,12.6,24.88,179
2026-02-17T05:26:49.136338626Z,3.239,12.5,24.88,179
2026-02-17T05:46:49.057612155Z,3.233,12.48,24.88,179
2026-02-17T06:06:48.985676725Z,3.237,12.4,24.88,178
2026-02-17T06:26:48.919947581Z,3.237,12.38,24.88,178
2026-02-17T06:46:48.846424120Z,3.233,12.29,24.88,178
2026-02-17T07:06:48.779190323Z,3.235,12.2,24.87,178
2026-02-17T07:26:48.704381317Z,3.235,12.19,24.86,177
2026-02-17T07:46:48.629564663Z,3.239,12.16,24.76,177
2026-02-17T08:06:48.547460189Z,3.246,12.19,24.76,177
2026-02-17T08:26:48.487740933Z,3.25,12.34,24.66,178
2026-02-17T08:46:48.395748226Z,3.246,12.51,24.64,177
2026-02-17T09:06:48.148125259Z,3.248,12.9,24.17,179
2026-02-17T09:26:48.237858455Z,3.254,13.42,24.17,178
2026-02-17T09:46:48.154602650Z,3.258,14.06,23.92,179
2026-02-17T10:06:48.069229879Z,3.262,14.96,23.7,180
2026-02-17T10:26:47.986732756Z,3.265,15.57,24.04,179
2026-02-17T10:46:47.921243983Z,3.267,15.66,24.14,178
2026-02-17T11:06:47.689233579Z,3.267,15.65,24.17,178
2026-02-17T11:26:47.766326625Z,3.271,15.6,24.18,177
2026-02-17T11:46:47.685203801Z,3.28,15.57,24.07,177
2026-02-17T12:06:47.587851082Z,3.275,15.57,24.06,177
2026-02-17T12:26:47.505617722Z,3.277,15.68,23.94,176
2026-02-17T12:46:47.427428070Z,3.282,15.89,23.91,176
2026-02-17T13:06:47.347276126Z,3.286,16.09,23.81,176
2026-02-17T13:26:47.269605448Z,3.284,16.49,23.57,177
2026-02-17T13:46:47.173426729Z,3.288,17.59,23.32,177
2026-02-17T14:06:47.094904364Z,3.288,18.74,23.27,178
2026-02-17T14:26:46.627528154Z,3.29,19.14,23.45,175
2026-02-17T14:46:46.951652672Z,3.288,19.45,23.32,176
2026-02-17T15:06:46.849570243Z,3.29,19.45,23.34,174
2026-02-17T15:26:46.383102395Z,3.29,19.88,23.2,174
2026-02-17T15:46:46.683476945Z,3.29,20.37,23.02,174
2026-02-17T16:06:46.616738599Z,3.292,20.57,23.03,172
2026-02-17T16:26:46.131008729Z,3.29,20.49,23.04,170
2026-02-17T16:46:46.426884681Z,3.292,20.27,23.18,169
2026-02-17T17:06:46.350701832Z,3.29,19.78,23.25,168
2026-02-17T17:26:46.258362468Z,3.297,19.35,23.32,167
2026-02-17T17:46:46.194308329Z,3.297,18.95,23.33,166
2026-02-17T18:06:45.981842646Z,3.29,18.62,23.33,165
2026-02-17T18:26:46.032717334Z,3.288,18.25,23.35,164
2026-02-17T18:46:45.803728120Z,3.292,17.92,23.39,164
2026-02-17T19:06:45.859206504Z,3.284,17.62,23.33,163
2026-02-17T19:26:45.805383328Z,3.286,17.36,23.33,162
2026-02-17T19:46:45.696441351Z,3.288,17.11,23.35,161
2026-02-17T20:06:45.630154641Z,3.284,16.8,23.37,161
2026-02-17T20:26:45.553882552Z,3.282,16.6,23.32,160
2026-02-17T20:46:45.471076059Z,3.282,16.4,23.32,160
2026-02-17T21:06:45.384245290Z,3.284,16.26,23.32,160
2026-02-17T21:26:45.162738240Z,3.273,16.08,23.32,159
2026-02-17T21:46:45.258243125Z,3.275,15.88,23.32,159
2026-02-17T22:06:45.158223311Z,3.271,15.77,23.32,158
2026-02-17T22:26:45.091456728Z,3.275,15.58,23.32,158
2026-02-17T22:46:45.004397761Z,3.275,15.47,23.32,157
2026-02-17T23:06:44.920957447Z,3.277,15.33,23.32,158
2026-02-17T23:26:44.841846410Z,3.273,15.16,23.32,157
2026-02-17T23:46:44.782775464Z,3.273,15.06,23.32,157
2026-02-18T00:06:44.692572934Z,3.273,14.89,23.33,157
2026-02-18T00:26:44.627222315Z,3.267,14.76,23.33,156
2026-02-18T00:46:44.550973453Z,3.269,14.64,23.33,156
2026-02-18T01:06:44.481804439Z,3.269,14.49,23.32,155
2026-02-18T01:26:44.598729580Z,3.267,14.37,23.3,155
2026-02-18T01:46:44.318881021Z,3.265,14.28,23.33,155
2026-02-18T02:06:44.257908677Z,3.26,14.14,23.33,155
2026-02-18T02:26:44.178044921Z,3.265,14.04,23.33,154
2026-02-18T02:46:44.108693972Z,3.265,13.93,23.33,155
2026-02-18T03:06:44.028862441Z,3.262,13.83,23.33,154
2026-02-18T03:26:43.958483104Z,3.26,13.73,23.32,154
2026-02-18T03:46:43.897164033Z,3.273,13.69,23.31,154
2026-02-18T04:06:43.821977213Z,3.262,13.63,23.26,154
2026-02-18T04:26:43.752655453Z,3.258,13.55,23.21,153
2026-02-18T04:46:43.669288432Z,3.26,13.52,23.21,153
2026-02-18T05:06:43.592331950Z,3.26,13.5,23.22,154
2026-02-18T05:26:43.524218029Z,3.256,13.42,23.21,153
2026-02-18T05:46:43.459357614Z,3.254,13.4,23.21,153
2026-02-18T06:06:43.372139089Z,3.256,13.32,23.21,153
2026-02-18T06:26:43.298675432Z,3.265,13.22,23.21,153
2026-02-18T06:46:43.244333434Z,3.254,13.19,23.21,152
2026-02-18T07:06:43.152615144Z,3.248,13.11,23.21,152
2026-02-18T07:26:43.086536601Z,3.25,13.02,23.21,152
2026-02-18T07:46:43.019060914Z,3.256,13.01,23.21,152
2026-02-18T08:06:42.928045249Z,3.256,13.02,23.18,152
2026-02-18T08:26:42.863312417Z,3.262,13.13,23.09,153
2026-02-18T08:46:42.784608886Z,3.258,13.4,22.97,153
2026-02-18T09:06:42.712173576Z,3.262,13.83,22.52,154
2026-02-18T09:26:42.614914904Z,3.267,14.55,22.59,154
2026-02-18T09:46:42.544224612Z,3.271,15.16,22.34,154
2026-02-18T10:06:42.454431070Z,3.267,15.98,22.2,154
2026-02-18T10:26:42.596858849Z,3.267,16.57,22.45,154
2026-02-18T10:46:42.293790360Z,3.271,16.6,22.53,153
2026-02-18T11:06:41.563610403Z,3.26,16.6,22.58,153
2026-02-18T11:26:41.978624196Z,3.267,16.6,22.58,153
2026-02-18T11:46:42.050478974Z,3.273,16.6,22.58,153
2026-02-18T12:06:41.974072893Z,3.277,16.6,22.56,153
2026-02-18T12:26:41.882777910Z,3.273,16.7,22.45,153
2026-02-18T12:46:41.802856491Z,3.282,16.9,22.45,152
2026-02-18T13:06:41.728617194Z,3.286,17.02,22.35,152
2026-02-18T13:26:41.638265151Z,3.284,17.36,22.19,153
2026-02-18T13:46:41.177183151Z,3.284,18.28,22.05,154
2026-02-18T14:06:41.463607140Z,3.286,19.35,22.04,153
2026-02-18T14:26:41.386794072Z,3.29,19.46,22.07,152
2026-02-18T14:46:41.331327577Z,3.288,19.65,22.04,152
2026-02-18T15:06:41.224179088Z,3.286,19.65,22.04,151
2026-02-18T15:26:40.484145657Z,3.277,20.18,21.79,151
2026-02-18T15:46:41.074546062Z,3.284,20.42,21.89,150
2026-02-18T16:06:41.010543755Z,3.284,20.57,21.77,149
2026-02-18T16:26:40.902806811Z,3.28,20.56,21.77,148
2026-02-18T16:46:40.824972557Z,3.284,20.18,21.91,147
2026-02-18T17:06:40.732114913Z,3.286,19.65,22.04,146
2026-02-18T17:26:40.652570698Z,3.28,19.14,22.05,145
2026-02-18T17:46:40.171654852Z,3.241,18.71,22.05,144
2026-02-18T18:06:40.330854745Z,3.277,18.31,22.06,144
2026-02-18T18:26:40.403649105Z,3.271,17.92,22.08,143
2026-02-18T18:46:40.330709653Z,3.265,17.53,22.13,143
2026-02-18T19:06:40.252808463Z,3.265,17.21,22.15,142
2026-02-18T19:26:40.214314849Z,3.262,16.9,22.15,142
2026-02-18T19:46:40.089114028Z,3.26,16.64,22.13,141
2026-02-18T20:06:40.025312822Z,3.267,16.39,22.14,141
2026-02-18T20:26:39.955440777Z,3.256,16.12,22.12,140
2026-02-18T20:46:39.878846443Z,3.256,15.91,22.12,140
2026-02-18T21:06:39.805757311Z,3.254,15.77,22.11,140
2026-02-18T21:26:39.739653657Z,3.252,15.57,22.1,139
2026-02-18T21:46:39.654726682Z,3.252,15.42,22.09,139
2026-02-18T22:06:39.593971383Z,3.252,15.27,22.1,139
2026-02-18T22:26:39.502113663Z,3.25,15.12,22.1,138
2026-02-18T22:46:39.429499154Z,3.25,14.96,22.1,139
2026-02-18T23:06:39.360328303Z,3.244,14.86,22.12,138
2026-02-18T23:26:39.281971258Z,3.248,14.72,22.11,138
2026-02-18T23:46:39.204757100Z,3.244,14.56,22.12,138
2026-02-19T00:06:39.138710467Z,3.246,14.45,22.11,138
2026-02-19T00:26:39.062467634Z,3.246,14.35,22.12,137
2026-02-19T00:46:38.983357258Z,3.244,14.24,22.11,137
2026-02-19T01:06:38.914183415Z,3.244,14.14,22.11,137
2026-02-19T01:26:38.848353994Z,3.241,14.04,22.11,137
2026-02-19T01:46:38.775087942Z,3.237,13.93,22.12,137
2026-02-19T02:06:38.705197492Z,3.241,13.79,22.14,136
2026-02-19T02:26:38.621449592Z,3.239,13.63,22.16,137
2026-02-19T02:46:38.564194167Z,3.239,13.52,22.15,136
2026-02-19T03:06:38.498715612Z,3.237,13.42,22.12,136
2026-02-19T03:26:38.426366190Z,3.235,13.36,22.13,136
2026-02-19T03:46:38.339956575Z,3.235,13.29,22.12,135
2026-02-19T04:06:38.289532742Z,3.231,13.18,22.18,136
2026-02-19T04:26:38.222818045Z,3.229,13.01,22.21,135
2026-02-19T04:46:38.142775559Z,3.231,12.86,22.15,135
2026-02-19T05:06:38.087796971Z,3.231,12.75,22.14,135
2026-02-19T05:26:38.000245071Z,3.231,12.67,22.13,135
2026-02-19T05:46:37.931519912Z,3.231,12.6,22.12,134
2026-02-19T06:06:37.853252488Z,3.231,12.55,22.13,134
2026-02-19T06:26:37.786125604Z,3.229,12.5,22.12,134
2026-02-19T06:46:37.723232995Z,3.231,12.5,22.12,134
2026-02-19T07:06:37.653054385Z,3.225,12.39,21.71,118
2026-02-19T07:26:37.595213849Z,3.229,12.34,21.7,118
2026-02-19T07:46:37.514252214Z,3.231,12.27,21.67,118
2026-02-19T08:06:37.443507074Z,3.221,12.19,21.64,117
2026-02-19T08:26:37.370646056Z,3.225,12.17,21.64,117
2026-02-19T08:46:37.310612819Z,3.229,12.09,21.63,117
2026-02-19T09:06:37.242591749Z,3.229,12.18,21.65,119
2026-02-19T09:26:37.522697693Z,3.225,12.29,19.96,76
2026-02-19T09:46:37.093057874Z,3.233,12.44,19.86,76
2026-02-19T10:06:37.031210516Z,3.244,12.56,19.82,75
2026-02-19T10:26:36.820386306Z,3.241,12.71,19.8,75
2026-02-19T10:46:36.887701798Z,3.237,13,19.67,75
2026-02-19T11:06:36.810423693Z,3.235,13.22,19.66,75
2026-02-19T11:26:36.722457657Z,3.235,13.43,19.66,75
2026-02-19T11:46:36.650432769Z,3.244,13.52,19.65,75
2026-02-19T12:06:36.599452459Z,3.246,13.55,19.54,75
2026-02-19T12:26:36.501363472Z,3.258,13.72,19.4,74
2026-02-19T12:46:36.432136434Z,3.25,13.84,19.4,74
2026-02-19T13:06:36.349232903Z,3.256,13.96,19.37,74
2026-02-19T13:26:36.292574831Z,3.262,14.16,19.26,73
2026-02-19T13:46:36.197082965Z,3.262,14.76,19.06,73
2026-02-19T14:06:36.115155223Z,3.269,15.68,19.03,74
2026-02-19T14:26:35.647286996Z,3.214,16.16,19.01,74
2026-02-19T14:46:35.938153768Z,3.275,16.57,18.96,73
2026-02-19T15:06:35.690781824Z,3.28,16.8,18.5,74
2026-02-19T15:26:35.782128573Z,3.277,17,18.22,60
2026-02-19T15:46:35.691734224Z,3.277,17.21,18.09,59
2026-02-19T16:06:35.463651380Z,3.277,17.41,17.99,59
2026-02-19T16:26:35.380859513Z,3.28,17.51,18.05,59
2026-02-19T16:46:35.453170560Z,3.29,17.43,18.09,58
2026-02-19T17:06:35.391288095Z,3.29,17.21,18.21,58
2026-02-19T17:26:35.283683769Z,3.288,16.92,18.25,58
2026-02-19T17:46:34.813887721Z,3.233,16.7,18.26,58
2026-02-19T18:06:35.123320431Z,3.277,16.49,18.27,58
2026-02-19T18:26:35.068046273Z,3.282,16.29,18.28,58
2026-02-19T18:46:34.578575849Z,3.227,16.09,18.29,58
2026-02-19T19:06:34.890724929Z,3.28,15.88,18.32,58
2026-02-19T19:26:34.832457276Z,3.282,15.76,18.33,57
2026-02-19T19:46:34.839678993Z,3.284,15.57,18.45,57
2026-02-19T20:06:34.657252921Z,3.28,15.45,18.45,57
2026-02-19T20:26:34.579456657Z,3.282,15.27,18.47,57
2026-02-19T20:46:34.509562589Z,3.28,15.16,18.47,57
2026-02-19T21:06:34.429766210Z,3.286,15.04,18.48,57
2026-02-19T21:26:34.340891287Z,3.28,14.9,18.48,57
2026-02-19T21:46:34.269352656Z,3.277,14.77,18.49,57
2026-02-19T22:06:34.199506352Z,3.277,14.66,18.49,57
2026-02-19T22:26:34.123419727Z,3.284,14.55,18.5,57
2026-02-19T22:46:34.046985413Z,3.277,14.45,18.5,57
2026-02-19T23:06:33.969880400Z,3.28,14.35,18.51,57
2026-02-19T23:26:33.904580395Z,3.28,14.24,18.52,57
2026-02-19T23:46:33.833058868Z,3.277,14.14,18.53,57
2026-02-20T00:06:33.749476907Z,3.28,14.04,18.55,57
2026-02-20T00:26:33.675931447Z,3.273,13.94,18.57,57
2026-02-20T00:46:33.609832340Z,3.275,13.83,18.61,57
2026-02-20T01:06:33.535318112Z,3.269,13.73,18.6,57
2026-02-20T01:26:33.449858293Z,3.275,13.65,18.62,57
2026-02-20T01:46:33.390793738Z,3.275,13.61,18.65,57
2026-02-20T02:06:33.328329093Z,3.277,13.52,18.67,57
2026-02-20T02:26:33.246161587Z,3.277,13.44,18.69,57
2026-02-20T02:46:33.177487788Z,3.277,13.39,18.69,58
2026-02-20T03:06:33.101813984Z,3.273,13.29,18.69,57
2026-02-20T03:26:33.034489668Z,3.28,13.2,18.7,57
2026-02-20T03:46:32.964476288Z,3.275,13.09,18.7,57
2026-02-20T04:06:32.889616334Z,3.267,13.01,18.7,57
2026-02-20T04:26:32.813767184Z,3.273,12.91,18.71,57
2026-02-20T04:46:32.736796073Z,3.277,12.85,18.71,57
2026-02-20T05:06:32.673670955Z,3.271,12.8,18.71,57
2026-02-20T05:26:32.597022045Z,3.269,12.7,18.72,57
2026-02-20T05:46:32.534169950Z,3.269,12.6,18.72,57
2026-02-20T06:06:32.447443232Z,3.265,12.55,18.72,57
2026-02-20T06:26:32.386261407Z,3.269,12.49,18.72,57
2026-02-20T06:46:32.313445571Z,3.265,12.39,18.72,57
2026-02-20T07:06:32.235090716Z,3.262,12.37,18.71,57
2026-02-20T07:26:32.171337023Z,3.269,12.29,18.7,56
2026-02-20T07:46:32.109951589Z,3.271,12.29,18.63,56
2026-02-20T08:06:32.019925427Z,3.277,12.29,18.59,56
2026-02-20T08:26:31.298315663Z,3.227,12.4,18.55,56
2026-02-20T08:46:31.860315558Z,3.282,12.59,18.44,56
2026-02-20T09:06:31.792028918Z,3.28,12.9,18.14,55
2026-02-20T09:26:31.713987502Z,3.277,13.37,18.11,55
2026-02-20T09:46:31.641350404Z,3.277,13.76,17.85,55
2026-02-20T10:06:31.408121446Z,3.275,14.35,17.78,54
2026-02-20T10:26:31.490052869Z,3.286,14.86,17.78,54
2026-02-20T10:46:31.411185687Z,3.277,15.02,17.77,54
2026-02-20T11:06:31.308764179Z,3.284,15.16,17.78,54
2026-02-20T11:26:31.228313617Z,3.284,15.27,17.75,54
2026-02-20T11:46:31.144244326Z,3.282,15.32,17.73,54
2026-02-20T12:06:31.087417749Z,3.277,15.37,17.73,54
2026-02-20T12:26:30.866305098Z,3.28,15.47,17.6,54
2026-02-20T12:46:30.905216967Z,3.286,15.59,17.57,53
2026-02-20T13:06:30.438414295Z,3.28,15.78,17.56,53
2026-02-20T13:26:30.759544634Z,3.282,15.98,17.46,53
2026-02-20T13:46:30.668383645Z,3.282,16.62,17.21,53
2026-02-20T14:06:30.580936763Z,3.286,17.61,16.99,53
2026-02-20T14:26:30.487238088Z,3.282,18.15,17.02,53
2026-02-20T14:46:30.409702690Z,3.284,18.64,16.94,53
2026-02-20T15:06:30.327926759Z,3.286,18.88,16.92,53
2026-02-20T15:26:30.088833325Z,3.284,19.45,16.71,53
2026-02-20T15:46:30.176467384Z,3.286,19.89,16.69,53
2026-02-20T16:06:30.099809115Z,3.288,20.17,16.67,53
2026-02-20T16:26:29.880790363Z,3.286,20.27,16.67,53
2026-02-20T16:46:29.922809964Z,3.29,20.16,16.85,52
2026-02-20T17:06:29.850335564Z,3.295,19.76,16.94,52
2026-02-20T17:26:29.760934297Z,3.295,19.44,17.06,52
2026-02-20T17:46:29.688777911Z,3.292,19.04,17.09,52
2026-02-20T18:06:28.937466687Z,3.227,18.74,17.1,52
2026-02-20T18:26:29.524091677Z,3.28,18.43,17.12,52
2026-02-20T18:46:29.442351987Z,3.284,18.13,17.15,52
2026-02-20T19:06:28.958496341Z,3.219,17.82,17.25,52
2026-02-20T19:26:29.268939428Z,3.267,17.58,17.3,52
2026-02-20T19:46:29.200057759Z,3.265,17.31,17.33,51
2026-02-20T20:06:29.131041592Z,3.271,17.11,17.33,51
2026-02-20T20:26:28.650096407Z,3.206,16.9,17.34,51
2026-02-20T20:46:28.973053873Z,3.265,16.7,17.36,51
2026-02-20T21:06:28.893637552Z,3.262,16.49,17.38,51
2026-02-20T21:26:28.809829138Z,3.265,16.35,17.36,51
2026-02-20T21:46:28.733561088Z,3.265,16.19,17.36,51
2026-02-20T22:06:28.642180893Z,3.254,16.08,17.38,51
2026-02-20T22:26:28.569648691Z,3.26,15.92,17.39,50
2026-02-20T22:46:28.500830874Z,3.26,15.78,17.4,50
2026-02-20T23:06:28.412889501Z,3.258,15.68,17.41,50
2026-02-20T23:26:28.339063612Z,3.258,15.57,17.41,50
2026-02-20T23:46:28.272853397Z,3.258,15.47,17.42,50
2026-02-21T00:06:28.194439723Z,3.262,15.37,17.41,50
2026-02-21T00:26:28.113554755Z,3.256,15.27,17.43,50
2026-02-21T00:46:28.036316517Z,3.256,15.16,17.43,50
2026-02-21T01:06:27.980811899Z,3.252,15.06,17.44,50
2026-02-21T01:26:27.891493183Z,3.254,14.96,17.44,50
2026-02-21T01:46:27.838728367Z,3.252,14.88,17.45,50
2026-02-21T02:06:27.739678033Z,3.252,14.85,17.45,50
2026-02-21T02:26:27.677410445Z,3.25,14.76,17.45,50
2026-02-21T02:46:27.599539398Z,3.256,14.67,17.43,50
2026-02-21T03:06:27.511531571Z,3.254,14.65,17.43,49
2026-02-21T03:26:27.427892759Z,3.25,14.55,17.47,50
2026-02-21T03:46:27.358314990Z,3.252,14.53,17.39,49
2026-02-21T04:06:27.266327637Z,3.252,14.45,17.33,49
2026-02-21T04:26:27.198162341Z,3.254,14.45,17.33,49
2026-02-21T04:46:27.116081539Z,3.252,14.41,17.33,49
2026-02-21T05:06:27.065462438Z,3.252,14.35,17.33,49
2026-02-21T05:26:26.971285062Z,3.252,14.28,17.33,49
2026-02-21T05:46:26.910504417Z,3.25,14.24,17.33,49
2026-02-21T06:06:26.827043963Z,3.248,14.14,17.34,49
2026-02-21T06:26:26.761022977Z,3.25,14.09,17.34,49
2026-02-21T06:46:26.674919908Z,3.248,14.04,17.34,49
2026-02-21T07:06:26.594186838Z,3.246,14.01,17.34,49
2026-02-21T07:26:26.527401550Z,3.252,13.94,17.35,49
2026-02-21T07:46:26.439794245Z,3.254,13.95,17.33,48
2026-02-21T08:06:26.208635019Z,3.262,14.04,17.19,48
2026-02-21T08:26:26.288970832Z,3.26,14.14,17.18,48
2026-02-21T08:46:26.196672526Z,3.265,14.35,17.02,48
2026-02-21T09:06:26.132242485Z,3.269,14.71,16.62,48
2026-02-21T09:26:25.870977414Z,3.275,15.27,16.59,48
2026-02-21T09:46:25.953001753Z,3.284,15.68,16.38,47
2026-02-21T10:06:25.724021613Z,3.28,16.28,16.16,47
2026-02-21T10:26:25.792099102Z,3.28,16.76,16.3,47
2026-02-21T10:46:25.697858703Z,3.282,16.91,16.27,47
2026-02-21T11:06:25.498296566Z,3.28,17.07,16.26,47
2026-02-21T11:26:25.530203905Z,3.284,17.11,16.18,47
2026-02-21T11:46:25.465651244Z,3.288,17.21,16.15,46
2026-02-21T12:06:25.385406575Z,3.288,17.31,16.1,46
2026-02-21T12:26:25.342956768Z,3.297,17.37,16.09,42
2026-02-21T12:46:25.228551464Z,3.292,17.49,15.91,41
2026-02-21T13:06:25.131081115Z,3.297,17.62,15.89,41
2026-02-21T13:26:25.061190711Z,3.301,17.92,15.69,41
2026-02-21T13:46:24.955511755Z,3.299,18.84,15.44,41
2026-02-21T14:06:24.877200328Z,3.301,19.99,15.2,41
2026-02-21T14:26:24.808941601Z,3.303,20.57,15.17,41
2026-02-21T14:46:24.733579040Z,3.301,21.14,15.15,41
2026-02-21T15:06:24.634804015Z,3.305,21.59,14.98,41
2026-02-21T15:26:24.557852246Z,3.303,22.25,14.78,41
2026-02-21T15:46:24.486590207Z,3.305,22.82,14.69,41
2026-02-21T16:06:24.397374459Z,3.308,23.01,14.68,40
2026-02-21T16:26:24.155206007Z,3.303,23.01,14.68,40
2026-02-21T16:46:24.229189830Z,3.31,22.7,14.88,40
2026-02-21T17:06:24.145555642Z,3.305,22.14,15.1,40
2026-02-21T17:26:23.911145506Z,3.312,21.69,15.12,40
2026-02-21T17:46:23.990115204Z,3.308,21.28,15.14,40
2026-02-21T18:06:23.903423127Z,3.299,20.88,15.17,40
2026-02-21T18:26:23.831871229Z,3.29,20.51,15.27,40
2026-02-21T18:46:23.752202242Z,3.292,20.16,15.36,40
2026-02-21T19:06:23.261588418Z,3.239,19.78,15.38,40
2026-02-21T19:26:23.571318731Z,3.286,19.48,15.4,39
2026-02-21T19:46:23.507746888Z,3.282,19.19,15.39,39
2026-02-21T20:06:23.412746116Z,3.286,18.94,15.43,39
2026-02-21T20:26:23.337438589Z,3.282,18.67,15.39,39
2026-02-21T20:46:23.240231825Z,3.282,18.44,15.3,39
2026-02-21T21:06:22.780638718Z,3.225,18.31,15.29,39
2026-02-21T21:26:22.700640969Z,3.223,18.13,15.3,39
2026-02-21T21:46:22.859559418Z,3.28,18.02,15.3,39
2026-02-21T22:06:22.931102689Z,3.275,17.89,15.31,39
2026-02-21T22:26:22.709696917Z,3.28,17.74,15.32,38
2026-02-21T22:46:22.976160211Z,3.277,17.62,15.33,38
2026-02-21T23:06:22.683431139Z,3.275,17.5,15.33,38
2026-02-21T23:26:22.600940305Z,3.275,17.31,15.34,38
2026-02-21T23:46:22.131721238Z,3.214,17.18,15.35,38
2026-02-22T00:06:22.448953529Z,3.271,17,15.36,38
2026-02-22T00:26:22.378506324Z,3.269,16.84,15.38,38
2026-02-22T00:46:22.301841594Z,3.267,16.7,15.42,38
2026-02-22T01:06:22.219975169Z,3.265,16.58,15.45,38
2026-02-22T01:26:22.122971983Z,3.258,16.41,15.46,38
2026-02-22T01:46:22.057799596Z,3.262,16.3,15.42,38
2026-02-22T02:06:21.969423069Z,3.262,16.19,15.46,38
2026-02-22T02:26:21.902742753Z,3.269,16.09,15.55,38
2026-02-22T02:46:21.827591367Z,3.26,15.98,15.6,38
2026-02-22T03:06:21.755889048Z,3.254,15.83,15.61,38
2026-02-22T03:26:21.692068903Z,3.256,15.68,15.62,38
2026-02-22T03:46:21.609346950Z,3.258,15.55,15.63,38
2026-02-22T04:06:21.539374635Z,3.258,15.37,15.64,38
2026-02-22T04:26:21.461881377Z,3.248,15.27,15.65,38
2026-02-22T04:46:21.380013407Z,3.258,15.16,15.65,38
2026-02-22T05:06:21.303481685Z,3.254,15.06,15.66,38
2026-02-22T05:26:21.215454559Z,3.254,15.02,15.66,38
2026-02-22T05:46:21.140052161Z,3.252,14.96,15.66,38
2026-02-22T06:06:21.069526886Z,3.252,16.6,44.57,712
2026-02-22T06:26:21.200446850Z,3.26,18.65,51.07,738
2026-02-22T06:46:20.921538251Z,3.256,18.75,49.46,662
2026-02-22T07:06:20.851095302Z,3.252,18.23,33.51,347
2026-02-22T07:26:20.756288623Z,3.25,17.52,31.31,307
2026-02-22T07:46:20.725084249Z,3.256,17,30.18,289
2026-02-22T08:06:20.595844636Z,3.265,16.6,29.61,279
2026-02-22T08:26:20.528883283Z,3.26,16.39,29.15,271
2026-02-22T08:46:20.435315982Z,3.265,16.29,28.65,266
2026-02-22T09:06:20.364227309Z,3.267,16.39,28.08,264
2026-02-22T09:26:20.272607406Z,3.275,16.81,27.83,260
2026-02-22T09:46:20.190305109Z,3.275,17.14,27.57,256
2026-02-22T10:06:20.117932040Z,3.282,17.67,27.19,253
2026-02-22T10:26:20.038212213Z,3.277,18.1,27.19,246
2026-02-22T10:46:19.950093134Z,3.28,18.03,26.96,242
2026-02-22T11:06:19.862834851Z,3.284,17.93,26.83,237
2026-02-22T11:26:19.393103695Z,3.284,17.82,26.62,234
2026-02-22T11:46:19.709085954Z,3.29,17.69,26.44,230
2026-02-22T12:06:18.964098861Z,3.286,17.62,26.31,227
2026-02-22T12:26:19.538016789Z,3.29,17.6,26.1,224
2026-02-22T12:46:19.448845692Z,3.295,17.62,25.93,221
2026-02-22T13:06:19.370235077Z,3.297,17.81,25.81,219
2026-02-22T13:26:18.907597208Z,3.301,18.1,25.57,218
2026-02-22T13:46:19.199181568Z,3.297,18.92,25.33,219
2026-02-22T14:06:19.140105425Z,3.299,20.04,25.13,218
2026-02-22T14:26:19.039281477Z,3.299,20.51,25.11,216
2026-02-22T14:46:18.799087970Z,3.303,20.98,24.99,214
2026-02-22T15:06:18.730848858Z,3.305,21.29,24.96,212
2026-02-22T15:26:18.796133196Z,3.299,21.8,24.7,212
2026-02-22T15:46:18.573442Z,3.301,22.41,24.5,209
2026-02-22T16:06:18.644819040Z,3.303,22.51,24.49,206
2026-02-22T16:26:18.549185819Z,3.299,22.5,24.49,204
2026-02-22T16:46:18.468688487Z,3.305,22.17,24.49,200
2026-02-22T17:06:18.411678069Z,3.308,21.59,24.59,198
2026-02-22T17:26:18.159038640Z,3.303,21.09,24.52,195
2026-02-22T17:46:18.220457818Z,3.308,20.67,24.47,194
2026-02-22T18:06:17.748306541Z,3.248,20.27,24.46,192
2026-02-22T18:26:17.886091235Z,3.295,19.92,24.38,190
2026-02-22T18:46:17.988212445Z,3.295,19.55,24.33,188
2026-02-22T19:06:17.726143007Z,3.286,19.15,24.33,187
2026-02-22T19:26:17.826122698Z,3.288,18.84,24.32,185
2026-02-22T19:46:17.728693750Z,3.282,18.53,24.31,185
2026-02-22T20:06:17.660285461Z,3.282,18.29,24.23,183
2026-02-22T20:26:17.581303660Z,3.282,18.03,24.2,183
2026-02-22T20:46:17.476528822Z,3.282,17.84,24.19,182
2026-02-22T21:06:17.394923270Z,3.282,17.71,24.09,181
2026-02-22T21:26:17.307383780Z,3.282,17.52,24.08,180
2026-02-22T21:46:17.096779051Z,3.275,17.38,24.07,179
2026-02-22T22:06:17.160584335Z,3.277,17.21,24.06,178
2026-02-22T22:26:17.077471874Z,3.277,17.11,24.05,178
2026-02-22T22:46:17.001205599Z,3.277,16.96,23.94,177
2026-02-22T23:06:16.909368702Z,3.271,16.82,23.94,176
2026-02-22T23:26:16.840417257Z,3.271,16.7,23.94,176
2026-02-22T23:46:16.742021144Z,3.275,16.6,23.94,175
2026-02-23T00:06:16.663689039Z,3.273,16.49,23.88,174
2026-02-23T00:26:16.460937200Z,3.271,16.45,23.84,173
2026-02-23T00:46:16.118284198Z,3.214,16.39,23.83,173
2026-02-23T01:06:16.428684823Z,3.282,16.28,23.81,172
2026-02-23T01:26:16.362880956Z,3.269,16.17,23.81,171
2026-02-23T01:46:16.254847010Z,3.269,16.08,23.81,171
2026-02-23T02:06:16.178042360Z,3.267,15.98,23.8,171
2026-02-23T02:26:16.124535517Z,3.273,15.94,23.76,170
2026-02-23T02:46:16.026268313Z,3.267,15.87,23.7,169
2026-02-23T03:06:15.961529856Z,3.267,15.78,23.69,169
2026-02-23T03:26:15.706908775Z,3.269,15.68,23.69,168
2026-02-23T03:46:15.793841489Z,3.265,15.57,23.69,168
2026-02-23T04:06:15.581702305Z,3.262,15.47,23.69,167
2026-02-23T04:26:15.642440550Z,3.267,15.37,23.69,166
2026-02-23T04:46:15.563328419Z,3.258,15.28,23.69,166
2026-02-23T05:06:15.484893607Z,3.26,15.21,23.68,165
2026-02-23T05:26:15.417272290Z,3.256,15.14,23.65,164
2026-02-23T05:46:15.323602166Z,3.267,15.03,23.59,164
2026-02-23T06:06:14.867381648Z,3.192,14.93,23.57,163
2026-02-23T06:26:15.186556128Z,3.258,14.84,23.57,163
2026-02-23T06:46:15.099754124Z,3.262,14.75,23.57,163
2026-02-23T07:06:15.021062085Z,3.258,14.65,23.57,162
2026-02-23T07:26:14.943842277Z,3.252,14.59,23.53,162
2026-02-23T07:46:14.703964961Z,3.258,14.55,23.45,162
2026-02-23T08:06:14.784863005Z,3.271,14.64,23.43,162
2026-02-23T08:26:14.538392786Z,3.267,14.76,23.33,161
2026-02-23T08:46:14.230197589Z,3.214,14.96,23.2,160
2026-02-23T09:06:14.546517710Z,3.284,15.36,22.83,161
2026-02-23T09:26:14.458717545Z,3.273,15.96,22.82,161
2026-02-23T09:46:13.990705706Z,3.28,16.39,22.61,161
2026-02-23T10:06:14.300335490Z,3.28,17,22.47,160
2026-02-23T10:26:14.070776198Z,3.284,17.41,22.63,159
2026-02-23T10:46:13.962030060Z,3.284,17.51,22.57,158
2026-02-23T11:06:14.060052463Z,3.284,17.64,22.57,157
2026-02-23T11:26:13.952457499Z,3.284,17.66,22.56,156
2026-02-23T11:46:13.885347085Z,3.288,17.62,22.44,155
2026-02-23T12:06:13.822088625Z,3.288,17.62,22.43,154
2026-02-23T12:26:13.713925567Z,3.286,17.6,22.29,151
2026-02-23T12:46:13.620314398Z,3.295,17.62,22.19,150
2026-02-23T13:06:13.537298370Z,3.303,17.72,22.06,150
2026-02-23T13:26:13.315219045Z,3.297,17.92,21.98,149
2026-02-23T13:46:13.382241427Z,3.299,18.53,21.79,148
2026-02-23T14:06:13.297295524Z,3.297,19.65,21.65,148
2026-02-23T14:26:13.074810393Z,3.299,20.06,21.64,147
2026-02-23T14:46:13.117050763Z,3.299,20.47,21.51,146
2026-02-23T15:06:13.044886514Z,3.299,20.78,21.45,145
2026-02-23T15:26:12.961216207Z,3.299,21.29,21.23,145
2026-02-23T15:46:12.883977609Z,3.299,21.9,21.08,144
2026-02-23T16:06:12.794364243Z,3.301,21.99,21.21,141
2026-02-23T16:26:12.714758813Z,3.297,21.97,21.13,140
2026-02-23T16:46:12.636398231Z,3.305,21.64,21.22,139
2026-02-23T17:06:12.556029392Z,3.305,21.11,21.35,138
2026-02-23T17:46:12.376674306Z,3.299,20.27,21.32,135
2026-02-23T18:06:12.306395386Z,3.292,19.92,21.29,134
2026-02-23T18:26:12.085716135Z,3.297,19.64,21.34,133
2026-02-23T18:46:11.992941976Z,3.297,19.34,21.34,132
2026-02-23T19:06:12.062090874Z,3.284,18.96,21.3,132
2026-02-23T19:26:11.986561517Z,3.286,18.65,21.27,131
2026-02-23T19:46:12.002225976Z,3.282,18.4,21.27,130
2026-02-23T20:26:11.749954825Z,3.277,17.92,21.27,129
2026-02-23T20:46:11.652771072Z,3.277,17.72,21.21,128
2026-02-23T21:06:11.565959342Z,3.273,17.52,21.16,127
2026-02-23T21:26:11.099931511Z,3.217,17.41,21.16,127
2026-02-23T21:46:11.441013570Z,3.271,17.23,21.16,126
2026-02-23T22:06:11.157874778Z,3.271,17.11,21.16,125
2026-02-23T22:26:11.248891773Z,3.271,16.99,21.14,124
2026-02-23T22:46:11.041147416Z,3.265,16.85,21.13,124
2026-02-23T23:06:11.098193091Z,3.267,16.7,21.1,124
2026-02-23T23:26:11.007477515Z,3.267,16.6,21.07,123
2026-02-23T23:46:10.927091666Z,3.267,16.49,21.06,122
2026-02-24T00:06:10.869542843Z,3.26,16.39,21.05,122
2026-02-24T00:26:10.633479262Z,3.265,16.29,21.05,122
2026-02-24T00:46:10.305509799Z,3.204,16.18,21.05,121
2026-02-24T01:06:10.618596632Z,3.262,16.08,21.05,121
2026-02-24T01:26:10.542083354Z,3.26,15.98,21.05,120
2026-02-24T01:46:10.455481874Z,3.269,15.88,21.05,120
2026-02-24T02:06:10.377600571Z,3.258,15.78,21.04,120
2026-02-24T02:26:10.304835368Z,3.258,15.68,20.94,119
2026-02-24T02:46:10.223643443Z,3.26,15.65,20.93,119
2026-02-24T03:06:10.156435379Z,3.254,15.56,20.99,118
2026-02-24T03:26:10.081168317Z,3.252,15.45,20.94,118
2026-02-24T03:46:10.006756996Z,3.252,15.34,20.96,118
2026-02-24T04:06:09.932667733Z,3.25,15.21,20.94,117
2026-02-24T04:26:09.861508950Z,3.252,15.15,20.94,117
2026-02-24T05:06:09.700089215Z,3.25,14.98,20.84,116
2026-02-24T05:26:09.618636172Z,3.25,14.94,20.82,115
2026-02-24T05:46:09.539348631Z,3.25,14.85,20.86,115
2026-02-24T06:06:09.455049631Z,3.248,14.74,20.88,114
2026-02-24T06:26:09.392620939Z,3.25,14.64,20.88,115
2026-02-24T06:46:09.319363536Z,3.246,14.54,20.82,114
2026-02-24T07:06:09.235734001Z,3.25,14.45,20.82,114
2026-02-24T07:26:09.167735820Z,3.248,14.35,20.83,113
2026-02-24T07:46:09.090747981Z,3.256,14.35,20.76,113
2026-02-24T08:06:09.015402908Z,3.265,14.43,20.69,113
2026-02-24T08:26:08.920035288Z,3.256,14.55,20.56,113
2026-02-24T08:46:08.708584452Z,3.267,14.79,20.42,113
2026-02-24T09:06:08.753148943Z,3.271,15.34,20.03,112
2026-02-24T09:26:08.681721309Z,3.267,15.88,20,111
2026-02-24T09:46:08.600365731Z,3.275,16.39,19.84,111
2026-02-24T10:06:08.517779854Z,3.275,17.07,19.69,110
2026-02-24T10:26:08.418825773Z,3.275,17.51,19.9,110
2026-02-24T10:46:08.328916210Z,3.277,17.65,19.8,109
2026-02-24T11:06:08.273766463Z,3.271,17.82,19.8,109
2026-02-24T11:26:07.787584577Z,3.277,17.82,19.78,108
2026-02-24T11:46:08.099866594Z,3.28,17.76,19.73,107
2026-02-24T12:06:08.013507519Z,3.282,17.72,19.66,106
2026-02-24T12:26:07.922344662Z,3.286,17.74,19.65,106
2026-02-24T12:46:07.859474869Z,3.286,17.84,19.47,105
2026-02-24T13:06:07.758614808Z,3.29,18.1,19.37,105
2026-02-24T13:26:07.677392024Z,3.292,18.35,19.22,104
2026-02-24T13:46:07.595692155Z,3.292,19.24,18.91,104
2026-02-24T14:06:07.514012467Z,3.297,20.47,18.85,103
2026-02-24T14:26:07.425982788Z,3.297,20.78,18.84,103
2026-02-24T14:46:06.982591378Z,3.292,21.01,18.83,102
2026-02-24T15:06:06.873859075Z,3.297,21.29,18.68,101
2026-02-24T15:26:07.175012728Z,3.297,21.9,18.42,100
2026-02-24T15:46:07.093685720Z,3.299,22.52,18.3,99
2026-02-24T16:06:07.029709670Z,3.301,22.72,18.32,98
2026-02-24T16:26:06.924473493Z,3.299,22.72,18.32,97
2026-02-24T16:46:06.849369463Z,3.305,22.41,18.39,96
2026-02-24T17:06:06.776591216Z,3.305,21.89,18.5,95
2026-02-24T17:26:06.677438345Z,3.308,21.39,18.52,94
2026-02-24T17:46:06.442101894Z,3.303,20.98,18.56,94
2026-02-24T18:06:06.515895471Z,3.295,20.66,18.55,93
2026-02-24T18:26:06.428535925Z,3.29,20.28,18.57,92
2026-02-24T18:46:06.361809751Z,3.284,19.96,18.59,92
2026-02-24T19:06:05.883259963Z,3.231,19.65,18.59,91
2026-02-24T19:26:06.193263972Z,3.28,19.35,18.6,90
2026-02-24T19:46:05.951303771Z,3.277,19.04,18.61,90
2026-02-24T20:06:05.868440100Z,3.275,18.74,18.62,89
2026-02-24T20:26:05.938031182Z,3.275,18.43,18.64,89
2026-02-24T20:46:05.708580945Z,3.269,18.19,18.65,88
2026-02-24T21:06:06.088723761Z,3.269,17.92,18.66,88
2026-02-24T21:26:05.714270552Z,3.262,17.67,18.66,87
2026-02-24T21:46:05.633895946Z,3.265,17.41,18.67,87
2026-02-24T22:26:05.487060403Z,3.265,17,18.69,86
2026-02-24T22:46:05.420315285Z,3.273,16.8,18.7,85
2026-02-24T23:06:05.339927224Z,3.258,16.6,18.72,86
2026-02-24T23:26:05.268656257Z,3.258,16.43,18.71,85
2026-02-24T23:46:05.181898510Z,3.258,16.29,18.72,85
2026-02-25T00:06:05.108658702Z,3.258,16.19,18.67,84
2026-02-25T00:26:05.021107866Z,3.265,16.08,18.68,84
2026-02-25T00:46:04.951906809Z,3.254,15.98,18.59,83
2026-02-25T01:26:04.803500888Z,3.256,15.78,18.69,83
2026-02-25T01:46:04.722109919Z,3.254,15.68,18.74,84
2026-02-25T02:06:04.635150331Z,3.254,15.57,18.73,83
2026-02-25T02:26:04.555252251Z,3.254,15.47,18.66,82
2026-02-25T02:46:04.497617930Z,3.25,15.37,18.6,81
2026-02-25T03:06:04.416229286Z,3.25,15.27,18.61,81
2026-02-25T03:26:04.337744797Z,3.25,15.16,18.62,81
2026-02-25T03:46:04.263473145Z,3.248,15.06,18.59,81
2026-02-25T04:06:04.184820882Z,3.258,15.03,18.48,80
2026-02-25T04:26:04.106095414Z,3.25,14.96,18.48,80
2026-02-25T04:46:04.037790241Z,3.25,14.9,18.48,80
2026-02-25T05:06:03.974808562Z,3.25,14.86,18.49,80
2026-02-25T05:26:03.882054915Z,3.248,14.74,18.48,80
2026-02-25T05:46:03.804567196Z,3.258,14.64,18.39,79
2026-02-25T06:06:03.722639149Z,3.25,14.55,18.35,79
2026-02-25T06:26:03.647806514Z,3.246,14.45,18.36,79
2026-02-25T06:46:03.574102720Z,3.246,14.44,18.36,78
2026-02-25T07:06:03.520308094Z,3.252,14.36,18.36,79
2026-02-25T07:26:03.425864230Z,3.254,14.34,18.34,78
2026-02-25T07:46:03.342904298Z,3.254,14.25,18.22,78
2026-02-25T08:06:03.269263684Z,3.258,14.24,18.22,78
2026-02-25T08:26:02.812680601Z,3.196,14.24,18.18,77
2026-02-25T08:46:03.125821494Z,3.256,14.34,18.07,77
2026-02-25T09:06:03.035970640Z,3.258,14.54,17.92,76
2026-02-25T09:26:02.947906359Z,3.258,14.65,17.92,76
2026-02-25T09:46:02.869569173Z,3.271,14.9,17.89,77
2026-02-25T10:06:02.784629558Z,3.262,15.24,17.62,75
2026-02-25T10:26:02.697492605Z,3.265,15.54,17.57,75
2026-02-25T10:46:02.638027774Z,3.275,15.88,17.4,75
2026-02-25T11:06:02.375662364Z,3.275,16.3,17.38,74
2026-02-25T11:26:02.446636652Z,3.273,16.49,17.26,74
2026-02-25T11:46:02.372466413Z,3.271,16.6,17.22,74
2026-02-25T12:06:02.295779284Z,3.28,16.7,17.21,73
2026-02-25T12:26:02.199688185Z,3.284,16.86,17.11,73
2026-02-25T12:46:02.123061137Z,3.286,17.11,17.02,72
2026-02-25T13:06:01.875283452Z,3.288,17.41,16.95,72
2026-02-25T13:26:01.577834861Z,3.286,17.72,16.81,72
2026-02-25T13:46:01.879615161Z,3.29,18.53,16.58,72
2026-02-25T14:06:01.788756816Z,3.288,19.52,16.55,71
2026-02-25T14:26:01.705307747Z,3.288,19.65,16.7,71
2026-02-25T14:46:01.627876957Z,3.288,19.86,16.51,70
2026-02-25T15:06:01.524865464Z,3.292,20.06,16.5,70
2026-02-25T15:26:01.449538558Z,3.286,20.57,16.29,69
2026-02-25T15:46:01.371267489Z,3.286,20.98,16.2,69
2026-02-25T16:06:01.294867580Z,3.284,20.98,16.27,68
2026-02-25T16:26:01.194319545Z,3.292,20.85,16.27,67
2026-02-25T16:46:01.121126775Z,3.288,20.37,16.48,67
2026-02-25T17:06:01.043238932Z,3.284,19.96,16.5,67
2026-02-25T17:26:00.958551964Z,3.284,19.64,16.52,67
2026-02-25T17:46:00.873417049Z,3.282,19.28,16.54,66
2026-02-25T18:06:00.807919339Z,3.277,18.99,16.56,66
2026-02-25T18:26:00.705516913Z,3.28,18.74,16.57,65
2026-02-25T18:46:00.627181971Z,3.28,18.44,16.59,65
2026-02-25T19:06:00.547461868Z,3.271,18.23,16.6,65
2026-02-25T19:26:00.081613757Z,3.214,18.05,16.61,64
2026-02-25T19:46:00.381619819Z,3.262,17.91,16.62,64
2026-02-25T20:06:00.308075772Z,3.271,17.72,16.64,64
2026-02-25T20:26:00.247328247Z,3.267,17.61,16.81,65
2026-02-25T20:46:00.009753808Z,3.265,17.46,16.82,65
2026-02-25T21:06:00.062366618Z,3.265,17.31,16.83,64
2026-02-25T21:25:59.992142843Z,3.265,17.21,16.84,64
2026-02-25T21:45:59.916850507Z,3.262,17.09,16.85,64
2026-02-25T22:05:59.834203214Z,3.26,16.95,16.85,64
2026-02-25T22:25:59.760241875Z,3.26,16.85,16.86,63
2026-02-25T22:45:59.692440653Z,3.267,16.75,16.86,64
2026-02-25T23:05:59.593960853Z,3.26,16.63,16.87,63
2026-02-25T23:25:59.125819173Z,3.198,16.5,16.88,63
2026-02-25T23:45:59.455201533Z,3.254,16.39,16.89,63
2026-02-26T00:05:59.379928938Z,3.252,16.29,16.89,63
2026-02-26T00:25:59.284282996Z,3.256,16.19,16.9,63
2026-02-26T00:45:59.210124126Z,3.258,16.09,16.9,63
2026-02-26T01:05:59.143781769Z,3.252,16.01,16.91,62
2026-02-26T01:25:59.054079650Z,3.248,15.91,16.91,62
2026-02-26T01:45:58.989886320Z,3.252,15.78,16.92,62
2026-02-26T02:05:58.911287097Z,3.25,15.68,16.93,62
2026-02-26T02:25:58.830319972Z,3.254,15.57,16.94,62
2026-02-26T02:45:58.749587001Z,3.248,15.47,16.94,62
2026-02-26T03:05:58.685323933Z,3.248,15.37,16.95,62
2026-02-26T03:25:58.596216619Z,3.248,15.32,16.95,62
2026-02-26T03:45:58.518092441Z,3.248,15.23,16.96,62
2026-02-26T04:05:58.461198565Z,3.246,15.11,16.97,62
2026-02-26T04:25:58.374800124Z,3.252,15.02,16.98,61
2026-02-26T04:45:58.306227412Z,3.241,14.93,16.99,61
2026-02-26T05:05:58.228040532Z,3.246,14.85,17,61
2026-02-26T05:25:58.155740043Z,3.244,14.76,17,61
2026-02-26T05:45:58.082991450Z,3.244,14.75,16.99,61
2026-02-26T06:05:58.002887449Z,3.241,14.66,16.99,61
2026-02-26T06:25:57.942883147Z,3.244,14.63,16.99,61
2026-02-26T06:45:57.855000773Z,3.244,14.55,17,61
2026-02-26T07:05:57.773531333Z,3.246,14.45,17,61
2026-02-26T07:25:57.716492374Z,3.246,14.4,17.01,60
2026-02-26T07:45:57.624141208Z,3.244,14.35,17.01,60
2026-02-26T08:05:57.551920736Z,3.248,14.33,16.99,60
2026-02-26T08:25:57.481883235Z,3.246,14.34,16.85,60
2026-02-26T08:45:57.399129736Z,3.248,14.35,16.83,60
2026-02-26T09:05:57.323576832Z,3.252,14.45,16.79,59
2026-02-26T09:25:57.242655019Z,3.254,14.55,16.63,59
2026-02-26T09:45:57.166320399Z,3.246,14.7,16.62,59
2026-02-26T10:05:57.093169819Z,3.262,14.86,16.58,59
2026-02-26T10:25:57.015788299Z,3.262,15.07,16.42,58
2026-02-26T10:45:56.928927896Z,3.26,15.27,16.4,58
2026-02-26T11:05:56.691723436Z,3.258,15.37,16.39,58
2026-02-26T11:25:56.758962317Z,3.262,15.56,16.21,57
2026-02-26T11:45:56.679573455Z,3.265,15.76,16.19,57
2026-02-26T12:05:56.596346623Z,3.267,15.98,16.16,57
2026-02-26T12:25:56.514377492Z,3.267,16.17,16.04,56
2026-02-26T12:45:56.432924265Z,3.277,16.29,15.97,56
2026-02-26T13:05:56.202333300Z,3.271,16.4,15.96,56
2026-02-26T13:25:56.286589547Z,3.277,16.6,15.95,56
2026-02-26T13:45:56.192354991Z,3.275,16.77,15.89,55
2026-02-26T14:05:55.940944737Z,3.277,16.9,15.75,55
2026-02-26T14:25:56.033825998Z,3.271,17.05,15.74,55
2026-02-26T14:45:56.134994821Z,3.277,17.08,15.74,54
2026-02-26T15:05:55.854568254Z,3.28,17.11,15.73,54
2026-02-26T15:25:55.768143645Z,3.273,17.11,15.6,54
2026-02-26T15:45:55.693604755Z,3.282,17.21,15.54,53
2026-02-26T16:05:55.476360789Z,3.282,17.31,15.53,53
2026-02-26T16:25:55.520817357Z,3.28,17.38,15.53,53
2026-02-26T16:45:55.439100544Z,3.275,17.35,15.62,53
2026-02-26T17:05:55.367259569Z,3.273,18.26,37.84,502
2026-02-26T17:25:55.283594676Z,3.277,20.06,35.41,391
2026-02-26T17:45:55.212083227Z,3.275,19.43,29.47,284
2026-02-26T18:05:55.114476089Z,3.271,18.94,28.66,268
2026-02-26T18:25:55.024906826Z,3.273,18.52,28.17,257
2026-02-26T18:45:54.972876450Z,3.271,18.1,27.88,250
2026-02-26T19:05:54.885779633Z,3.273,17.72,27.59,244
2026-02-26T19:25:54.803925363Z,3.273,17.34,27.31,238
2026-02-26T19:45:54.718284820Z,3.271,17.08,27.06,232
2026-02-26T20:05:53.972408614Z,3.223,16.8,26.8,228
2026-02-26T20:25:54.534490373Z,3.267,16.59,26.66,224
2026-02-26T20:45:54.473850341Z,3.271,16.39,26.53,221
2026-02-26T21:05:54.384189047Z,3.269,16.08,47.41,644
2026-02-26T21:25:54.304630720Z,3.267,16.6,40.42,460
2026-02-26T21:45:54.225173336Z,3.269,16.39,31.91,306
2026-02-26T22:05:54.130005347Z,3.273,16.19,30.03,274
2026-02-26T22:25:54.060485391Z,3.275,16,29.3,260
2026-02-26T22:45:53.987352833Z,3.265,15.9,28.76,252
2026-02-26T23:05:53.910926125Z,3.265,15.87,28.35,244
2026-02-26T23:25:53.685970966Z,3.267,15.78,28.06,239
2026-02-26T23:45:53.758811140Z,3.267,15.68,27.82,234
2026-02-27T00:05:53.506359793Z,3.265,15.57,27.66,231
2026-02-27T00:25:53.574311789Z,3.265,15.49,27.64,229
2026-02-27T00:45:53.514339626Z,3.267,15.42,27.53,227
2026-02-27T01:05:53.421723961Z,3.265,15.35,27.39,225
2026-02-27T01:25:53.338555488Z,3.265,15.27,27.26,222
2026-02-27T01:45:53.261824526Z,3.271,15.26,27.16,221
2026-02-27T02:05:53.167829302Z,3.262,15.23,27.11,219
2026-02-27T02:25:53.100770732Z,3.26,15.17,27,218
2026-02-27T02:45:53.009275574Z,3.262,15.16,26.88,215
2026-02-27T03:05:52.939694512Z,3.262,15.14,26.76,214
2026-02-27T03:25:52.492931340Z,3.217,15.1,26.75,213
2026-02-27T03:45:52.391773552Z,3.206,15.06,26.64,211
2026-02-27T04:05:52.704551166Z,3.26,15.05,26.62,210
2026-02-27T04:25:52.230960506Z,3.204,14.96,26.54,208
2026-02-27T04:45:52.540866878Z,3.26,14.86,26.49,207
2026-02-27T05:05:52.456608359Z,3.26,14.76,26.37,205
2026-02-27T05:25:52.377879036Z,3.256,14.56,26.27,204
2026-02-27T05:45:52.300543257Z,3.26,14.45,26.15,201
2026-02-27T06:05:52.220153555Z,3.26,14.32,26.1,200
2026-02-27T06:25:51.752165901Z,3.208,14.19,25.99,199
2026-02-27T06:45:51.678922266Z,3.2,14.12,25.96,198
2026-02-27T07:05:51.976542884Z,3.26,14.04,25.86,196
2026-02-27T07:25:51.929301066Z,3.262,13.99,25.8,195
2026-02-27T07:45:51.837936184Z,3.256,13.94,25.7,194
2026-02-27T08:05:51.903761899Z,3.256,13.94,25.68,193
2026-02-27T08:25:51.656579148Z,3.258,13.94,25.62,192
2026-02-27T08:45:51.592250536Z,3.26,14.03,25.5,190
2026-02-27T09:05:51.518187071Z,3.26,14.04,25.47,190
2026-02-27T09:25:51.431834037Z,3.26,14.14,25.5,191
2026-02-27T09:45:51.368939546Z,3.262,14.26,25.5,191
2026-02-27T10:05:51.280380299Z,3.265,14.38,25.39,190
2026-02-27T10:25:51.206558443Z,3.26,14.45,25.27,187
2026-02-27T10:45:51.104117540Z,3.262,14.59,25.26,188
2026-02-27T11:05:50.649665480Z,3.208,14.76,25.14,187
2026-02-27T11:45:50.734021023Z,3.271,15.27,24.78,183
2026-02-27T12:05:50.778114962Z,3.275,15.68,24.64,182
2026-02-27T12:25:50.547747728Z,3.277,16.01,24.63,183
2026-02-27T12:45:50.610629938Z,3.277,16.29,24.35,180
2026-02-27T13:05:50.368355521Z,3.282,16.61,24.31,179
2026-02-27T13:25:50.445227174Z,3.282,16.8,24.43,181
2026-02-27T13:45:50.242975064Z,3.284,17.02,24.31,181
2026-02-27T14:05:50.289201410Z,3.28,17.34,24.28,180
2026-02-27T14:25:49.814761056Z,3.284,17.72,24.18,179
2026-02-27T14:45:50.116118441Z,3.288,17.92,24.05,177
2026-02-27T15:05:50.030589884Z,3.282,18.12,24.07,178
2026-02-27T15:25:49.814401400Z,3.286,18.36,24.05,178
2026-02-27T15:45:49.863340382Z,3.286,18.74,23.95,177
2026-02-27T16:05:49.782451710Z,3.288,18.64,23.95,176
2026-02-27T16:25:49.716249281Z,3.286,18.63,23.86,174
2026-02-27T16:45:49.603402683Z,3.284,18.53,23.94,173
2026-02-27T17:05:49.364192340Z,3.286,18.33,23.82,171
2026-02-27T17:25:49.283992637Z,3.288,18.18,23.91,172
2026-02-27T17:45:48.960272326Z,3.231,18.02,23.94,171
2026-02-27T18:05:49.138330819Z,3.271,17.88,23.93,170
2026-02-27T18:25:49.199561819Z,3.277,17.72,23.93,169
2026-02-27T18:45:48.723529818Z,3.214,17.51,23.94,169
2026-02-27T19:05:49.053324832Z,3.273,17.31,23.92,167
2026-02-27T19:25:48.954811893Z,3.269,17.11,23.93,167
2026-02-27T19:45:48.880917869Z,3.269,16.96,23.88,166
2026-02-27T20:05:48.789346488Z,3.267,16.8,23.86,165
2026-02-27T20:25:48.709674735Z,3.26,16.63,23.86,165
2026-02-27T20:45:48.628694491Z,3.262,16.49,23.82,164
2026-02-27T21:05:48.388521865Z,3.26,16.3,23.84,164
2026-02-27T21:25:48.486115689Z,3.26,16.19,23.82,163
2026-02-27T21:45:48.251231401Z,3.258,16.05,23.81,162
2026-02-27T22:05:48.331517418Z,3.254,15.89,23.81,163
2026-02-27T22:25:48.249635920Z,3.254,15.78,23.81,162
2026-02-27T22:45:48.179152560Z,3.25,15.62,23.81,161
2026-02-27T23:05:48.108744988Z,3.252,15.47,23.81,161
2026-02-27T23:25:48.027020039Z,3.25,15.36,23.81,160
2026-02-27T23:45:47.991815860Z,3.248,15.21,23.72,160
2026-02-28T00:05:47.892380922Z,3.25,15.06,23.71,159
2026-02-28T00:25:47.797108391Z,3.248,14.96,23.7,159
2026-02-28T00:45:47.721481308Z,3.248,14.86,23.7,158
2026-02-28T01:05:47.651691594Z,3.241,14.76,23.69,158
2026-02-28T01:25:47.570650104Z,3.244,14.68,23.69,157
2026-02-28T01:45:47.498920097Z,3.246,14.58,23.69,157
2026-02-28T02:05:47.578356130Z,3.244,14.47,23.69,157
2026-02-28T02:25:47.358498420Z,3.244,14.4,23.69,157
2026-02-28T02:45:47.293948881Z,3.241,14.33,23.69,156
2026-02-28T03:05:47.221592758Z,3.241,14.24,23.67,156
2026-02-28T03:25:47.146641709Z,3.241,14.14,23.65,155
2026-02-28T03:45:47.047802585Z,3.239,14.08,23.62,155
2026-02-28T04:05:46.981995652Z,3.235,14.04,23.57,155
2026-02-28T04:25:46.921828880Z,3.241,13.94,23.57,155
2026-02-28T04:45:46.839050986Z,3.237,13.91,23.6,155
2026-02-28T05:05:46.770084487Z,3.239,13.83,23.57,154
2026-02-28T05:25:46.707823602Z,3.248,13.73,23.52,153
2026-02-28T05:45:46.612047397Z,3.239,13.73,23.49,153
2026-02-28T06:05:46.552742719Z,3.235,13.73,23.56,153
2026-02-28T06:25:46.466565460Z,3.237,13.67,23.54,153
2026-02-28T06:45:46.391335778Z,3.244,13.64,23.49,153
2026-02-28T07:05:46.312370234Z,3.239,13.64,23.46,153
2026-02-28T07:25:46.245331697Z,3.239,13.66,23.45,153
2026-02-28T07:45:46.224298183Z,3.239,13.71,23.45,152
2026-02-28T08:05:46.098549412Z,3.241,13.73,23.43,152
2026-02-28T08:25:46.033807351Z,3.241,13.78,23.34,152
2026-02-28T08:45:45.944837853Z,3.239,13.83,23.33,152
2026-02-28T09:05:45.867755683Z,3.244,13.92,23.33,151
2026-02-28T09:25:45.799127616Z,3.244,14.03,23.28,151
2026-02-28T09:45:45.712779704Z,3.246,14.06,23.21,151
2026-02-28T10:05:45.641060109Z,3.239,14.24,23.2,151
2026-02-28T10:25:45.559021416Z,3.25,14.35,23.08,150
2026-02-28T10:45:45.485880016Z,3.244,14.46,23.08,150
2026-02-28T11:05:45.403837716Z,3.254,14.55,23.08,150
2026-02-28T11:25:45.336888562Z,3.254,14.65,22.96,150
2026-02-28T11:45:45.252415339Z,3.25,14.91,22.9,150
2026-02-28T12:05:45.161779082Z,3.258,15.14,22.84,149
2026-02-28T12:25:45.088449619Z,3.258,15.27,22.83,149
2026-02-28T12:45:45.000841431Z,3.262,15.43,22.72,149
2026-02-28T13:05:44.773721556Z,3.262,15.78,22.71,148
2026-02-28T13:25:44.844585412Z,3.26,15.98,22.58,148
2026-02-28T13:45:44.750966943Z,3.265,16.25,22.58,148
2026-02-28T14:05:44.679643830Z,3.265,16.32,22.58,147
2026-02-28T14:25:44.616723631Z,3.262,16.35,22.57,146
2026-02-28T14:45:44.511005646Z,3.267,16.39,22.46,146
2026-02-28T15:05:43.771887953Z,3.214,16.39,22.45,145
2026-02-28T15:25:44.349989904Z,3.269,16.62,22.3,145
2026-02-28T15:45:44.272754903Z,3.269,17.11,22.29,144
2026-02-28T16:05:44.192890944Z,3.267,17,22.32,143
2026-02-28T16:25:44.109658919Z,3.267,16.8,22.32,142
2026-02-28T16:45:43.643864962Z,3.206,16.67,22.32,141
2026-02-28T17:05:43.569234036Z,3.223,16.5,22.31,141
2026-02-28T17:25:43.872376607Z,3.267,16.39,22.23,140
2026-02-28T17:45:43.777500479Z,3.262,16.29,22.33,141
2026-02-28T18:05:43.706116260Z,3.262,16.19,22.23,140
2026-02-28T18:25:43.493084781Z,3.265,16.09,22.22,139
2026-02-28T18:45:43.551345084Z,3.267,15.99,22.2,138
2026-02-28T19:05:43.469231981Z,3.262,15.93,22.19,137
2026-02-28T19:25:43.388178915Z,3.262,15.83,22.16,137
2026-02-28T19:45:43.297914092Z,3.258,15.71,22.11,136
2026-02-28T20:05:43.227876106Z,3.258,15.58,22.09,136
2026-02-28T20:25:43.162041428Z,3.256,15.48,22.08,135
2026-02-28T20:45:43.081328832Z,3.254,15.39,22.09,135
2026-02-28T21:05:42.854230272Z,3.256,15.32,22.09,134
2026-02-28T21:25:42.914949760Z,3.254,15.24,22.09,134
2026-02-28T21:45:42.850522670Z,3.26,15.16,22.09,134
2026-02-28T22:05:42.779020547Z,3.252,15.06,22.08,133
2026-02-28T22:25:42.704781569Z,3.26,14.96,22.08,133
2026-02-28T22:45:42.630736527Z,3.252,14.91,22.09,133
2026-02-28T23:05:42.538353619Z,3.244,14.85,22.09,133
2026-02-28T23:25:42.470650655Z,3.246,14.76,22.08,132
2026-02-28T23:45:42.389244776Z,3.248,14.66,22.08,132
2026-03-01T00:05:42.328471951Z,3.244,14.6,22.08,132
2026-03-01T00:25:42.249329227Z,3.241,14.53,22.05,131
2026-03-01T00:45:42.176770341Z,3.244,14.45,22.07,132
2026-03-01T01:05:42.087997881Z,3.244,14.35,22.09,131
2026-03-01T01:25:42.012119356Z,3.244,14.26,22.1,131
2026-03-01T01:45:41.935944591Z,3.246,14.23,22.1,131
2026-03-01T02:05:41.866213261Z,3.239,14.14,22.1,131
2026-03-01T02:25:41.798676486Z,3.237,14.1,22.1,131
2026-03-01T02:45:41.722649547Z,3.244,14.04,22.1,131
2026-03-01T03:05:41.647129236Z,3.241,13.99,22.1,131
2026-03-01T03:25:41.573224972Z,3.241,13.94,22.1,131
2026-03-01T03:45:41.504050203Z,3.244,13.93,22.1,130
2026-03-01T04:05:41.419526519Z,3.244,13.86,22.1,131
2026-03-01T04:25:41.355698218Z,3.241,13.83,22.1,130
2026-03-01T04:45:41.279569782Z,3.237,13.81,22.1,130
2026-03-01T05:05:41.202963642Z,3.235,13.73,22.11,130
2026-03-01T05:25:41.119154083Z,3.239,18.64,51.65,703
2026-03-01T05:45:41.069884727Z,3.237,19.24,52.07,693
2026-03-01T06:05:40.980499416Z,3.239,19.14,44.1,494
2026-03-01T06:25:40.904866201Z,3.237,18.63,30.58,266
2026-03-01T06:45:40.824919374Z,3.237,18.03,29.53,247
2026-03-01T07:05:40.744947765Z,3.239,17.52,28.94,236
2026-03-01T07:25:40.683856031Z,3.244,17.11,28.54,230
2026-03-01T07:45:40.606533925Z,3.241,16.78,28.25,225
2026-03-01T08:05:40.514853457Z,3.239,16.47,28.09,222
2026-03-01T08:25:40.460296649Z,3.241,16.29,27.81,218
2026-03-01T08:45:40.374588701Z,3.246,16.19,27.55,217
2026-03-01T09:05:40.295220477Z,3.25,16.3,27.42,216
2026-03-01T09:25:39.819162574Z,3.19,16.45,27.3,214
2026-03-01T09:45:39.749670560Z,3.25,16.7,26.98,212
2026-03-01T10:05:40.062508098Z,3.256,17.03,26.92,211
2026-03-01T10:25:39.583213391Z,3.2,17.21,26.93,210
2026-03-01T10:45:39.756233906Z,3.265,17.31,26.81,208
2026-03-01T11:05:39.799825696Z,3.26,17.35,26.56,205
2026-03-01T11:25:39.729823950Z,3.265,17.41,26.46,203
2026-03-01T11:45:39.639178598Z,3.262,17.41,26.32,202
2026-03-01T12:05:39.562770930Z,3.265,17.51,26.3,200
2026-03-01T12:25:39.507428294Z,3.267,17.43,26.18,199
2026-03-01T12:45:39.400266650Z,3.265,17.46,26.17,199
2026-03-01T13:05:39.322355094Z,3.269,17.63,26.06,198
2026-03-01T13:25:38.850730147Z,3.21,17.72,26.06,197
2026-03-01T13:45:39.004852842Z,3.269,17.72,25.93,195
2026-03-01T14:05:39.087339899Z,3.271,17.72,25.79,193
2026-03-01T14:25:38.999837435Z,3.269,17.72,25.69,192
2026-03-01T14:45:38.899574977Z,3.269,17.72,25.68,191
2026-03-01T15:05:38.846085546Z,3.271,17.72,25.68,191
2026-03-01T15:25:38.757559418Z,3.273,17.79,25.68,191
2026-03-01T15:45:38.660375659Z,3.275,17.81,25.56,189
2026-03-01T16:05:38.574002395Z,3.267,17.72,25.34,187
2026-03-01T16:25:38.508154948Z,3.271,17.62,25.36,186
2026-03-01T16:45:38.424586357Z,3.262,17.51,25.48,186
2026-03-01T17:05:38.348957856Z,3.267,17.44,25.3,183
2026-03-01T17:25:38.251789264Z,3.262,17.41,25.27,183
2026-03-01T17:45:38.173666075Z,3.273,17.31,25.27,182
2026-03-01T18:05:38.095510430Z,3.262,17.21,25.24,182
2026-03-01T18:25:38.014473555Z,3.265,17.11,25.18,181
2026-03-01T18:45:37.932390706Z,3.258,16.97,25.18,181
2026-03-01T19:05:37.858001827Z,3.262,16.81,25.17,180
2026-03-01T19:25:37.632634901Z,3.265,16.7,25.22,180
2026-03-01T19:45:37.698028587Z,3.256,16.59,25.24,179
2026-03-01T20:05:37.622269737Z,3.26,16.47,25.16,179
2026-03-01T20:25:37.555181588Z,3.254,16.38,25.23,179
2026-03-01T20:45:37.479580882Z,3.25,16.28,25.16,179
2026-03-01T21:05:37.388122722Z,3.258,16.18,25.16,178
2026-03-01T21:25:37.313258383Z,3.256,16.08,25.06,176
2026-03-01T21:45:37.246333933Z,3.254,15.98,25.12,177
2026-03-01T22:05:37.166275416Z,3.258,15.88,25.3,178
2026-03-01T22:25:37.091166144Z,3.254,15.78,25.26,177
2026-03-01T22:45:37.012709975Z,3.252,15.68,25.16,177
2026-03-01T23:05:36.931370982Z,3.252,15.67,25.09,176
2026-03-01T23:25:36.854555491Z,3.254,15.6,25.03,176
2026-03-01T23:45:36.785424689Z,3.248,15.57,25.03,175
2026-03-02T00:05:36.705773292Z,3.252,15.57,25.03,176
2026-03-02T00:25:36.623313732Z,3.252,15.57,25.03,175
2026-03-02T00:45:36.533136088Z,3.252,15.57,25.03,176
2026-03-02T01:05:36.480679159Z,3.246,15.57,25.03,175
2026-03-02T01:25:36.410530586Z,3.252,15.55,25.02,175
2026-03-02T01:45:36.312315347Z,3.25,15.5,24.91,174
2026-03-02T02:05:36.242451851Z,3.25,15.47,24.91,173
2026-03-02T02:25:36.160868409Z,3.252,15.47,25.03,174
2026-03-02T02:45:36.076728288Z,3.244,15.45,24.91,173
2026-03-02T03:05:36.021034671Z,3.246,15.39,24.78,172
2026-03-02T03:25:35.936346603Z,3.246,15.37,24.8,172
2026-03-02T03:45:35.858327812Z,3.246,15.37,24.82,172
2026-03-02T04:05:35.770398686Z,3.246,15.35,25.15,175
2026-03-02T04:25:35.702278516Z,3.241,15.28,25.12,175
2026-03-02T04:45:35.627057808Z,3.246,15.27,25.15,176
2026-03-02T05:05:35.176168822Z,3.19,15.26,25.15,175
2026-03-02T05:25:35.467973992Z,3.248,15.21,25.15,176
2026-03-02T05:45:35.396301372Z,3.248,15.18,25.22,177
2026-03-02T06:05:35.322930994Z,3.246,15.17,25.15,176
2026-03-02T06:25:35.237075105Z,3.248,15.16,25.15,176
2026-03-02T06:45:35.166071795Z,3.246,15.16,25.03,174
2026-03-02T07:05:35.092040876Z,3.246,15.15,25.04,175
2026-03-02T07:25:35.008596687Z,3.248,15.07,25.04,175
2026-03-02T07:45:34.945967676Z,3.246,15.06,25.12,175
2026-03-02T08:05:34.859558363Z,3.248,15.06,25.06,175
2026-03-02T08:25:34.781660633Z,3.254,15.05,25.11,175
2026-03-02T08:45:34.720728781Z,3.244,15.01,25.03,175
2026-03-02T09:05:34.628162797Z,3.246,15.02,25.02,175
2026-03-02T09:25:34.548179224Z,3.248,15.06,25.02,174
2026-03-02T09:45:34.478516139Z,3.254,15.06,25.02,174
2026-03-02T10:05:34.406036113Z,3.25,15.11,24.99,174
2026-03-02T10:25:34.190735495Z,3.258,15.16,24.91,174
2026-03-02T10:45:34.269018914Z,3.252,15.2,24.93,174
2026-03-02T11:05:34.180323338Z,3.25,15.27,24.91,174
2026-03-02T11:25:34.091238336Z,3.25,15.33,24.88,173
2026-03-02T11:45:34.008799562Z,3.256,15.57,24.82,175
2026-03-02T12:05:33.944955136Z,3.254,15.86,24.78,174
2026-03-02T12:25:33.703792482Z,3.256,16.08,24.67,175
2026-03-02T12:45:33.641616594Z,3.267,16.19,24.67,175
2026-03-02T13:05:33.683683508Z,3.265,16.39,24.55,173
2026-03-02T13:25:33.602433059Z,3.265,16.49,24.55,174
2026-03-02T13:45:33.542117651Z,3.26,16.69,24.55,174
2026-03-02T14:05:33.458705870Z,3.269,16.84,24.44,173
2026-03-02T14:25:33.359099674Z,3.262,16.93,24.45,174
2026-03-02T14:45:33.307338870Z,3.262,17.01,24.44,173
2026-03-02T15:05:33.203393151Z,3.269,17.09,24.43,172
2026-03-02T15:25:32.990708006Z,3.271,17.23,24.31,172
2026-03-02T15:45:32.647281412Z,3.265,17.61,24.19,173
2026-03-02T16:05:32.951411358Z,3.271,17.62,24.19,172
2026-03-02T16:25:32.880470789Z,3.269,17.7,24.23,171
2026-03-02T16:45:32.794934434Z,3.271,17.52,24.31,170
2026-03-02T17:05:32.707718105Z,3.267,17.31,24.31,169
2026-03-02T17:25:32.632445419Z,3.269,17.15,24.27,169
2026-03-02T17:45:32.534152518Z,3.265,17,24.27,168
2026-03-02T18:05:32.478998351Z,3.265,16.8,24.48,170
2026-03-02T18:25:32.375769903Z,3.262,16.69,24.45,169
2026-03-02T18:45:32.300721593Z,3.26,16.49,24.44,169
2026-03-02T19:05:32.232704148Z,3.256,16.39,24.39,167
2026-03-02T19:25:32.154879185Z,3.256,16.23,24.5,168
2026-03-02T19:45:32.067791555Z,3.258,16.08,24.3,166
2026-03-02T20:05:31.995803268Z,3.254,15.98,24.17,164
2026-03-02T20:25:31.914220745Z,3.258,15.88,24.17,164
2026-03-02T20:45:31.448497683Z,3.196,15.78,24.43,166
2026-03-02T21:05:31.761536377Z,3.262,15.67,24.06,163
2026-03-02T21:25:31.681581578Z,3.246,15.57,24.54,167
2026-03-02T21:45:31.630354953Z,3.252,15.47,24.06,162
2026-03-02T22:05:31.545280217Z,3.25,15.37,24.33,165
2026-03-02T22:25:31.462823135Z,3.252,15.28,24.45,165
2026-03-02T22:45:31.381465960Z,3.246,15.23,24.06,161
2026-03-02T23:05:31.324986586Z,3.25,15.16,24.41,164
2026-03-02T23:25:31.230663432Z,3.248,15.06,24.19,163
2026-03-02T23:45:31.163978277Z,3.248,15.03,24.66,166
2026-03-03T00:05:31.083862732Z,3.248,14.96,24.66,165
2026-03-03T00:25:31.001576065Z,3.246,14.86,24.55,164
2026-03-03T00:45:30.916295004Z,3.246,14.77,24.54,164
2026-03-03T01:05:30.850403314Z,3.248,14.69,24.66,164
2026-03-03T01:25:30.779841360Z,3.246,14.55,24.66,165
2026-03-03T01:45:30.693961835Z,3.244,14.45,24.63,163
2026-03-03T02:05:30.628531822Z,3.239,14.34,24.53,162
2026-03-03T02:25:30.555139760Z,3.241,14.21,24.54,162
2026-03-03T02:45:30.474679218Z,3.239,14.07,24.53,161
2026-03-03T03:05:30.403043654Z,3.235,13.94,24.54,161
2026-03-03T03:25:30.345137230Z,3.237,13.83,24.55,161
2026-03-03T03:45:30.258803261Z,3.233,13.73,24.6,161
2026-03-03T04:05:30.179081116Z,3.231,13.55,24.65,161
2026-03-03T04:25:30.117750887Z,3.235,13.42,25.25,171
2026-03-03T04:45:30.058724978Z,3.233,13.22,25.36,173
2026-03-03T05:05:29.979120518Z,3.223,13.11,25.6,176
2026-03-03T05:25:29.899289963Z,3.229,12.93,25.84,180
2026-03-03T05:45:29.865164654Z,3.225,12.8,26.09,184
2026-03-03T06:05:29.772800298Z,3.227,12.67,26.49,189
2026-03-03T06:25:29.712656928Z,3.231,12.5,26.82,194
2026-03-03T06:45:29.638489773Z,3.225,12.38,27.69,203
2026-03-03T07:05:29.588818651Z,3.223,12.21,27.94,207
2026-03-03T07:25:29.507512695Z,3.223,12.18,27.81,206
2026-03-03T07:45:29.438784008Z,3.223,12.09,27.68,205
2026-03-03T08:05:29.372006960Z,3.223,12.08,27.58,204
2026-03-03T08:25:29.304798577Z,3.223,12.03,27.54,203
2026-03-03T08:45:29.236450140Z,3.223,12.01,27.42,203
2026-03-03T09:05:29.174152686Z,3.223,12.08,27.41,203
2026-03-03T09:25:29.100046865Z,3.229,12.18,27.26,202
2026-03-03T09:45:29.034130009Z,3.225,12.29,27.23,202
2026-03-03T10:05:28.944739945Z,3.231,12.5,26.93,201
2026-03-03T10:25:28.857667681Z,3.231,12.8,26.94,199
2026-03-03T10:45:28.805618173Z,3.239,12.88,26.89,198
2026-03-03T11:05:28.724785911Z,3.235,13.01,26.81,198
2026-03-03T11:25:28.662241098Z,3.235,13.11,26.7,196
2026-03-03T11:45:28.438215462Z,3.237,13.32,26.63,196
2026-03-03T12:05:28.494881452Z,3.237,13.45,26.47,194
2026-03-03T12:25:28.421132810Z,3.25,13.62,26.46,194
2026-03-03T12:45:28.336079074Z,3.241,13.73,26.34,192
2026-03-03T13:05:28.271382140Z,3.246,13.84,26.1,190
2026-03-03T13:25:28.186795641Z,3.248,14.15,25.99,190
2026-03-03T13:45:28.097896292Z,3.25,14.56,25.87,188
2026-03-03T14:05:28.047159682Z,3.25,14.85,25.87,187
2026-03-03T14:25:27.942100269Z,3.256,15,25.67,186
2026-03-03T14:45:27.876005714Z,3.25,15.27,25.56,183
2026-03-03T15:05:27.798157607Z,3.26,15.47,25.39,183
2026-03-03T15:25:27.711563279Z,3.256,15.99,25.16,182
2026-03-03T15:45:27.626463396Z,3.258,16.68,25.28,184
2026-03-03T16:05:27.426122990Z,3.26,16.7,25.29,182
2026-03-03T16:25:27.474174319Z,3.254,16.39,25.32,179
2026-03-03T16:45:27.390337170Z,3.269,16,25.28,177
2026-03-03T17:05:27.313489640Z,3.258,15.67,25.42,177
2026-03-03T17:25:27.232813959Z,3.256,15.27,25.26,174
2026-03-03T17:45:27.173901457Z,3.256,14.96,25.27,172
2026-03-03T18:05:27.073078339Z,3.248,14.67,25.26,172
2026-03-03T18:25:26.992176632Z,3.25,14.45,25.27,173
2026-03-03T18:45:26.924241099Z,3.244,14.21,25.26,171
2026-03-03T19:05:26.860076503Z,3.244,13.98,25.13,169
2026-03-03T19:25:26.784204745Z,3.241,13.8,25.07,168
2026-03-03T19:45:26.727523931Z,3.237,13.63,25.11,167
2026-03-03T20:05:26.643805857Z,3.233,13.42,25.08,168
2026-03-03T20:25:26.575243120Z,3.231,13.31,25.04,167
2026-03-03T20:45:26.488834438Z,3.231,13.14,25.01,166
2026-03-03T21:05:26.441075926Z,3.231,13.01,25.06,166
2026-03-03T21:25:26.354483344Z,3.235,12.91,25,165
2026-03-03T21:45:26.282891892Z,3.239,12.8,25,165
2026-03-03T22:05:26.212103726Z,3.231,12.7,25,165
2026-03-03T22:25:26.167783799Z,3.231,12.63,24.96,165
2026-03-03T22:45:26.072021517Z,3.233,12.59,24.91,164
2026-03-03T23:05:26.033268672Z,3.231,12.5,24.88,163
2026-03-03T23:25:25.940045870Z,3.225,12.39,24.88,164
2026-03-03T23:45:25.884611191Z,3.227,12.29,24.91,164
2026-03-04T00:05:25.806321306Z,3.219,12.19,24.91,163
2026-03-04T00:25:25.732050178Z,3.229,12.08,24.97,163
2026-03-04T00:45:25.669265603Z,3.217,11.96,24.98,162
2026-03-04T01:05:25.605113820Z,3.217,11.78,24.87,161
2026-03-04T01:25:25.531616484Z,3.219,11.67,24.87,162
2026-03-04T01:45:25.474708793Z,3.219,11.57,24.88,161
2026-03-04T02:05:25.401323318Z,3.214,11.45,24.87,161
2026-03-04T02:25:25.331898678Z,3.217,11.3,24.75,160
2026-03-04T02:45:25.270055902Z,3.217,11.2,24.86,160
2026-03-04T03:05:25.210031589Z,3.212,11.12,24.87,160
2026-03-04T03:25:25.151956957Z,3.21,10.98,24.86,160
2026-03-04T03:45:25.081439421Z,3.21,10.87,24.63,157
2026-03-04T04:05:25.019724293Z,3.206,10.77,24.63,157
2026-03-04T04:25:24.949066779Z,3.208,10.71,24.63,157
2026-03-04T04:45:24.883341828Z,3.21,10.63,24.75,158
2026-03-04T05:05:24.818956588Z,3.206,10.53,24.74,157
2026-03-04T05:25:24.760680673Z,3.21,10.51,24.75,158
2026-03-04T05:45:24.699637258Z,3.21,10.46,24.75,159
2026-03-04T06:05:24.637658155Z,3.217,10.46,24.74,158
2026-03-04T06:25:24.552143635Z,3.214,10.47,24.62,156
2026-03-04T06:45:24.489873578Z,3.219,10.52,24.51,156
2026-03-04T07:05:24.419176513Z,3.214,10.53,24.51,156
2026-03-04T07:25:24.357805837Z,3.214,10.53,24.51,155
2026-03-04T07:45:24.295641234Z,3.225,10.57,24.52,157
2026-03-04T08:05:24.212563795Z,3.219,10.63,24.63,158
2026-03-04T08:25:24.140391293Z,3.219,10.64,24.51,156
2026-03-04T08:45:24.074645879Z,3.223,10.73,24.51,157
2026-03-04T09:05:23.999356340Z,3.223,10.76,24.51,157
2026-03-04T09:25:23.939633379Z,3.219,10.84,24.42,156
2026-03-04T09:45:23.883546224Z,3.227,10.93,24.45,156
2026-03-04T10:05:23.794923104Z,3.227,11.05,24.38,156
2026-03-04T10:25:23.721863883Z,3.229,11.26,24.4,157
2026-03-04T10:45:23.655439609Z,3.231,11.45,24.4,157
2026-03-04T11:05:23.574790362Z,3.231,11.57,24.42,158
2026-03-04T11:25:23.497038259Z,3.233,11.67,24.4,158
2026-03-04T11:45:23.435582975Z,3.229,11.77,24.44,159
2026-03-04T12:05:23.375337370Z,3.235,11.88,24.49,159
2026-03-04T12:25:23.267024558Z,3.233,11.98,24.46,159
2026-03-04T12:45:23.195748979Z,3.241,12.08,24.52,160
2026-03-04T13:05:23.142232382Z,3.237,12.19,24.4,159
2026-03-04T13:25:23.058875083Z,3.244,12.29,24.37,158
2026-03-04T13:45:22.974018956Z,3.246,12.39,24.4,159
2026-03-04T14:05:22.909761936Z,3.241,12.5,24.4,159
2026-03-04T14:25:22.836894835Z,3.244,12.5,24.4,158
2026-03-04T14:45:22.751823144Z,3.237,12.5,24.4,158
2026-03-04T15:05:22.678832191Z,3.239,12.5,24.52,159
2026-03-04T15:25:22.604251713Z,3.239,12.5,24.59,159
2026-03-04T15:45:22.516391329Z,3.233,12.5,24.69,161
2026-03-04T16:05:22.457349349Z,3.237,12.45,25.12,166
2026-03-04T16:25:22.384838832Z,3.233,12.39,25.28,168
2026-03-04T16:45:22.327338898Z,3.235,12.29,25.35,169
2026-03-04T17:05:22.241658353Z,3.235,12.29,25.47,171
2026-03-04T17:25:22.160391835Z,3.235,12.29,25.49,172
2026-03-04T17:45:22.083327770Z,3.237,12.29,25.59,172
2026-03-04T18:05:22.019796714Z,3.239,12.29,25.71,175
2026-03-04T18:25:21.956395335Z,3.233,12.26,25.87,177
2026-03-04T18:45:21.895441665Z,3.233,12.19,25.96,178
2026-03-04T19:05:21.802954881Z,3.237,12.19,26.19,180
2026-03-04T19:25:21.724688909Z,3.237,12.19,26.3,183
2026-03-04T19:45:21.655594852Z,3.237,12.19,26.19,183
2026-03-04T20:05:21.578401324Z,3.235,12.2,26.2,183
2026-03-04T20:25:21.498244014Z,3.233,12.25,26.31,185
2026-03-04T20:45:21.434550423Z,3.235,12.29,26.2,184
2026-03-04T21:05:21.353764274Z,3.237,12.29,26.26,184
2026-03-04T21:25:21.283139640Z,3.239,12.3,26.26,185
2026-03-04T21:45:21.212190542Z,3.237,12.31,26.29,185
2026-03-04T22:05:21.132513024Z,3.237,12.32,26.3,186
2026-03-04T22:25:21.061667638Z,3.246,12.35,26.31,186
2026-03-04T22:45:20.981475976Z,3.235,12.38,26.32,186
2026-03-04T23:05:20.911720663Z,3.239,12.39,26.32,186
2026-03-04T23:25:20.843786266Z,3.239,12.39,26.31,186
2026-03-04T23:45:20.755866735Z,3.237,12.4,26.28,186
2026-03-05T00:05:20.716802468Z,3.239,12.43,26.26,186
2026-03-05T00:25:20.622027262Z,3.237,12.48,26.32,187
2026-03-05T00:45:20.543451776Z,3.237,12.49,26.31,187
2026-03-05T01:05:20.698595899Z,3.237,12.5,26.26,187
2026-03-05T01:25:20.407719767Z,3.237,12.5,26.32,187
2026-03-05T01:45:20.320971512Z,3.237,12.5,26.21,186
2026-03-05T02:05:20.245590421Z,3.244,12.5,26.2,186
2026-03-05T02:25:20.177898372Z,3.237,12.5,26.2,186
2026-03-05T02:45:20.105291765Z,3.241,12.51,26.2,186
2026-03-05T03:05:20.027708828Z,3.237,12.55,26.13,185
2026-03-05T03:25:19.949422039Z,3.239,12.58,26.2,185
2026-03-05T03:45:19.871575779Z,3.239,12.6,26.12,185
2026-03-05T04:05:19.801108647Z,3.241,12.6,26.08,184
2026-03-05T04:25:19.722193700Z,3.239,12.6,26.08,184
2026-03-05T04:45:19.650935769Z,3.239,12.61,26.07,184
2026-03-05T05:05:19.581363092Z,3.239,12.64,25.98,183
2026-03-05T05:25:19.511090848Z,3.239,12.68,26,183
2026-03-05T05:45:19.428965371Z,3.241,12.7,26.03,184
2026-03-05T06:05:19.350336556Z,3.239,12.7,25.97,183
2026-03-05T06:25:19.276264278Z,3.239,12.7,25.96,183
2026-03-05T06:45:19.205020927Z,3.237,12.7,25.97,183
2026-03-05T07:05:19.122926761Z,3.239,12.7,25.96,183
2026-03-05T07:25:19.055295644Z,3.25,12.7,25.96,183
2026-03-05T07:45:18.983855951Z,3.241,12.75,25.96,184
2026-03-05T08:05:18.905035837Z,3.237,12.8,25.96,183
2026-03-05T08:25:18.834050685Z,3.244,12.89,25.96,183
2026-03-05T08:45:18.752852139Z,3.241,13,25.96,184
2026-03-05T09:05:18.675281559Z,3.244,13.11,25.97,186
2026-03-05T09:25:18.600030889Z,3.244,13.26,25.89,185
2026-03-05T09:45:18.537679238Z,3.246,13.38,25.87,184
2026-03-05T10:05:18.445547967Z,3.248,13.48,25.86,185
2026-03-05T10:25:18.372438807Z,3.248,13.55,25.85,185
2026-03-05T10:45:18.308075960Z,3.248,13.83,25.74,185
2026-03-05T11:05:18.211454111Z,3.25,14.23,25.74,186
2026-03-05T11:25:18.164005124Z,3.258,14.45,25.75,187
2026-03-05T11:45:17.924276908Z,3.256,14.76,25.75,186
2026-03-05T12:05:17.973961342Z,3.258,14.96,25.74,187
2026-03-05T12:25:17.885819412Z,3.26,15.16,25.75,187
2026-03-05T12:45:17.827172309Z,3.26,15.31,25.69,186
2026-03-05T13:05:17.725005515Z,3.26,15.29,25.68,186
2026-03-05T13:25:17.653871639Z,3.262,15.37,25.64,186
2026-03-05T13:45:17.579068987Z,3.265,15.44,25.54,185
2026-03-05T14:05:17.503955274Z,3.262,15.51,25.52,185
2026-03-05T14:25:17.418646569Z,3.26,15.58,25.52,185
2026-03-05T14:45:16.660565812Z,3.206,15.68,25.52,184
2026-03-05T15:05:17.249027339Z,3.265,15.77,25.42,184
2026-03-05T15:25:17.312103710Z,3.267,15.88,25.4,184
2026-03-05T15:45:17.082038846Z,3.265,15.98,25.4,183
2026-03-05T16:05:17.001660436Z,3.265,15.98,25.31,183
2026-03-05T16:25:16.531922831Z,3.217,16.08,25.28,182
2026-03-05T16:45:16.843793834Z,3.262,16.08,25.28,181
2026-03-05T17:05:16.626996592Z,3.265,15.98,25.28,180
2026-03-05T17:25:16.661209080Z,3.267,15.88,25.28,180
2026-03-05T17:45:16.424283202Z,3.265,15.77,25.28,179
2026-03-05T18:05:16.501958345Z,3.265,15.59,25.27,179
2026-03-05T18:25:16.432434780Z,3.26,15.47,25.27,178
2026-03-05T18:45:16.342201171Z,3.26,15.3,25.27,178
2026-03-05T19:05:16.291692014Z,3.254,15.16,25.27,177
2026-03-05T19:25:16.211769238Z,3.252,14.98,25.27,177
2026-03-05T19:45:16.153865853Z,3.254,14.86,25.26,177
2026-03-05T20:05:16.059555653Z,3.254,14.73,25.25,176
2026-03-05T20:25:16.026783102Z,3.25,14.58,25.26,176
2026-03-05T20:45:15.886974891Z,3.246,14.45,25.26,176
2026-03-05T21:05:15.833504009Z,3.25,14.35,25.25,175
2026-03-05T21:25:15.760222345Z,3.254,14.24,25.27,176
2026-03-05T21:45:15.671287307Z,3.246,14.14,25.26,175
2026-03-05T22:05:15.597294052Z,3.246,14.04,25.26,175
2026-03-05T22:25:15.524223841Z,3.252,13.95,25.38,176
2026-03-05T22:45:15.456703326Z,3.244,13.93,25.37,176
2026-03-05T23:05:15.374021040Z,3.252,13.83,25.38,175
2026-03-05T23:25:15.298253595Z,3.241,13.75,25.45,176
2026-03-05T23:45:15.227481185Z,3.235,13.67,25.37,175
2026-03-06T00:05:15.164913586Z,3.237,13.53,25.37,175
2026-03-06T00:25:15.079786010Z,3.237,13.42,25.37,174
2026-03-06T00:45:15.002132505Z,3.239,13.4,25.37,175
2026-03-06T01:05:14.944675227Z,3.246,13.38,25.37,175
2026-03-06T01:25:14.852062590Z,3.235,13.37,25.37,174
2026-03-06T01:45:14.789170665Z,3.235,13.35,25.25,173
2026-03-06T02:05:14.700409268Z,3.239,13.32,25.24,173
2026-03-06T02:25:14.640161886Z,3.233,13.22,25.29,173
2026-03-06T02:45:14.563475619Z,3.237,13.11,25.36,173
2026-03-06T03:05:14.498196451Z,3.231,13,25.36,172
2026-03-06T03:25:14.430404157Z,3.229,12.86,25.36,173
2026-03-06T03:45:14.349700913Z,3.233,12.73,25.36,173
2026-03-06T04:05:14.306105369Z,3.229,12.61,25.35,171
2026-03-06T04:25:14.216780602Z,3.229,12.5,25.24,171
2026-03-06T04:45:14.152228470Z,3.227,12.39,25.16,169
2026-03-06T05:05:14.072113570Z,3.229,12.29,25.11,168
2026-03-06T05:25:14.008810001Z,3.231,12.19,25.01,168
2026-03-06T05:45:13.940776699Z,3.227,12.16,24.99,167
2026-03-06T06:05:13.861545731Z,3.237,12.18,24.99,167
2026-03-06T06:25:13.791560412Z,3.231,12.19,24.88,166
2026-03-06T06:45:13.727075538Z,3.229,12.19,24.99,167
2026-03-06T07:05:13.641938145Z,3.229,12.19,24.99,167
2026-03-06T07:25:13.580240181Z,3.229,12.18,24.99,167
2026-03-06T07:45:13.510045002Z,3.237,12.18,24.9,166
2026-03-06T08:05:13.432055230Z,3.237,12.19,24.88,167
2026-03-06T08:25:13.374320787Z,3.237,12.36,24.84,166
2026-03-06T08:45:13.285700289Z,3.239,12.5,24.88,167
2026-03-06T09:05:13.215634691Z,3.239,12.65,24.88,168
2026-03-06T09:25:13.229806439Z,3.239,12.7,25,169
2026-03-06T09:45:13.070722972Z,3.235,12.8,24.96,169
2026-03-06T10:05:12.980940504Z,3.244,12.91,24.87,168
2026-03-06T10:25:12.906182592Z,3.237,13.04,24.77,166
2026-03-06T10:45:12.828354421Z,3.246,13.21,24.71,167
2026-03-06T11:05:12.780330360Z,3.25,13.49,24.65,167
2026-03-06T11:25:12.674468305Z,3.248,13.75,24.53,166
2026-03-06T11:45:12.619592340Z,3.252,13.99,24.43,166
2026-03-06T12:05:12.519417084Z,3.25,14.14,24.53,166
2026-03-06T12:25:12.441139087Z,3.248,14.25,24.41,165
2026-03-06T12:45:12.352019447Z,3.254,14.38,24.21,163
2026-03-06T13:05:12.283322556Z,3.252,14.53,24.17,162
2026-03-06T13:25:12.221825198Z,3.256,14.65,24.16,162
2026-03-06T13:45:12.122999294Z,3.258,14.76,24.07,161
2026-03-06T14:05:12.048456583Z,3.258,14.86,24.05,161
2026-03-06T14:25:11.960919376Z,3.256,14.96,24.05,160
2026-03-06T14:45:11.492671210Z,3.204,14.96,24.04,160
2026-03-06T15:05:11.799894261Z,3.256,14.96,24.05,160
2026-03-06T15:25:11.732816901Z,3.258,14.96,24.05,159
2026-03-06T15:45:11.645017229Z,3.258,14.94,24.05,159
2026-03-06T16:05:11.579130318Z,3.258,14.96,23.94,159
2026-03-06T16:25:11.346877372Z,3.26,15.26,23.81,159
2026-03-06T16:45:11.022550506Z,3.198,15.26,23.93,158
2026-03-06T17:05:11.320881672Z,3.256,15.1,23.93,158
2026-03-06T17:25:11.260510174Z,3.254,14.88,23.97,158
2026-03-06T17:45:11.167633558Z,3.254,14.67,24,157
2026-03-06T18:05:11.241202764Z,3.246,14.47,23.98,157
2026-03-06T18:25:11.013933340Z,3.248,14.26,24.05,157
2026-03-06T18:45:10.946860284Z,3.246,14.04,24.03,156
2026-03-06T19:05:10.867305279Z,3.246,13.9,24.03,156
2026-03-06T19:25:10.794512488Z,3.246,13.73,24.05,156
2026-03-06T19:45:10.725134376Z,3.244,13.62,24.05,156
2026-03-06T20:05:10.644014270Z,3.239,13.45,24.05,156
2026-03-06T20:25:10.608190611Z,3.239,13.32,24.05,156
2026-03-06T20:45:10.497240805Z,3.241,13.22,24.06,156
2026-03-06T21:05:10.433789458Z,3.233,13.11,24.08,156
2026-03-06T21:25:10.356728491Z,3.235,13.01,24.07,155
2026-03-06T21:45:10.302082335Z,3.237,12.91,24.07,155
2026-03-06T22:05:10.217526775Z,3.235,12.81,24.09,155
2026-03-06T22:25:10.149346222Z,3.235,12.72,24.05,154
2026-03-06T22:45:10.065856853Z,3.235,12.67,24.05,154
2026-03-06T23:05:09.999546102Z,3.233,12.6,24.09,154
2026-03-06T23:25:09.931375689Z,3.235,12.5,24.14,154
2026-03-06T23:45:09.862375272Z,3.233,12.4,24.08,154
2026-03-07T00:05:09.787584759Z,3.231,12.35,24.05,154
2026-03-07T00:25:09.724006226Z,3.231,12.29,24.16,155
2026-03-07T00:45:09.669742151Z,3.237,12.2,24.13,154
2026-03-07T01:05:09.566446943Z,3.231,12.15,24.09,153
2026-03-07T01:25:09.507116992Z,3.227,12.08,24.08,153
2026-03-07T01:45:09.423797927Z,3.225,11.99,24.12,153
2026-03-07T02:05:09.357719320Z,3.231,11.93,24.15,153
2026-03-07T02:25:09.279680288Z,3.225,11.88,24.05,153
2026-03-07T02:45:09.210053775Z,3.229,11.77,24.05,153
2026-03-07T03:05:09.151728023Z,3.225,11.68,24.07,153
2026-03-07T03:25:09.068090097Z,3.227,11.65,24.05,153
2026-03-07T03:45:09.005906917Z,3.221,11.57,24.05,152
2026-03-07T04:05:08.941126953Z,3.221,11.51,24.05,152
2026-03-07T04:25:08.877264593Z,3.221,11.45,24.05,152
2026-03-07T04:45:08.802252614Z,3.223,11.35,24.07,151
2026-03-07T05:05:08.724595141Z,3.221,11.23,24.07,151
2026-03-07T05:25:08.661670331Z,3.225,11.15,24.05,151
2026-03-07T05:45:08.591714191Z,3.219,11.1,24.05,151
2026-03-07T06:05:08.531271801Z,3.223,11.07,24.04,151
2026-03-07T06:25:08.472344012Z,3.229,11.07,24.04,151
2026-03-07T06:45:08.383771959Z,3.221,11.08,24.03,151
2026-03-07T07:05:08.313724845Z,3.225,11.06,24.04,151
2026-03-07T07:25:08.270876901Z,3.225,11.05,24.04,151
2026-03-07T07:45:08.190219822Z,3.225,11.09,23.96,151
2026-03-07T08:05:08.133768557Z,3.223,11.15,23.93,150
2026-03-07T08:25:08.033461621Z,3.231,11.26,23.92,151
2026-03-07T08:45:07.965877143Z,3.231,11.4,23.7,151
2026-03-07T09:05:07.742356886Z,3.237,11.79,23.57,151
2026-03-07T09:25:07.815210720Z,3.244,12.29,23.56,151
2026-03-07T09:45:07.733629147Z,3.252,12.8,23.45,151
2026-03-07T10:05:07.653397749Z,3.244,13.27,23.33,151
2026-03-07T10:25:07.568302062Z,3.248,13.63,23.45,151
2026-03-07T10:45:07.500239213Z,3.241,13.83,23.24,151
2026-03-07T11:05:07.472819883Z,3.25,14.24,23.35,150
2026-03-07T11:25:07.330043572Z,3.248,14.24,23.45,150
2026-03-07T11:45:07.251033024Z,3.248,14.19,23.38,150
2026-03-07T12:05:07.178297498Z,3.254,14.14,23.35,149
2026-03-07T12:25:07.097663507Z,3.254,14.11,23.33,148
2026-03-07T12:45:07.015414912Z,3.26,14.14,23.21,148
2026-03-07T13:05:06.551428953Z,3.217,14.43,23.08,148
2026-03-07T13:25:06.456854187Z,3.2,14.92,23.13,147
2026-03-07T13:45:06.775367016Z,3.258,15.35,22.96,148
2026-03-07T14:05:06.700735339Z,3.265,15.88,22.95,148
2026-03-07T14:25:06.621942277Z,3.262,16.19,22.96,147
2026-03-07T14:45:06.524603670Z,3.26,15.97,22.95,146
2026-03-07T15:05:06.455571699Z,3.256,15.8,22.95,145
2026-03-07T15:25:06.367773145Z,3.262,15.87,22.8,145
2026-03-07T15:45:06.331219513Z,3.267,16.04,22.84,143
2026-03-07T16:05:06.222543043Z,3.258,15.76,22.92,143
2026-03-07T16:25:06.141317854Z,3.267,15.83,22.71,142
2026-03-07T16:45:06.052154802Z,3.262,15.68,22.79,141
2026-03-07T17:05:05.975893450Z,3.269,15.47,22.81,141
2026-03-07T17:25:05.880413406Z,3.271,15.26,22.79,140
2026-03-07T17:45:05.802035243Z,3.269,15.06,22.75,139
2026-03-07T18:05:05.722331862Z,3.26,14.86,22.75,139
2026-03-07T18:25:05.500150066Z,3.254,14.65,22.75,138
2026-03-07T18:45:05.570727106Z,3.258,14.45,22.74,137
2026-03-07T19:05:05.507475068Z,3.252,14.24,22.73,137
2026-03-07T19:25:05.416205828Z,3.256,14.04,22.73,136
2026-03-07T19:45:05.350867168Z,3.248,13.9,22.72,136
2026-03-07T20:05:05.334287236Z,3.248,13.73,22.72,135
2026-03-07T20:25:05.221799940Z,3.246,13.63,22.72,135
2026-03-07T20:45:05.118284119Z,3.239,13.48,22.72,135
2026-03-07T21:05:05.068390180Z,3.244,13.33,22.72,134
2026-03-07T21:25:05.005892436Z,3.241,13.22,22.73,134
2026-03-07T21:45:04.927129087Z,3.237,13.11,22.73,133
2026-03-07T22:05:04.837608160Z,3.235,13.01,22.73,133
2026-03-07T22:25:04.759624972Z,3.239,12.91,22.72,133
2026-03-07T22:45:04.700395830Z,3.237,12.84,22.72,133
2026-03-07T23:05:04.626660584Z,3.237,12.77,22.71,132
2026-03-07T23:25:04.564820594Z,3.235,12.7,22.69,132
2026-03-07T23:45:04.476131996Z,3.233,12.6,22.67,131
2026-03-08T00:05:04.407221504Z,3.237,12.51,22.64,132
2026-03-08T00:25:04.331931989Z,3.231,12.49,22.62,131
2026-03-08T00:45:04.265560410Z,3.231,12.4,22.61,131
2026-03-08T01:05:04.188605512Z,3.233,12.38,22.61,131
2026-03-08T01:25:04.117030860Z,3.233,12.29,22.61,131
2026-03-08T01:45:04.046776426Z,3.231,12.19,22.61,130
2026-03-08T02:05:03.998111689Z,3.229,12.08,22.62,130
2026-03-08T02:25:03.910386384Z,3.231,11.99,22.62,130
2026-03-08T02:45:03.845258536Z,3.229,11.97,22.61,130
2026-03-08T03:05:03.769924125Z,3.231,11.88,22.62,129
2026-03-08T03:25:03.684118233Z,3.225,11.83,22.62,129
2026-03-08T03:45:03.610091141Z,3.229,11.77,22.62,129
2026-03-08T04:05:03.551893025Z,3.223,11.68,22.62,129
2026-03-08T04:25:03.488413924Z,3.223,11.64,22.62,128
2026-03-08T04:45:03.429243698Z,3.225,11.56,22.62,128
2026-03-08T05:05:03.347304782Z,3.223,11.46,22.62,128
2026-03-08T05:25:03.290278738Z,3.225,11.36,22.62,128
2026-03-08T05:45:03.214976057Z,3.223,11.27,22.62,128
2026-03-08T06:05:03.140760294Z,3.219,11.15,22.62,127
2026-03-08T06:25:03.078399719Z,3.214,11.05,22.62,127
2026-03-08T06:45:03.007035700Z,3.221,10.96,22.62,127
2026-03-08T07:05:02.945288398Z,3.217,10.92,22.62,127
2026-03-08T07:25:02.869052918Z,3.214,10.84,22.57,127
2026-03-08T07:45:02.799764525Z,3.229,10.85,22.51,127
2026-03-08T08:05:02.329444880Z,3.196,10.95,22.49,127
2026-03-08T08:25:02.648716394Z,3.237,11.15,22.38,127
2026-03-08T08:45:02.559596779Z,3.25,11.48,22.13,127
2026-03-08T09:05:02.489420477Z,3.25,12.09,22,127
2026-03-08T09:25:02.402589126Z,3.254,12.7,21.93,127
2026-03-08T09:45:02.330254205Z,3.25,13.26,21.74,127
2026-03-08T10:05:02.239342276Z,3.256,13.84,21.73,127
2026-03-08T10:25:02.177327672Z,3.262,14.24,21.85,126
2026-03-08T10:45:02.094498823Z,3.256,14.45,21.65,127
2026-03-08T11:05:02.141190259Z,3.252,14.86,21.71,126
2026-03-08T11:25:02.101612739Z,3.256,14.86,21.8,126
2026-03-08T11:45:01.446606202Z,3.198,14.65,21.81,125
2026-03-08T12:05:01.760345571Z,3.26,14.45,21.74,125
2026-03-08T12:25:01.525047823Z,3.26,14.35,21.72,124
2026-03-08T12:45:01.603431305Z,3.258,14.35,21.61,123
2026-03-08T13:05:01.520499914Z,3.26,14.47,21.48,123
2026-03-08T13:25:01.441994093Z,3.273,15.05,21.46,122
2026-03-08T13:45:01.365329022Z,3.269,15.45,21.32,123
2026-03-08T14:05:01.283821982Z,3.267,15.89,21.26,123
2026-03-08T14:25:01.200735083Z,3.267,16.32,21.31,122
2026-03-08T14:45:00.723106562Z,3.212,16.19,21.31,121
2026-03-08T15:05:01.035966513Z,3.269,16.04,21.26,120
2026-03-08T15:25:00.963075203Z,3.267,16.18,21.1,120
2026-03-08T15:45:00.881923189Z,3.262,16.39,21.17,119
2026-03-08T16:05:00.798934019Z,3.273,16.49,20.92,119
2026-03-08T16:25:00.716986616Z,3.265,16.63,21.05,118
2026-03-08T16:45:00.235542062Z,3.214,16.38,21.11,117
2026-03-08T17:05:00.540076206Z,3.271,16.08,21.06,117
2026-03-08T17:25:00.467636885Z,3.269,15.84,21.06,116
2026-03-08T17:45:00.380881972Z,3.267,15.58,21.06,115
2026-03-08T18:05:00.329929196Z,3.265,15.37,21.06,115
2026-03-08T18:25:00.252676904Z,3.262,15.16,21.07,114
2026-03-08T18:45:00.140439760Z,3.258,14.97,21.07,114
2026-03-08T19:05:00.076019216Z,3.258,14.79,21.08,113
2026-03-08T19:25:00.035927332Z,3.254,14.64,21.08,113
2026-03-08T19:44:59.922831817Z,3.254,14.45,21.08,113
2026-03-08T20:04:59.849676874Z,3.25,14.34,21.08,112
2026-03-08T20:24:59.778050761Z,3.252,14.21,21.09,112
2026-03-08T20:44:59.685347209Z,3.248,14.05,21.08,112
2026-03-08T21:04:59.630648306Z,3.25,13.94,21.09,111
2026-03-08T21:24:59.541217006Z,3.241,13.83,21.08,111
2026-03-08T21:44:59.467916292Z,3.25,13.72,21.07,110
2026-03-08T22:04:59.397326076Z,3.246,13.6,21.06,110
2026-03-08T22:24:59.325774417Z,3.244,13.49,21.05,110
2026-03-08T22:44:59.248136068Z,3.244,13.37,21.04,110
2026-03-08T23:04:59.171991654Z,3.241,13.26,21.03,109
2026-03-08T23:24:59.112966121Z,3.239,13.17,21.02,110
2026-03-08T23:44:59.028831564Z,3.239,13.08,21.01,109
2026-03-09T00:04:58.962943077Z,3.235,12.99,21.01,109
2026-03-09T00:24:58.891101596Z,3.237,12.91,21,109
2026-03-09T00:44:58.804648314Z,3.235,12.8,21,108
2026-03-09T01:04:58.741655602Z,3.237,12.7,21,109
2026-03-09T01:24:58.671736117Z,3.237,12.64,21,108
2026-03-09T01:44:58.590023325Z,3.233,12.59,21,108
2026-03-09T02:04:58.529558344Z,3.233,12.5,21,108
2026-03-09T02:24:58.448418476Z,3.235,12.43,21,108
2026-03-09T02:44:58.391790084Z,3.231,12.39,21,107
2026-03-09T03:04:58.315652464Z,3.235,12.29,21,108
2026-03-09T03:24:58.239740595Z,3.233,12.24,21,108
2026-03-09T03:44:58.159509329Z,3.231,12.18,21,107
2026-03-09T04:04:58.104828720Z,3.225,12.07,21.01,107
2026-03-09T04:24:58.020030285Z,3.227,11.97,21.01,106
2026-03-09T04:44:57.961659304Z,3.223,11.87,21.01,106
2026-03-09T05:04:57.885702677Z,3.227,11.77,21.01,107
2026-03-09T05:24:57.811537291Z,3.221,11.72,21.01,106
2026-03-09T05:44:57.756325710Z,3.233,11.67,21.02,106
2026-03-09T06:04:57.684701916Z,3.221,11.57,21.02,106
2026-03-09T06:24:57.623718993Z,3.223,11.49,21.02,106
2026-03-09T06:44:57.550167249Z,3.225,11.44,21.02,106
2026-03-09T07:04:57.496363842Z,3.223,11.36,21.02,106
2026-03-09T07:24:57.410920839Z,3.223,11.26,21.02,106
2026-03-09T07:44:57.340980567Z,3.235,11.26,21.02,106
2026-03-09T08:04:57.255788591Z,3.239,11.36,20.9,106
2026-03-09T08:24:57.180861986Z,3.239,11.46,20.88,105
2026-03-09T08:44:57.106868124Z,3.239,11.77,20.7,106
2026-03-09T09:04:57.031074711Z,3.241,12.22,20.56,106
2026-03-09T09:24:56.547995910Z,3.188,12.7,20.48,106
2026-03-09T09:44:56.868905115Z,3.25,13.22,20.33,106
2026-03-09T10:04:56.784585032Z,3.256,13.73,20.32,106
2026-03-09T10:24:56.711913315Z,3.25,14.05,20.44,105
2026-03-09T10:44:56.632284748Z,3.252,14.41,20.28,106
2026-03-09T11:04:56.548000402Z,3.254,14.78,20.29,106
2026-03-09T11:24:56.480216407Z,3.252,14.85,20.33,105
2026-03-09T11:44:56.395783395Z,3.256,14.76,20.29,105
2026-03-09T12:04:56.306727564Z,3.262,14.76,20.29,105
2026-03-09T12:24:56.072291327Z,3.26,14.76,20.26,104
2026-03-09T12:44:56.157368775Z,3.271,14.83,20.16,104
2026-03-09T13:04:56.063995847Z,3.265,15.06,20.01,104
2026-03-09T13:24:55.980767216Z,3.267,15.67,20,103
2026-03-09T13:44:56.072323862Z,3.265,15.98,19.85,103
2026-03-09T14:04:55.427251831Z,3.256,16.3,19.85,103
2026-03-09T14:24:55.734776658Z,3.271,16.8,19.8,103
2026-03-09T14:44:55.511698032Z,3.271,16.72,19.83,102
2026-03-09T15:04:55.602735717Z,3.271,16.6,19.77,101
2026-03-09T15:24:55.495643129Z,3.271,16.86,19.68,101
2026-03-09T15:44:55.401829421Z,3.273,17.11,19.54,100
2026-03-09T16:04:55.312300792Z,3.273,17.31,19.53,100
2026-03-09T16:24:55.237557377Z,3.269,17.39,19.55,100
2026-03-09T16:44:55.178856592Z,3.271,17.11,19.67,99
2026-03-09T17:04:55.083876723Z,3.277,16.8,19.65,98
2026-03-09T17:24:55.013197113Z,3.275,16.59,19.58,98
2026-03-09T17:44:54.923426058Z,3.265,16.39,19.59,97
2026-03-09T18:04:54.855205047Z,3.267,16.12,19.62,97
2026-03-09T18:24:54.763497107Z,3.267,15.88,19.62,96
2026-03-09T18:44:54.545596975Z,3.26,15.68,19.62,96
2026-03-09T19:04:54.603074151Z,3.258,15.47,19.64,96
2026-03-09T19:24:54.530166757Z,3.254,15.27,19.64,95
2026-03-09T19:44:54.448867809Z,3.254,15.06,19.63,95
2026-03-09T20:04:54.370450586Z,3.254,14.89,19.65,94
2026-03-09T20:24:54.296119903Z,3.248,14.75,19.65,94
2026-03-09T20:44:54.212701512Z,3.252,14.55,19.64,94
2026-03-09T21:04:54.149646318Z,3.25,14.4,19.63,93
2026-03-09T21:24:54.100107850Z,3.252,14.24,19.64,94
2026-03-09T21:44:54.009224488Z,3.241,14.14,19.64,93
2026-03-09T22:04:53.924466337Z,3.254,14.01,19.64,93
2026-03-09T22:24:53.854759944Z,3.241,13.87,19.65,93
2026-03-09T22:44:53.376908763Z,3.184,13.79,19.65,93
2026-03-09T23:04:53.726645428Z,3.237,13.7,19.65,92
2026-03-09T23:24:53.674734106Z,3.241,13.58,19.65,92
2026-03-09T23:44:53.577195725Z,3.239,13.52,19.65,92
2026-03-10T00:04:53.483386177Z,3.239,13.42,19.66,92
2026-03-10T00:24:53.405420042Z,3.244,13.36,19.66,92
2026-03-10T00:44:53.440137129Z,3.244,13.32,19.66,92
2026-03-10T01:04:53.269035122Z,3.239,13.28,19.66,92
2026-03-10T01:24:53.184581713Z,3.237,13.22,19.66,91
2026-03-10T01:44:53.107954875Z,3.237,13.16,19.67,91
2026-03-10T02:04:53.048367474Z,3.237,13.11,19.67,91
2026-03-10T02:24:52.982159292Z,3.235,13.03,19.67,91
2026-03-10T02:44:52.894317567Z,3.237,13.01,19.67,91
2026-03-10T03:04:52.823036307Z,3.235,12.97,19.67,91
2026-03-10T03:24:52.760375437Z,3.237,12.91,19.66,91
2026-03-10T03:44:52.662308002Z,3.239,12.91,19.65,91
2026-03-10T04:04:52.592678559Z,3.237,12.82,19.66,90
2026-03-10T04:24:52.534096650Z,3.237,12.8,19.64,90
2026-03-10T04:44:52.455815751Z,3.235,12.8,19.61,90
2026-03-10T05:04:52.383477875Z,3.235,12.77,19.59,90
2026-03-10T05:24:52.318666767Z,3.239,12.74,19.57,90
2026-03-10T05:44:52.231561610Z,3.235,12.71,19.57,90
2026-03-10T06:04:52.444746020Z,3.235,12.7,19.56,90
2026-03-10T06:24:52.093730463Z,3.235,12.7,19.56,90
2026-03-10T06:44:52.017129772Z,3.229,12.68,19.58,90
2026-03-10T07:04:51.953142880Z,3.233,12.6,19.59,90
2026-03-10T07:24:51.869194101Z,3.227,12.6,19.57,89
2026-03-10T07:44:51.804652812Z,3.233,12.59,19.55,89
2026-03-10T08:04:51.738281427Z,3.233,12.6,19.55,89
2026-03-10T08:24:51.665118705Z,3.235,12.62,19.55,89
2026-03-10T08:44:51.584937927Z,3.235,12.7,19.54,89
2026-03-10T09:04:51.512200722Z,3.237,12.8,19.52,89
2026-03-10T09:24:51.436281128Z,3.231,12.8,19.54,89
2026-03-10T09:44:51.380557762Z,3.237,12.81,19.45,89
2026-03-10T10:04:51.282544084Z,3.239,13.01,19.38,89
2026-03-10T10:24:51.205175334Z,3.244,13.32,19.24,89
2026-03-10T10:44:51.132909484Z,3.246,13.83,19.13,89
2026-03-10T11:04:51.048243671Z,3.248,14.05,19.1,89
2026-03-10T11:24:50.980991954Z,3.25,14.26,19.08,89
2026-03-10T11:44:50.908532475Z,3.25,14.35,19.12,89
2026-03-10T12:04:50.889772449Z,3.252,14.35,19.08,88
2026-03-10T12:24:50.732579579Z,3.25,14.45,19.07,88
2026-03-10T12:44:50.659371466Z,3.256,14.55,19.01,88
2026-03-10T13:04:50.579277123Z,3.254,14.86,18.91,88
2026-03-10T13:24:50.102225604Z,3.19,15.16,18.88,88
2026-03-10T13:44:50.420405943Z,3.256,15.47,18.75,88
2026-03-10T14:04:50.339865091Z,3.256,15.78,18.74,88
2026-03-10T14:24:49.897915184Z,3.246,16.39,18.61,87
2026-03-10T14:44:50.027920064Z,3.254,16.19,18.72,87
2026-03-10T15:04:50.101035663Z,3.262,15.96,18.73,86
2026-03-10T15:24:49.639993763Z,3.208,15.78,18.72,86
2026-03-10T15:44:49.932173641Z,3.262,16.09,18.44,86
2026-03-10T16:04:49.864994288Z,3.265,16.7,18.27,86
2026-03-10T16:24:49.772222326Z,3.265,17,18.4,85
2026-03-10T16:44:49.710355331Z,3.267,16.7,18.44,85
2026-03-10T17:04:49.632381090Z,3.265,16.3,18.57,84
2026-03-10T17:24:49.547020162Z,3.262,15.98,18.58,84
2026-03-10T17:44:49.292092029Z,3.26,15.68,18.59,83
2026-03-10T18:04:49.203845519Z,3.262,15.37,18.59,83
2026-03-10T18:24:49.301281930Z,3.256,15.16,18.6,82
2026-03-10T18:44:49.224086634Z,3.248,14.92,18.62,82
2026-03-10T19:04:49.135742835Z,3.25,14.66,18.63,82
2026-03-10T19:24:49.074664031Z,3.25,14.45,18.64,81
2026-03-10T19:44:49.004418466Z,3.248,14.24,18.65,81
2026-03-10T20:04:48.918572902Z,3.248,14.06,18.66,81
2026-03-10T20:24:48.856428247Z,3.244,13.92,18.67,80
2026-03-10T20:44:48.778595591Z,3.241,13.73,18.67,81
2026-03-10T21:04:48.695139310Z,3.237,13.55,18.68,80
2026-03-10T21:24:48.633358604Z,3.237,13.42,18.69,80
2026-03-10T21:44:48.585335593Z,3.239,13.27,18.69,80
2026-03-10T22:04:48.491210759Z,3.233,13.12,18.7,80
2026-03-10T22:24:48.426281768Z,3.235,13.01,18.7,79
2026-03-10T22:44:48.360463548Z,3.235,12.91,18.71,79
2026-03-10T23:04:48.266327665Z,3.231,12.8,18.71,79
2026-03-10T23:24:48.199740829Z,3.231,12.65,18.72,79
2026-03-10T23:44:48.138626620Z,3.229,12.54,18.72,79
2026-03-11T00:04:48.063472996Z,3.231,12.47,18.73,79
2026-03-11T00:24:47.998020281Z,3.231,12.39,18.73,79
2026-03-11T00:44:47.922184808Z,3.225,12.29,18.73,79
2026-03-11T01:04:47.860665820Z,3.223,12.2,18.74,79
2026-03-11T01:24:47.789949364Z,3.227,12.14,18.74,78
2026-03-11T01:44:47.717611114Z,3.223,12.06,18.74,78
2026-03-11T02:04:47.643845912Z,3.231,11.98,18.74,78
2026-03-11T02:24:47.576045150Z,3.223,11.88,18.75,78
2026-03-11T02:44:47.506432344Z,3.221,11.77,18.75,78
2026-03-11T03:04:47.433481765Z,3.223,11.67,18.76,78
2026-03-11T03:24:47.377588012Z,3.223,11.57,18.76,78
2026-03-11T03:44:47.289114530Z,3.221,11.47,18.77,77
2026-03-11T04:04:47.244179114Z,3.223,11.41,18.77,77
2026-03-11T04:24:47.169576355Z,3.221,11.36,18.77,78
2026-03-11T04:44:47.090122356Z,3.221,11.27,18.77,77
2026-03-11T05:04:47.033758406Z,3.223,11.26,18.74,77
2026-03-11T05:24:46.952048747Z,3.223,11.26,18.7,77
2026-03-11T05:44:46.897867102Z,3.223,11.27,18.67,77
2026-03-11T06:04:46.810336364Z,3.225,11.29,18.65,77
2026-03-11T06:24:46.743614181Z,3.225,11.28,18.64,77
2026-03-11T06:44:46.668337730Z,3.223,11.26,18.66,77
2026-03-11T07:04:46.606159508Z,3.231,11.18,18.7,77
2026-03-11T07:24:46.534314934Z,3.223,11.15,18.67,77
2026-03-11T07:44:46.467495954Z,3.241,11.15,18.64,77
2026-03-11T08:04:46.390015980Z,3.248,11.21,18.64,77
2026-03-11T08:24:46.313543674Z,3.239,11.36,18.53,77
2026-03-11T08:44:46.245105475Z,3.237,11.61,18.24,77
2026-03-11T09:04:46.163217240Z,3.239,12.17,18.15,77
2026-03-11T09:24:46.126532345Z,3.252,12.7,18.13,77
2026-03-11T09:44:46.006995371Z,3.246,13.16,17.98,77
2026-03-11T10:04:45.927148899Z,3.248,13.63,17.95,77
2026-03-11T10:24:45.844417888Z,3.248,14.01,17.96,77
2026-03-11T10:44:45.763407993Z,3.246,14.34,17.78,77
2026-03-11T11:04:45.689702987Z,3.244,14.79,17.9,77
2026-03-11T11:24:45.621479427Z,3.246,14.76,17.91,77
2026-03-11T11:44:45.536015747Z,3.252,14.58,17.94,76
2026-03-11T12:04:45.455880148Z,3.252,14.45,17.92,76
2026-03-11T12:24:45.390591226Z,3.254,14.35,17.92,76
2026-03-11T12:44:45.291497136Z,3.254,14.27,17.92,76
2026-03-11T13:04:45.221864582Z,3.26,14.65,17.61,76
2026-03-11T13:24:45.144823782Z,3.254,15.38,17.58,76
2026-03-11T13:44:45.056766774Z,3.267,15.62,17.57,75
2026-03-11T14:04:44.973151632Z,3.26,15.78,17.56,75
2026-03-11T14:24:44.893206367Z,3.258,16.07,17.52,75
2026-03-11T14:44:44.812753994Z,3.26,15.88,17.55,75
2026-03-11T15:04:44.738359477Z,3.258,15.58,17.57,74
2026-03-11T15:24:44.657870917Z,3.267,15.75,17.41,74
2026-03-11T15:44:44.587450833Z,3.265,16.08,17.24,74
2026-03-11T16:04:44.118210542Z,3.267,16.49,17.21,74
2026-03-11T16:24:44.424040760Z,3.265,16.67,17.23,73
2026-03-11T16:44:44.332003907Z,3.262,16.27,17.38,73
2026-03-11T17:04:44.260104994Z,3.262,15.86,17.4,72
2026-03-11T17:24:44.176103668Z,3.265,15.47,17.42,72
2026-03-11T17:44:44.099622889Z,3.26,15.17,17.43,72
2026-03-11T18:04:44.014422389Z,3.258,14.9,17.45,71
2026-03-11T18:24:43.933926090Z,3.256,14.65,17.45,71
2026-03-11T18:44:43.857267315Z,3.256,14.44,17.46,70
2026-03-11T19:04:43.774024570Z,3.254,14.23,17.45,70
2026-03-11T19:24:43.693364556Z,3.25,14.04,17.45,70
2026-03-11T19:44:43.776419660Z,3.254,13.83,17.43,70
2026-03-11T20:04:43.573382657Z,3.248,13.71,17.41,70
2026-03-11T20:24:43.496121981Z,3.248,13.58,17.46,69
2026-03-11T20:44:43.414281740Z,3.25,13.45,17.49,69
2026-03-11T21:04:43.354545858Z,3.246,13.32,17.5,69
2026-03-11T21:24:43.441263751Z,3.244,13.22,17.53,69
2026-03-11T21:44:43.481574516Z,3.241,13.11,17.53,69
2026-03-11T22:04:43.255579936Z,3.239,13.01,17.54,69
2026-03-11T22:24:43.111711486Z,3.239,12.91,17.55,68
2026-03-11T22:44:43.036694436Z,3.237,12.8,17.55,69
2026-03-11T23:04:42.908213591Z,3.231,12.7,17.56,68
2026-03-11T23:24:42.822062950Z,3.235,12.6,17.56,68
2026-03-11T23:44:42.754973347Z,3.235,12.5,17.57,68
2026-03-12T00:04:42.675920198Z,3.231,12.4,17.57,68
2026-03-12T00:24:42.610751822Z,3.233,12.3,17.58,68
2026-03-12T00:44:42.521657318Z,3.231,12.24,17.58,68
2026-03-12T01:04:42.470768340Z,3.231,12.15,17.58,68
2026-03-12T01:24:42.380412720Z,3.229,11.99,17.59,68
2026-03-12T01:44:42.328176807Z,3.229,11.88,17.6,67
2026-03-12T02:04:42.249383574Z,3.229,11.78,17.6,68
2026-03-12T02:24:42.182500297Z,3.223,11.67,17.61,67
2026-03-12T02:44:42.116826376Z,3.227,11.57,17.61,67
2026-03-12T04:04:41.820498613Z,3.221,11.26,17.63,67
2026-03-12T04:24:41.762651006Z,3.223,11.23,17.63,67
2026-03-12T04:44:41.702222391Z,3.223,11.15,17.65,67
2026-03-12T05:04:41.637592251Z,3.219,11.05,17.65,67
2026-03-12T05:24:41.576871107Z,3.217,16.9,49.6,666
2026-03-12T05:44:41.496833013Z,3.217,17.71,50.59,669
2026-03-12T06:04:41.440367795Z,3.217,17.62,48.67,604
2026-03-12T06:24:41.374057218Z,3.214,16.8,32.63,302
2026-03-12T06:44:41.310744160Z,3.219,15.98,30.63,267
2026-03-12T08:04:41.047777777Z,3.241,14.04,29.07,242
2026-03-12T08:24:40.951593143Z,3.241,13.93,28.73,239
2026-03-12T08:44:40.862109327Z,3.246,14.04,28.13,237
2026-03-12T09:04:40.777865607Z,3.252,14.45,27.88,237
2026-03-12T09:24:40.700472292Z,3.252,14.96,27.77,234
2026-03-12T09:44:40.610020315Z,3.265,15.29,27.52,232
2026-03-12T10:04:40.532492496Z,3.26,15.77,27.41,230
2026-03-12T10:24:40.310389234Z,3.262,15.98,27.41,227
2026-03-12T10:44:39.981588237Z,3.258,16.22,27.16,225
2026-03-12T11:04:40.123263595Z,3.267,16.7,27.18,223
2026-03-12T11:24:39.822935868Z,3.212,16.7,27.13,220
2026-03-12T11:44:40.136881201Z,3.265,16.59,27.05,219
2026-03-12T12:04:40.042662763Z,3.267,16.49,26.91,217
2026-03-12T12:24:39.958873480Z,3.269,16.45,26.79,215
2026-03-12T12:44:39.514307637Z,3.217,16.49,26.66,214
2026-03-12T13:04:39.796959895Z,3.275,16.92,26.35,214
2026-03-12T13:24:39.718834367Z,3.277,17.62,26.31,213
2026-03-12T13:44:39.481396199Z,3.271,17.89,26.22,211
2026-03-12T14:04:39.552689174Z,3.284,18.13,26.16,211
2026-03-12T14:24:39.452411561Z,3.28,18.41,26.06,209
2026-03-12T14:44:39.370315321Z,3.284,18.29,26.03,206
2026-03-12T15:04:39.300276640Z,3.282,18.13,25.94,205
2026-03-12T15:24:38.846865091Z,3.28,18.33,25.71,204
2026-03-12T15:44:39.130000197Z,3.288,18.73,25.57,204
2026-03-12T16:04:39.058880108Z,3.301,19.18,25.44,203
2026-03-12T16:24:38.960334636Z,3.292,19.45,25.47,201
2026-03-12T16:44:38.479725616Z,3.239,19.14,25.58,199
2026-03-12T17:04:38.805762029Z,3.292,18.74,25.56,197
2026-03-12T17:24:38.712678175Z,3.288,18.43,25.48,195
2026-03-12T17:44:38.638727969Z,3.286,18.13,25.44,194
2026-03-12T18:04:38.544582065Z,3.282,17.82,25.43,193
2026-03-12T18:24:38.457110271Z,3.282,17.6,25.43,192
2026-03-12T18:44:38.396118297Z,3.275,17.32,25.42,191
2026-03-12T19:04:38.311657250Z,3.271,17.11,25.41,190
2026-03-12T19:24:38.063804881Z,3.271,16.87,25.4,189
2026-03-12T19:44:38.137417192Z,3.267,16.6,25.4,188
2026-03-12T20:04:38.062956169Z,3.265,16.38,25.34,188
2026-03-12T20:24:37.601474884Z,3.202,16.18,25.31,187
2026-03-12T20:44:37.912914168Z,3.26,15.98,25.28,186
2026-03-12T21:04:37.681533660Z,3.258,15.86,25.28,186
2026-03-12T21:24:37.763046244Z,3.258,15.68,25.28,186
2026-03-12T21:44:37.680298432Z,3.256,15.47,25.27,185
2026-03-12T22:04:37.617197889Z,3.254,15.33,25.27,185
2026-03-12T22:24:37.535859718Z,3.258,15.17,25.27,184
2026-03-12T22:44:37.461875261Z,3.25,15.06,25.27,184
2026-03-12T23:04:37.389616270Z,3.254,14.96,25.25,184
2026-03-12T23:24:37.303394730Z,3.25,14.86,25.25,183
2026-03-12T23:44:37.231930159Z,3.248,14.74,25.26,183
2026-03-13T00:04:37.153026516Z,3.246,14.55,25.26,183
2026-03-13T00:24:37.086749251Z,3.254,14.45,25.25,182
2026-03-13T00:44:37.016744097Z,3.246,14.28,25.25,182
2026-03-13T01:04:36.931659869Z,3.239,14.14,25.25,181
2026-03-13T01:24:36.863197660Z,3.239,13.95,25.24,181
2026-03-13T01:44:36.793707173Z,3.237,13.83,25.21,181
2026-03-13T02:04:36.710946699Z,3.239,13.75,25.13,181
2026-03-13T02:24:36.633832379Z,3.237,13.73,25.13,180
2026-03-13T02:44:36.571720457Z,3.239,13.63,25.13,180
2026-03-13T03:04:36.491328673Z,3.239,13.52,25.13,180
2026-03-13T03:24:36.420988186Z,3.237,13.42,25.13,180
2026-03-13T03:44:36.368765631Z,3.233,13.32,25.12,179
2026-03-13T04:04:36.281198118Z,3.235,13.22,25.12,179
2026-03-13T04:24:36.201068387Z,3.233,13.11,25.12,179
2026-03-13T04:44:36.131738038Z,3.235,13.09,25.12,178
2026-03-13T05:04:36.079252231Z,3.237,13.01,25.12,178
2026-03-13T05:24:36.001939466Z,3.235,12.91,25.11,178
2026-03-13T05:44:35.932639696Z,3.229,12.8,25.09,178
2026-03-13T06:04:35.863121536Z,3.229,12.76,25.02,177
2026-03-13T06:24:35.779753899Z,3.231,12.7,25,177
2026-03-13T06:44:35.712288852Z,3.231,12.7,25,177
2026-03-13T07:04:35.650344858Z,3.233,12.6,25,177
2026-03-13T07:24:35.587387682Z,3.229,12.59,25,176
2026-03-13T07:44:35.500404949Z,3.246,12.6,24.92,177
2026-03-13T08:04:35.412007848Z,3.252,12.7,24.88,177
2026-03-13T08:24:35.328805813Z,3.252,12.91,24.76,177
2026-03-13T08:44:35.252313528Z,3.258,13.32,24.41,178
2026-03-13T09:04:35.173699773Z,3.265,13.94,24.29,179
2026-03-13T09:24:35.094812325Z,3.269,14.65,24.29,178
2026-03-13T09:44:35.047650356Z,3.267,15.16,24.18,178
2026-03-13T10:04:34.911878002Z,3.273,15.59,24.18,177
2026-03-13T10:24:34.847954702Z,3.271,15.88,24.18,177
2026-03-13T10:44:34.763109939Z,3.271,16.35,23.99,177
2026-03-13T11:04:34.676209454Z,3.271,16.9,24.06,176
2026-03-13T11:24:34.432472697Z,3.284,16.84,24.07,175
2026-03-13T11:44:34.502700776Z,3.284,16.77,24.06,174
2026-03-13T12:04:34.419942077Z,3.273,16.7,24.05,173
2026-03-13T12:24:34.340203488Z,3.271,16.7,23.94,173
2026-03-13T12:44:34.257282803Z,3.282,16.8,23.82,172
2026-03-13T13:04:34.172914249Z,3.284,17.31,23.57,172
2026-03-13T13:24:33.932376148Z,3.284,18.02,23.57,171
2026-03-13T13:44:34.032272401Z,3.284,18.23,23.57,170
2026-03-13T14:04:33.791739667Z,3.286,18.43,23.45,170
2026-03-13T14:24:33.857775745Z,3.288,18.66,23.45,169
2026-03-13T14:44:33.764420542Z,3.29,18.53,23.45,168
2026-03-13T15:04:33.673633426Z,3.29,18.43,23.37,167
2026-03-13T15:24:33.201116473Z,3.288,18.73,23.2,166
2026-03-13T15:44:33.497024174Z,3.288,19,23.08,166
2026-03-13T16:04:33.429168829Z,3.292,19.55,22.94,165
2026-03-13T16:24:33.331572879Z,3.292,19.65,23.07,164
2026-03-13T16:44:33.103714943Z,3.292,19.3,23.19,162
2026-03-13T17:04:33.180459604Z,3.292,18.9,23.19,161
2026-03-13T17:24:33.082407104Z,3.29,18.53,23.14,160
2026-03-13T17:44:33.018266157Z,3.284,18.23,23.08,159
2026-03-13T18:04:32.924312942Z,3.282,17.99,23.07,158
2026-03-13T18:24:32.841089255Z,3.275,17.72,23.07,157
2026-03-13T18:44:32.768795573Z,3.275,17.51,23.07,156
2026-03-13T19:04:32.681624734Z,3.271,17.31,23.07,155
2026-03-13T19:24:32.594630541Z,3.269,17.11,23.07,154
2026-03-13T19:44:32.649227623Z,3.265,16.9,23.07,154
2026-03-13T20:04:32.498193468Z,3.265,16.7,23.06,153
2026-03-13T20:24:32.372947607Z,3.265,16.53,23.03,152
2026-03-13T20:44:32.278998222Z,3.265,16.39,22.99,152
2026-03-13T21:04:32.387836674Z,3.26,16.28,22.97,152
2026-03-13T21:24:32.263589206Z,3.26,16.14,22.96,151
2026-03-13T21:44:32.240975412Z,3.256,15.99,22.95,150
2026-03-13T22:04:32.072837444Z,3.258,15.88,22.95,150
2026-03-13T22:24:32.049910529Z,3.258,15.78,22.95,150
2026-03-13T22:44:31.923381195Z,3.252,15.65,22.95,149
2026-03-13T23:04:31.796577238Z,3.252,15.51,22.96,149
2026-03-13T23:24:31.683843984Z,3.252,15.38,22.96,148
2026-03-13T23:44:31.590938290Z,3.25,15.27,22.96,148
2026-03-14T00:04:31.520617341Z,3.25,15.17,22.96,148
2026-03-14T00:24:31.441837326Z,3.248,15.16,22.93,148
2026-03-14T00:44:31.368012381Z,3.25,15.11,22.93,148
2026-03-14T01:04:31.283394624Z,3.248,15.06,22.89,147
2026-03-14T01:24:31.234336436Z,3.248,15.01,22.89,147
2026-03-14T01:44:31.128803751Z,3.254,14.96,22.87,147
2026-03-14T02:04:31.067319006Z,3.239,14.86,22.87,146
2026-03-14T02:24:30.983702994Z,3.241,14.78,22.84,145
2026-03-14T02:44:30.903159704Z,3.244,14.75,22.84,144
2026-03-14T03:04:30.843288702Z,3.241,14.65,22.84,144
2026-03-14T03:24:30.759122123Z,3.241,14.55,22.84,144
2026-03-14T03:44:30.696046125Z,3.25,14.45,22.84,143
2026-03-14T04:04:30.618739699Z,3.239,14.34,22.84,143
2026-03-14T04:24:30.548414415Z,3.239,14.24,22.84,143
2026-03-14T04:44:30.607556786Z,3.248,14.14,22.84,143
2026-03-14T05:04:30.403061549Z,3.241,14.04,22.84,142
2026-03-14T05:24:30.319395323Z,3.235,13.91,22.84,142
2026-03-14T05:44:30.274027556Z,3.235,13.79,22.84,142
2026-03-14T06:04:30.197417340Z,3.233,13.7,22.83,141
2026-03-14T06:24:30.126123938Z,3.237,13.63,22.8,142
2026-03-14T06:44:30.058341104Z,3.235,13.57,22.75,141
2026-03-14T07:04:29.967156142Z,3.237,13.53,22.73,141
2026-03-14T07:24:29.924092744Z,3.231,13.52,22.72,141
2026-03-14T07:44:29.821698763Z,3.235,13.52,22.72,141
2026-03-14T08:04:29.768588196Z,3.237,13.49,22.72,141
2026-03-14T08:24:29.675121587Z,3.239,13.52,22.61,141
2026-03-14T08:44:29.603184330Z,3.239,13.72,22.47,141
2026-03-14T09:04:29.509892494Z,3.248,14.04,22.27,141
2026-03-14T09:24:29.447263985Z,3.25,14.55,22.23,141
2026-03-14T09:44:29.351220105Z,3.252,14.96,22.14,141
2026-03-14T10:04:29.143051213Z,3.262,15.47,22.08,141
2026-03-14T10:24:28.807400994Z,3.198,15.78,22.12,140
2026-03-14T10:44:28.737787677Z,3.202,15.98,22.09,140
2026-03-14T11:04:29.029941860Z,3.258,16.09,22.08,140
2026-03-14T11:24:28.965705939Z,3.256,16.2,22.08,139
2026-03-14T11:44:28.884087870Z,3.262,16.29,22.06,139
2026-03-14T12:04:28.808694389Z,3.26,16.36,22.03,138
2026-03-14T12:24:28.865838909Z,3.26,16.34,21.95,138
2026-03-14T12:44:28.635597416Z,3.265,16.39,21.85,137
2026-03-14T13:04:28.552008125Z,3.269,17.11,21.6,138
2026-03-14T13:24:28.303032405Z,3.265,17.92,21.63,137
2026-03-14T13:44:28.259890669Z,3.267,18.02,21.67,136
2026-03-14T14:04:28.316343478Z,3.269,17.98,21.56,136
2026-03-14T14:24:28.237917731Z,3.271,18.13,21.54,135
2026-03-14T14:44:27.990583127Z,3.275,17.94,21.54,134
2026-03-14T15:04:28.051307762Z,3.273,17.82,21.53,133
2026-03-14T15:24:27.983865496Z,3.273,18.02,21.38,133
2026-03-14T15:44:27.888505952Z,3.273,18.24,21.27,132
2026-03-14T16:04:27.416412139Z,3.273,18.77,21.03,132
2026-03-14T16:24:27.741086154Z,3.28,18.84,21.13,131
2026-03-14T16:44:27.798294653Z,3.282,18.48,21.27,129
2026-03-14T17:04:27.554349089Z,3.288,18.13,21.28,129
2026-03-14T17:24:27.481990689Z,3.277,17.82,21.28,128
2026-03-14T17:44:27.387327057Z,3.275,17.59,21.25,127
2026-03-14T18:04:26.918413430Z,3.217,17.32,21.22,126
2026-03-14T18:24:27.224476177Z,3.273,17.11,21.19,125
2026-03-14T18:44:27.154311953Z,3.269,16.9,21.17,125
2026-03-14T19:04:27.079778895Z,3.265,16.7,21.17,124
2026-03-14T19:24:26.991518249Z,3.262,16.49,21.17,123
2026-03-14T19:44:26.933938078Z,3.26,16.29,21.18,123
2026-03-14T20:04:26.848598431Z,3.26,16.09,21.18,122
2026-03-14T20:24:26.760111459Z,3.256,15.91,21.18,122
2026-03-14T20:44:26.681493396Z,3.256,15.78,21.19,122
2026-03-14T21:04:26.627972414Z,3.256,15.62,21.19,121
2026-03-14T21:24:26.529953882Z,3.254,15.47,21.19,121
2026-03-14T21:44:26.455595419Z,3.254,15.37,21.17,120
2026-03-14T22:04:26.382129600Z,3.248,15.24,21.15,120
2026-03-14T22:24:26.300032813Z,3.248,15.09,21.14,119
2026-03-14T22:44:26.218586335Z,3.246,14.97,21.11,119
2026-03-14T23:04:26.327536916Z,3.25,14.86,21.1,119
2026-03-14T23:24:26.079023990Z,3.254,14.76,21.09,119
2026-03-14T23:44:26.017370130Z,3.246,14.65,21.09,118
2026-03-15T00:04:25.925166410Z,3.246,14.56,21.08,118
2026-03-15T00:24:25.847097235Z,3.244,14.49,21.08,118
2026-03-15T00:44:25.776500355Z,3.244,14.43,21.09,118
2026-03-15T01:04:25.702508681Z,3.237,14.34,21.09,117
2026-03-15T01:24:25.625845010Z,3.244,14.24,21.22,118
2026-03-15T01:44:25.560453433Z,3.244,14.14,21.09,117
2026-03-15T02:04:25.471392913Z,3.239,14.02,21.09,117
2026-03-15T02:24:25.437924703Z,3.239,13.93,21.09,116
2026-03-15T02:44:25.334390185Z,3.239,13.83,21.1,116
2026-03-15T03:04:25.269295326Z,3.237,13.73,21.1,116
2026-03-15T03:24:25.212198568Z,3.237,13.73,21.1,116
2026-03-15T03:44:25.106428185Z,3.237,13.63,21.1,116
2026-03-15T04:04:25.032928609Z,3.237,13.54,21.09,115
2026-03-15T04:24:24.982436137Z,3.237,13.5,21.09,115
2026-03-15T04:44:24.910015010Z,3.244,13.42,21.07,115
2026-03-15T05:04:24.812783801Z,3.237,13.32,21.05,115
2026-03-15T05:24:24.771853553Z,3.235,16.66,49.78,674
2026-03-15T05:44:24.681260297Z,3.235,17.59,50.82,675
2026-03-15T06:04:24.614248758Z,3.237,17.62,49.21,616
2026-03-15T06:24:24.534377532Z,3.233,17.11,32.87,304
2026-03-15T06:44:24.453406550Z,3.235,16.5,30.49,264
2026-03-15T07:04:24.394612613Z,3.233,15.99,29.73,251
2026-03-15T07:24:24.314150824Z,3.233,15.66,29.29,245
2026-03-15T07:44:24.235953228Z,3.239,15.37,28.99,239
2026-03-15T08:04:24.169604725Z,3.246,15.17,28.71,235
2026-03-15T08:24:24.098153263Z,3.246,15.06,28.44,232
2026-03-15T08:44:23.999623290Z,3.241,14.96,28.17,229
2026-03-15T09:04:23.949924591Z,3.248,15.06,27.78,228
2026-03-15T09:24:23.872183207Z,3.25,15.37,27.65,226
2026-03-15T09:44:23.763503350Z,3.254,15.69,27.4,225
2026-03-15T10:04:23.690684299Z,3.254,16.25,27.26,223
2026-03-15T10:24:23.612420823Z,3.256,16.49,27.27,220
2026-03-15T10:44:23.551452212Z,3.254,16.8,27.04,219
2026-03-15T11:04:23.463041532Z,3.252,17.11,27.04,216
2026-03-15T11:24:23.377433783Z,3.254,17.02,26.94,214
2026-03-15T11:44:23.296013397Z,3.26,16.9,26.9,212
2026-03-15T12:04:22.555009481Z,3.208,16.7,26.79,210
2026-03-15T12:24:23.130236328Z,3.262,16.66,26.66,209
2026-03-15T12:44:23.044647467Z,3.267,16.7,26.46,209
2026-03-15T13:04:22.962547114Z,3.269,17.42,26.24,209
2026-03-15T13:24:22.886712649Z,3.28,18.13,26.19,208
2026-03-15T13:44:22.796004192Z,3.273,18.39,26.14,205
2026-03-15T14:04:22.559142607Z,3.275,18.27,26.07,204
2026-03-15T14:24:22.640719902Z,3.271,18.33,25.95,202
2026-03-15T14:44:22.558310663Z,3.275,18.13,25.94,201
2026-03-15T15:04:22.453978762Z,3.277,17.97,25.81,198
2026-03-15T15:24:21.997664754Z,3.271,18.02,25.69,198
2026-03-15T15:44:22.300577316Z,3.288,18.28,25.48,198
2026-03-15T16:04:22.240441425Z,3.288,18.74,25.37,196
2026-03-15T16:24:22.133595025Z,3.282,18.74,25.45,195
2026-03-15T16:44:22.053499937Z,3.284,18.5,25.45,193
2026-03-15T17:04:21.808089990Z,3.284,18.23,25.39,191
2026-03-15T17:24:21.876207810Z,3.288,18.02,25.31,190
2026-03-15T17:44:21.795988313Z,3.28,17.82,25.31,189
2026-03-15T18:04:21.712677476Z,3.275,17.67,25.29,188
2026-03-15T18:24:21.624129389Z,3.273,17.51,25.22,187
2026-03-15T18:44:21.554666113Z,3.271,17.36,25.18,186
2026-03-15T19:04:21.092996764Z,3.214,17.21,25.18,185
2026-03-15T19:24:21.225192204Z,3.267,17.02,25.17,185
2026-03-15T19:44:21.304371983Z,3.267,16.9,25.17,184
2026-03-15T20:04:21.223779623Z,3.265,16.74,25.16,183
2026-03-15T20:24:21.162497806Z,3.262,16.6,25.13,183
2026-03-15T20:44:21.074637181Z,3.265,16.49,25.09,182
2026-03-15T21:04:20.618644225Z,3.204,16.38,25.06,182
2026-03-15T21:24:20.915086306Z,3.258,16.23,25.05,181
2026-03-15T21:44:20.844018790Z,3.256,16.09,25.04,181
2026-03-15T22:04:20.761119408Z,3.265,15.98,25.04,180
2026-03-15T22:24:20.683350531Z,3.256,15.88,25.03,180
2026-03-15T22:44:20.602598883Z,3.248,15.78,25.03,180
2026-03-15T23:04:20.541624873Z,3.252,15.68,25.03,179
2026-03-15T23:24:20.459623788Z,3.25,15.57,25.03,179
2026-03-15T23:44:20.390468822Z,3.246,15.47,25.03,179
2026-03-16T00:04:20.299997044Z,3.248,15.36,25.02,178
2026-03-16T00:24:20.220941955Z,3.248,15.25,25.01,178
2026-03-16T00:44:20.152259454Z,3.25,15.15,25,178
2026-03-16T01:04:20.082468133Z,3.254,15.04,24.98,177
2026-03-16T01:24:19.996077024Z,3.248,14.95,24.95,177
2026-03-16T01:44:19.934529829Z,3.248,14.86,24.93,177
2026-03-16T02:04:19.842083312Z,3.246,14.76,25.02,177
2026-03-16T02:24:19.780512313Z,3.252,14.68,24.9,176
2026-03-16T02:44:19.715576471Z,3.244,14.62,24.9,175
2026-03-16T03:04:19.619960376Z,3.244,14.55,24.9,175
2026-03-16T03:24:19.549487378Z,3.237,14.45,24.9,175
2026-03-16T03:44:19.461490583Z,3.241,14.41,24.9,175
2026-03-16T04:04:19.391411924Z,3.241,14.35,24.89,174
2026-03-16T04:24:19.336512666Z,3.237,14.24,24.89,174
2026-03-16T12:44:17.459568869Z,3.282,17.71,23.7,169
2026-03-16T13:04:17.285775307Z,3.277,18.61,23.45,170
2026-03-16T13:24:17.200384118Z,3.282,19.26,23.45,169
2026-03-16T13:44:17.120163288Z,3.282,19.64,23.45,168
2026-03-16T14:04:17.028257531Z,3.286,19.64,23.45,167
2026-03-16T14:24:16.951939218Z,3.286,19.65,23.44,166
2026-03-18T17:06:27.461823218Z,3.299,19.25,19.1,100
2026-03-18T17:26:26.007866263Z,3.292,18.98,19.05,98
2026-03-18T17:46:25.850193632Z,3.286,18.74,19.06,98
2026-03-18T18:06:25.780238317Z,3.288,18.47,18.99,97
2026-03-18T18:26:25.360687546Z,3.282,18.25,18.94,96
2026-03-18T18:46:25.599479153Z,3.282,18.05,18.94,95
2026-03-18T19:06:25.517455032Z,3.28,17.83,18.95,95
2026-03-18T19:26:25.133985077Z,3.28,17.63,18.96,94
2026-03-18T19:46:25.356817566Z,3.28,17.47,18.95,94
2026-03-18T20:06:25.276505300Z,3.275,17.31,18.94,93
2026-03-18T20:26:25.193177779Z,3.273,17.19,18.97,93
2026-03-18T20:46:25.101944253Z,3.271,17.05,18.97,93
2026-03-18T21:06:25.030632830Z,3.262,16.91,18.98,92
2026-03-18T21:26:24.953212751Z,3.258,16.8,18.98,92
2026-03-18T22:26:24.712166053Z,3.258,16.49,18.98,91
2026-03-18T22:46:24.656059390Z,3.26,16.39,18.98,91
2026-03-18T23:06:24.565578878Z,3.258,16.29,18.99,90
2026-03-18T23:26:24.501252315Z,3.256,16.18,18.99,90
2026-03-18T23:46:24.405305655Z,3.256,16.06,18.99,90
2026-03-19T00:06:24.327281287Z,3.254,15.94,18.99,90
2026-03-19T00:26:24.272563407Z,3.256,15.86,18.96,89
2026-03-19T00:46:24.182111220Z,3.25,15.78,18.95,89
2026-03-19T01:06:24.095598341Z,3.252,15.68,18.94,89
2026-03-19T01:26:24.026140103Z,3.25,15.58,18.92,89
2026-03-19T01:46:23.949797085Z,3.254,15.56,18.9,89
2026-03-19T02:06:23.863823439Z,3.254,15.47,18.9,89
2026-03-19T02:26:23.798061892Z,3.248,15.41,18.9,88
2026-03-19T02:46:23.703502340Z,3.254,15.37,18.9,88
2026-03-19T03:06:23.634608165Z,3.246,15.29,18.9,88
2026-03-19T03:26:23.562456105Z,3.248,15.25,18.9,88
2026-03-19T03:46:23.484641372Z,3.25,15.16,18.9,88
2026-03-19T04:06:23.421664188Z,3.241,15.1,18.91,88
2026-03-19T04:26:23.419601093Z,3.248,15.06,18.91,87
2026-03-19T04:46:23.254778741Z,3.248,15.01,18.91,87
2026-03-19T05:06:23.172595047Z,3.248,14.97,18.91,87
2026-03-19T05:26:23.104935755Z,3.248,18.13,49.36,661
2026-03-19T05:46:23.036002999Z,3.241,18.52,49.71,653
2026-03-19T06:06:22.959507624Z,3.246,18.53,49.96,647
2026-03-19T06:26:22.889710671Z,3.252,18.43,50.11,642
2026-03-19T06:46:22.805122053Z,3.241,18.12,35.47,343
2026-03-19T08:06:22.522015616Z,3.25,16.91,29.1,243
2026-03-19T08:26:22.417194178Z,3.246,16.9,28.79,239
2026-03-19T08:46:22.345506104Z,3.25,16.89,28.65,235
2026-03-19T09:06:22.272067021Z,3.25,16.8,28.4,232
2026-03-19T09:26:22.192515680Z,3.254,16.8,28.23,230
2026-03-19T09:46:21.760481600Z,3.252,16.85,27.95,228
2026-03-19T10:06:22.024240955Z,3.258,17.21,27.61,226
2026-03-19T10:26:21.934283575Z,3.258,17.61,27.53,223
2026-03-19T10:46:21.861956926Z,3.265,17.92,27.22,221
2026-03-19T11:06:21.774529092Z,3.262,18.17,27.22,219
2026-03-19T11:26:21.332132137Z,3.265,18.23,27.09,216
2026-03-19T11:46:21.624079601Z,3.269,18.23,26.97,214
2026-03-19T12:06:21.182292158Z,3.267,18.23,26.84,212
2026-03-19T12:26:21.454512235Z,3.269,18.24,26.71,210
2026-03-19T12:46:21.373443718Z,3.271,18.63,26.46,211
2026-03-19T13:06:21.296452172Z,3.277,19.35,26.25,209
2026-03-19T13:26:20.628654311Z,3.275,20.06,26.23,208
2026-03-19T13:46:20.777978611Z,3.28,20.16,26.12,205
2026-03-19T14:06:20.709956329Z,3.28,19.96,26.11,203
2026-03-19T14:26:20.613575393Z,3.28,19.76,26.01,201
2026-03-19T14:46:20.881814685Z,3.277,19.55,25.97,199
2026-03-19T15:06:20.793634995Z,3.277,19.43,25.85,197
2026-03-19T15:26:20.719877200Z,3.271,19.25,25.84,196
2026-03-19T15:46:20.622130558Z,3.273,19.04,25.8,194
2026-03-19T16:06:20.531591612Z,3.269,18.84,25.71,193
2026-03-19T16:26:20.451086103Z,3.273,18.64,25.7,192
2026-03-19T16:46:19.793403686Z,3.271,18.49,25.69,191
2026-03-19T17:06:19.716378294Z,3.262,18.33,25.62,190
2026-03-19T17:26:20.214212064Z,3.262,18.23,25.57,190
2026-03-19T17:46:20.130875504Z,3.262,18.07,25.56,190
2026-03-19T18:06:20.060753543Z,3.267,17.92,25.56,189
2026-03-19T18:26:19.966617544Z,3.267,17.82,25.56,188
2026-03-19T18:46:19.885460591Z,3.26,17.72,25.56,188
2026-03-19T19:06:19.824772001Z,3.26,17.57,25.55,187
2026-03-19T19:26:19.750154071Z,3.258,17.44,25.53,187
2026-03-19T19:46:19.671018742Z,3.258,17.32,25.49,187
2026-03-19T20:06:19.586731275Z,3.258,17.24,25.44,186
2026-03-19T20:26:19.515984992Z,3.256,17.2,25.42,186
2026-03-19T20:46:19.432522449Z,3.262,17.11,25.42,186
2026-03-19T21:06:19.356045137Z,3.262,17.02,25.42,185
2026-03-19T21:26:19.265201630Z,3.254,16.98,25.42,185
2026-03-19T21:46:19.184677666Z,3.254,16.9,25.4,185
2026-03-19T22:06:18.530025359Z,3.256,16.81,25.35,185
2026-03-19T22:26:19.029627375Z,3.256,16.8,25.32,184
2026-03-19T22:46:18.947280972Z,3.252,16.7,25.3,184
2026-03-19T23:06:18.881923307Z,3.254,16.66,25.29,184
2026-03-19T23:26:18.816838141Z,3.254,16.6,25.29,184
2026-03-19T23:46:18.708663916Z,3.252,16.49,25.29,183
2026-03-20T00:06:18.640086620Z,3.25,16.45,25.29,183
2026-03-20T00:26:18.564197423Z,3.252,16.39,25.28,183
2026-03-20T00:46:18.486058447Z,3.25,16.33,25.26,182
2026-03-20T01:06:18.400996419Z,3.256,16.29,25.2,182
2026-03-20T01:26:18.325067644Z,3.252,16.21,25.17,182
2026-03-20T01:46:18.245285496Z,3.254,16.19,25.16,181
2026-03-20T02:06:18.167315625Z,3.248,16.15,25.16,181
2026-03-20T02:26:18.097362696Z,3.25,16.08,25.16,181
2026-03-20T02:46:18.014209761Z,3.25,16.02,25.16,181
2026-03-20T03:06:17.945013665Z,3.25,15.98,25.16,180
2026-03-20T03:26:17.857665274Z,3.252,15.89,25.16,180
2026-03-20T03:46:17.773985078Z,3.25,15.8,25.16,180
2026-03-20T04:06:17.718751800Z,3.248,15.71,25.15,179
2026-03-20T04:26:17.636964294Z,3.254,15.61,25.14,179
2026-03-20T04:46:17.556890685Z,3.246,15.51,25.12,179
2026-03-20T05:06:17.494876129Z,3.246,15.41,25.07,178
2026-03-20T05:26:17.414355937Z,3.246,15.32,25.04,178
2026-03-20T05:46:17.336610230Z,3.248,15.2,25.03,178
2026-03-20T06:06:17.253983305Z,3.244,15.11,25.02,177
2026-03-20T06:26:17.175188506Z,3.241,15.03,25.02,177
2026-03-20T06:46:17.097574665Z,3.246,14.96,25.02,176
2026-03-20T07:06:17.026069402Z,3.248,14.86,24.99,176
2026-03-20T07:26:16.945699091Z,3.246,14.86,24.91,176
2026-03-20T07:46:16.865461404Z,3.248,14.83,24.9,175
2026-03-20T08:06:16.802408983Z,3.248,14.76,24.9,176
2026-03-20T08:26:16.717599096Z,3.248,14.8,24.79,175
2026-03-20T08:46:16.634190880Z,3.25,14.87,24.78,175
2026-03-20T09:06:16.218083921Z,3.252,14.97,24.66,174
2026-03-20T09:26:16.477711042Z,3.254,15.23,24.54,174
2026-03-20T09:46:16.394045518Z,3.258,15.53,24.42,174
2026-03-20T10:06:15.745753764Z,3.254,15.88,24.41,174
2026-03-20T10:26:16.232268391Z,3.26,16.19,24.3,173
2026-03-20T10:46:16.158016095Z,3.267,16.61,24.15,173
2026-03-20T11:06:16.074743428Z,3.267,17.1,24.18,172
2026-03-20T11:26:15.615764180Z,3.271,17.3,24.09,171
2026-03-20T11:46:15.322566048Z,3.275,17.41,24.07,170
2026-03-20T12:06:15.826764898Z,3.277,17.62,23.94,170
2026-03-20T12:26:15.738228861Z,3.271,17.72,23.94,168
2026-03-20T12:46:15.316473491Z,3.28,17.72,23.91,167
2026-03-20T13:06:15.567275222Z,3.277,17.73,23.82,166
2026-03-20T13:26:15.481951031Z,3.277,17.82,23.79,165
2026-03-20T13:46:15.445240441Z,3.286,17.82,23.7,165
2026-03-20T14:06:15.366413255Z,3.273,17.82,23.7,163
2026-03-20T14:26:15.354176329Z,3.284,17.74,23.7,163
2026-03-20T14:46:15.229499983Z,3.275,17.72,23.69,162
2026-03-20T15:06:15.145685134Z,3.273,17.62,23.7,162
2026-03-20T15:26:15.091931183Z,3.271,17.62,23.66,161
2026-03-20T15:46:14.933325368Z,3.269,17.6,23.6,161
2026-03-20T16:06:14.830822407Z,3.269,17.52,23.57,160
2026-03-20T16:26:14.421079002Z,3.267,17.51,23.57,160
2026-03-20T16:46:14.337104638Z,3.269,17.55,23.48,159
2026-03-20T17:06:14.586730137Z,3.275,17.61,23.45,159
2026-03-20T17:26:14.503720218Z,3.277,17.61,23.45,158
2026-03-20T17:46:14.424560645Z,3.277,17.53,23.43,158
2026-03-20T18:06:14.344140687Z,3.271,17.51,23.37,157
2026-03-20T18:26:14.269186099Z,3.269,17.47,23.35,156
2026-03-20T18:46:14.195704526Z,3.267,17.41,23.33,156
2026-03-20T19:06:14.181821499Z,3.265,17.31,23.32,155
2026-03-20T19:26:14.012524888Z,3.267,17.21,23.32,155
2026-03-20T19:46:13.949016809Z,3.265,17.11,23.32,154
2026-03-20T20:06:13.859555104Z,3.262,17,23.32,154
2026-03-20T20:26:13.782695266Z,3.26,16.9,23.32,154
2026-03-20T20:46:13.702348168Z,3.262,16.8,23.32,153
2026-03-20T21:06:13.616809641Z,3.256,16.7,23.32,153
2026-03-20T21:26:13.537940251Z,3.256,16.6,23.32,152
2026-03-20T21:46:13.466856928Z,3.256,16.55,23.31,152
2026-03-20T22:06:13.392994816Z,3.254,16.49,23.28,152
2026-03-20T22:26:12.481884895Z,3.254,16.42,23.28,151
2026-03-20T22:46:12.890389531Z,3.258,16.39,23.24,151
2026-03-20T23:06:13.142505981Z,3.254,16.3,23.23,152
2026-03-20T23:26:13.063585685Z,3.252,16.27,23.24,151
2026-03-20T23:46:13.011714063Z,3.256,16.18,23.24,151
2026-03-21T00:06:12.918724447Z,3.254,16.08,23.22,150
2026-03-21T00:26:12.835236574Z,3.25,16.03,23.2,150
2026-03-21T00:46:12.764561822Z,3.254,15.98,23.2,150
2026-03-21T01:06:12.690292911Z,3.254,15.93,23.2,150
2026-03-21T01:26:12.622505590Z,3.252,15.88,23.2,150
2026-03-21T01:46:12.524224063Z,3.256,15.82,23.2,149
2026-03-21T02:06:12.446765760Z,3.252,15.78,23.2,149
2026-03-21T02:26:12.374180644Z,3.252,15.78,23.2,149
2026-03-21T02:46:12.297228839Z,3.252,15.78,23.2,149
2026-03-21T03:06:12.211759107Z,3.254,15.73,24.44,167
2026-03-21T03:26:12.137561975Z,3.25,15.67,24.59,170
2026-03-21T03:46:12.061933304Z,3.25,15.57,24.54,170
2026-03-21T04:06:11.399582772Z,3.248,15.57,24.48,169
2026-03-21T04:26:11.902124234Z,3.246,15.47,24.42,168
2026-03-21T04:46:11.818769585Z,3.246,15.47,24.42,168
2026-03-21T05:06:11.738965375Z,3.248,15.47,24.42,169
2026-03-21T05:26:11.669703903Z,3.244,15.47,24.42,169
2026-03-21T05:46:11.591769189Z,3.25,15.47,24.42,168
2026-03-21T06:06:11.523230387Z,3.25,15.39,24.54,170
2026-03-21T06:26:11.442099894Z,3.246,15.37,24.59,171
2026-03-21T06:46:11.358991732Z,3.246,15.34,25.52,183
2026-03-21T07:06:11.307118195Z,3.248,15.26,29.27,231
2026-03-21T07:26:11.208952346Z,3.248,15.17,29.41,235
2026-03-21T07:46:10.809438240Z,3.246,15.16,29.69,237
2026-03-21T08:06:11.048965107Z,3.248,15.16,29.26,233
2026-03-21T08:26:10.981376404Z,3.25,15.16,29.54,235
2026-03-21T08:46:10.905107111Z,3.254,15.16,29.46,233
2026-03-21T09:06:10.817676544Z,3.248,15.18,29.24,229
2026-03-21T09:26:10.752214395Z,3.248,15.24,29.81,234
2026-03-21T09:46:11.005239160Z,3.25,15.29,29.42,231
2026-03-21T10:06:10.589822052Z,3.254,15.53,29,227
2026-03-21T10:26:10.508043584Z,3.256,15.96,28.82,225
2026-03-21T10:46:10.423335197Z,3.256,16.09,28.61,222
2026-03-21T11:06:10.347111028Z,3.26,16.29,28.38,220
2026-03-21T11:26:10.262217726Z,3.26,16.55,28.22,218
2026-03-21T11:46:10.184257218Z,3.265,16.79,28.06,216
2026-03-21T12:06:10.110349730Z,3.273,16.9,27.96,213
2026-03-21T12:26:10.021822868Z,3.262,16.9,27.97,212
2026-03-21T12:46:09.938077098Z,3.26,16.94,27.84,213
2026-03-21T13:06:09.864196274Z,3.262,17.12,27.84,212
2026-03-21T13:26:09.793015507Z,3.265,17.2,27.72,210
2026-03-21T13:46:09.699875608Z,3.262,17.15,28.52,217
2026-03-21T14:06:09.617085874Z,3.262,17.11,29.07,225
2026-03-21T14:26:09.569332048Z,3.265,17.21,28.91,224
2026-03-21T14:46:09.452430711Z,3.265,17.31,28.66,221
2026-03-21T15:06:09.032847435Z,3.267,17.41,28.53,219
2026-03-21T15:26:09.301439688Z,3.277,17.51,28.26,218
2026-03-21T15:46:09.206346348Z,3.273,17.62,28.13,215
2026-03-21T16:06:09.131037482Z,3.267,17.62,28,213
2026-03-21T16:26:09.043961827Z,3.273,17.71,27.86,211
2026-03-21T16:46:08.965716629Z,3.273,17.81,27.74,209
2026-03-21T17:06:08.892860844Z,3.267,17.72,27.61,208
2026-03-21T17:26:08.791996157Z,3.277,17.72,27.59,206
2026-03-21T17:46:08.730251690Z,3.269,17.62,27.47,205
2026-03-21T18:06:08.654951172Z,3.267,17.52,27.46,203
2026-03-21T18:26:08.556515472Z,3.258,17.41,27.39,202
2026-03-21T18:46:08.487027766Z,3.26,17.31,27.33,201
2026-03-21T19:06:08.397645455Z,3.265,17.2,27.28,200
2026-03-21T19:26:08.347012438Z,3.258,17.06,27.19,199
2026-03-21T19:46:08.241390633Z,3.258,16.92,27.18,198
2026-03-21T20:06:08.161031224Z,3.256,16.81,27.13,197
2026-03-21T20:26:08.094785275Z,3.256,16.7,27.05,197
2026-03-21T20:46:08.004329666Z,3.256,16.6,27.05,196
2026-03-21T21:06:07.926819274Z,3.256,16.5,27.04,195
2026-03-21T21:26:07.850629718Z,3.254,16.4,27.04,195
2026-03-21T21:46:07.764009520Z,3.254,16.29,27.03,194
2026-03-21T22:06:07.696995267Z,3.252,16.19,26.97,194
2026-03-21T22:26:07.617544512Z,3.25,16.09,26.94,194
2026-03-21T22:46:07.184388718Z,3.248,15.98,26.9,193
2026-03-21T23:06:07.464688826Z,3.252,15.9,26.9,193
2026-03-21T23:26:07.398194402Z,3.25,15.86,26.9,192
2026-03-21T23:46:07.326244486Z,3.25,15.78,26.88,192
2026-03-22T00:06:07.230210526Z,3.252,15.68,26.8,191
2026-03-22T00:26:07.157568904Z,3.25,15.59,26.76,191
2026-03-22T00:46:07.112723483Z,3.252,15.57,26.76,190
2026-03-22T01:06:06.996574443Z,3.25,15.47,26.76,190
2026-03-22T01:26:06.927907798Z,3.252,15.41,26.74,189
2026-03-22T01:46:06.846183671Z,3.25,15.37,26.67,189
2026-03-22T02:06:06.765266252Z,3.248,15.27,26.63,189
2026-03-22T02:26:06.692613747Z,3.244,15.25,26.63,188
2026-03-22T02:46:06.623324182Z,3.25,15.17,26.62,188
2026-03-22T03:06:06.550450060Z,3.246,15.14,26.61,187
2026-03-22T03:26:06.469761347Z,3.248,15.06,26.54,187
2026-03-22T03:46:06.384439112Z,3.248,15.02,26.5,186
2026-03-22T04:06:06.313102503Z,3.241,14.96,26.5,186
2026-03-22T04:26:06.235027907Z,3.241,14.95,26.5,185
2026-03-22T04:46:06.164085961Z,3.241,14.86,26.49,184
2026-03-22T05:06:06.091724027Z,3.239,14.76,26.49,184
2026-03-22T05:26:06.024492865Z,3.248,14.65,26.48,184
2026-03-22T05:46:05.939197679Z,3.239,14.55,26.43,183
2026-03-22T06:06:05.862482552Z,3.237,14.46,26.39,183
2026-03-22T06:26:05.797988048Z,3.237,14.44,26.36,182
2026-03-22T06:46:05.711622837Z,3.235,14.35,26.36,182
2026-03-22T07:06:05.652222226Z,3.237,14.3,26.36,182
2026-03-22T07:26:05.583227921Z,3.256,14.31,26.26,181
2026-03-22T07:46:05.492894958Z,3.252,14.35,26.23,181
2026-03-22T08:06:05.044328491Z,3.258,14.47,26.13,181
2026-03-22T08:26:05.324393667Z,3.258,14.67,26,182
2026-03-22T08:46:05.264551073Z,3.256,14.99,25.89,181
2026-03-22T09:06:05.155648526Z,3.258,15.37,25.77,181
2026-03-22T09:26:05.079478850Z,3.26,15.77,25.76,180
2026-03-22T09:46:04.656601197Z,3.265,16.09,25.63,180
2026-03-22T10:06:04.918506745Z,3.267,16.57,25.54,179
2026-03-22T10:26:04.864348123Z,3.273,16.99,25.42,179
2026-03-22T10:46:04.753760689Z,3.265,17.41,25.3,179
2026-03-22T11:06:04.344154816Z,3.269,17.81,25.35,177
2026-03-22T11:26:04.228216917Z,3.28,17.82,25.32,176
2026-03-22T11:46:04.504665166Z,3.265,17.82,25.31,175
2026-03-22T12:06:04.428653826Z,3.275,17.78,25.25,173
2026-03-22T12:26:04.336760011Z,3.273,17.72,25.18,173
2026-03-22T12:46:04.270094859Z,3.277,18.35,24.82,174
2026-03-22T13:06:04.177201679Z,3.28,19.65,24.61,175
2026-03-22T13:26:04.091665626Z,3.277,20.87,24.6,173
2026-03-22T13:46:04.004112004Z,3.282,20.88,24.71,172
2026-03-22T14:06:03.933273707Z,3.28,20.67,24.61,170
2026-03-22T14:26:03.861639153Z,3.28,20.37,24.71,168
2026-03-22T14:46:03.166306701Z,3.286,20.01,24.68,166
2026-03-22T15:06:03.326370999Z,3.277,19.74,24.61,165
2026-03-22T15:26:03.603989640Z,3.28,19.45,24.59,164
2026-03-22T15:46:02.923577539Z,3.273,19.32,24.5,163
2026-03-22T16:06:03.429342460Z,3.277,19.35,24.45,162
2026-03-22T16:26:03.366384206Z,3.282,19.34,24.35,161
2026-03-22T16:46:03.276393240Z,3.288,19.25,24.33,160
2026-03-22T17:06:03.176759326Z,3.277,19.11,24.33,159
2026-03-22T17:26:02.783559283Z,3.275,18.87,24.33,158
2026-03-22T17:46:03.129381264Z,3.271,18.64,24.32,158
2026-03-22T18:06:02.725608860Z,3.271,18.45,24.31,157
2026-03-22T18:26:02.974669663Z,3.269,18.32,24.23,156
2026-03-22T18:46:02.285829981Z,3.271,18.13,24.2,155
2026-03-22T19:06:02.721259027Z,3.269,18.02,24.19,155
2026-03-22T19:26:02.727417556Z,3.273,17.85,24.19,154
2026-03-22T19:46:02.866691473Z,3.262,17.72,24.49,156
2026-03-22T20:06:02.525177199Z,3.26,17.62,24.47,155
2026-03-22T20:26:02.701319720Z,3.265,17.49,24.56,156
2026-03-22T20:46:02.683025171Z,3.256,17.32,24.56,156
2026-03-22T21:06:02.587731169Z,3.262,17.21,24.53,155
2026-03-22T21:26:02.539715549Z,3.256,17.11,24.45,155
2026-03-22T21:46:02.435414675Z,3.256,17,24.43,155
2026-03-22T22:06:02.367702541Z,3.258,16.9,24.43,154
2026-03-22T22:26:02.297169116Z,3.256,16.8,24.43,154
2026-03-22T22:46:01.865687449Z,3.25,16.7,24.43,153
2026-03-22T23:06:02.034606862Z,3.254,16.59,24.42,153
2026-03-22T23:26:02.010847798Z,3.254,16.49,24.41,152
2026-03-22T23:46:01.692805883Z,3.25,16.39,24.38,153
2026-03-23T00:06:01.538264637Z,3.25,16.29,24.32,152
2026-03-23T00:26:01.436100840Z,3.25,16.19,24.31,152
2026-03-23T00:46:01.365330550Z,3.246,16.11,24.3,151
2026-03-23T01:06:01.286797838Z,3.25,16.08,24.3,151
2026-03-23T01:26:01.214148884Z,3.25,15.98,27.03,172
2026-03-23T01:46:01.135364032Z,3.248,15.78,28.7,186
2026-03-23T02:06:01.059182328Z,3.246,15.58,31.31,208
2026-03-23T02:26:00.975472236Z,3.248,15.47,33.21,210
2026-03-23T02:46:00.899095183Z,3.246,15.27,34.77,196
2026-03-23T03:06:00.835679864Z,3.244,15.19,32.8,178
2026-03-23T03:26:00.804599476Z,3.248,15.17,31.49,170
2026-03-23T03:46:00.682029573Z,3.239,15.16,30.72,165
2026-03-23T04:06:00.610075809Z,3.244,15.16,30.12,161
2026-03-23T04:26:00.551969710Z,3.244,15.16,29.69,159
2026-03-23T04:46:00.449137460Z,3.246,15.13,29.4,157
2026-03-23T05:06:00.374102185Z,3.237,15.12,29.22,156
2026-03-23T05:26:00.299150568Z,3.244,15.12,29.83,161
2026-03-23T05:46:00.243957169Z,3.244,15.07,29.94,163
2026-03-23T06:06:00.145919998Z,3.244,15.06,29.68,161
2026-03-23T06:26:00.096350839Z,3.237,15,29.4,159
2026-03-23T06:46:00.006466117Z,3.237,14.96,29.25,158
2026-03-23T07:05:59.931235529Z,3.25,14.96,29.09,157
2026-03-23T07:25:59.846608547Z,3.239,14.9,28.89,156
2026-03-23T07:45:59.791221954Z,3.244,14.86,28.72,155
2026-03-23T08:05:59.692607734Z,3.246,14.91,28.57,154
2026-03-23T08:25:59.625665625Z,3.25,15.02,28.43,153
2026-03-23T08:45:59.187911578Z,3.25,15.17,28.21,153
2026-03-23T09:05:59.477147761Z,3.248,15.37,28.05,152
2026-03-23T09:25:59.394030648Z,3.254,15.67,27.92,152
2026-03-23T09:45:59.298104629Z,3.256,15.98,27.67,151
2026-03-23T10:05:58.641968483Z,3.256,16.33,27.55,151
2026-03-23T10:25:59.150266381Z,3.26,16.61,27.43,150
2026-03-23T10:45:58.208464524Z,3.26,17,27.3,149
2026-03-23T11:05:58.977862451Z,3.258,17.31,27.24,148
2026-03-23T11:25:58.580569601Z,3.267,17.41,27.2,148
2026-03-23T11:45:58.824502220Z,3.269,17.34,27.07,147
2026-03-23T12:05:58.168757900Z,3.267,17.31,26.94,146
2026-03-23T12:25:58.678746494Z,3.271,17.32,26.82,146
2026-03-23T12:45:58.572406231Z,3.269,17.8,26.45,148
2026-03-23T13:05:58.502981297Z,3.273,18.94,26.25,148
2026-03-23T13:25:58.412335117Z,3.271,20.06,26.24,147
2026-03-23T13:45:57.963422767Z,3.277,20.36,26.25,145
2026-03-23T14:05:58.234967786Z,3.273,20.16,26.24,144
2026-03-23T14:25:58.165511643Z,3.28,20,26.2,143
2026-03-23T14:45:58.072893701Z,3.282,19.85,26.11,142
2026-03-23T15:05:57.974056041Z,3.28,19.65,26.04,141
2026-03-23T15:25:57.896008348Z,3.28,19.55,25.97,140
2026-03-23T15:45:57.826865562Z,3.282,19.45,25.84,140
2026-03-23T16:05:57.763155249Z,3.288,19.55,25.81,139
2026-03-23T16:25:57.651746660Z,3.284,19.45,25.72,138
2026-03-23T16:45:56.719461363Z,3.282,19.45,25.67,138
2026-03-23T17:05:56.637644602Z,3.282,19.31,25.62,137
2026-03-23T17:25:57.067425530Z,3.282,19.14,25.59,136
2026-03-23T17:45:57.330094377Z,3.271,18.94,25.58,135
2026-03-23T18:05:56.917413415Z,3.277,18.78,25.58,135
2026-03-23T18:25:56.834842692Z,3.275,18.63,25.56,134
2026-03-23T18:45:57.074069642Z,3.271,18.51,25.56,134
2026-03-23T19:05:56.997622794Z,3.271,18.34,25.49,134
2026-03-23T19:25:56.910178776Z,3.269,18.23,25.51,133
2026-03-23T19:45:56.834337018Z,3.262,18.01,25.5,132
2026-03-23T21:05:56.528367266Z,3.26,17.13,27.85,149
2026-03-23T21:25:56.441413890Z,3.256,16.91,27.97,152
2026-03-23T21:45:56.378562235Z,3.252,16.8,27.83,153
2026-03-23T22:05:56.302910395Z,3.254,16.7,27.7,153
2026-03-23T22:25:56.234151844Z,3.254,16.7,27.7,153
2026-03-23T22:45:56.138792773Z,3.248,16.62,27.57,153
2026-03-23T23:05:56.062753865Z,3.252,16.59,27.56,152
2026-03-23T23:25:55.986678442Z,3.252,16.49,27.45,152
2026-03-23T23:45:55.906429697Z,3.25,16.39,27.43,151
2026-03-24T00:05:55.839977609Z,3.252,16.26,27.42,151
2026-03-24T00:25:55.760001967Z,3.252,16.09,27.37,150
2026-03-24T00:45:55.674634574Z,3.246,15.98,27.39,150
2026-03-24T01:05:55.607544319Z,3.246,15.88,27.15,148
2026-03-24T01:25:55.521677904Z,3.248,15.78,27.15,147
2026-03-24T01:45:55.449218123Z,3.248,15.68,27.02,146
2026-03-24T02:05:55.375054364Z,3.25,15.57,27.12,146
2026-03-24T02:25:55.304111935Z,3.246,15.47,26.85,144
2026-03-24T02:45:55.219884400Z,3.248,15.41,26.88,144
2026-03-24T03:05:55.147122977Z,3.246,15.37,26.88,144
2026-03-24T03:25:55.070884306Z,3.244,15.27,26.94,145
2026-03-24T03:45:54.997496055Z,3.241,15.23,26.77,143
2026-03-24T04:05:54.922911099Z,3.246,15.16,26.75,143
2026-03-24T04:25:54.838339409Z,3.246,15.13,26.75,142
2026-03-24T04:45:54.760520371Z,3.248,15.06,26.63,141
2026-03-24T05:05:54.702593712Z,3.246,15.06,26.37,138
2026-03-24T05:25:54.611080939Z,3.248,15.03,26.62,141
2026-03-24T05:45:54.540292454Z,3.244,14.98,26.62,141
2026-03-24T06:05:54.457617862Z,3.248,14.96,26.5,139
2026-03-24T06:25:54.388132053Z,3.241,14.96,26.49,139
2026-03-24T06:45:54.295679068Z,3.244,14.94,26.43,139
2026-03-24T07:05:54.234324579Z,3.252,14.86,26.37,138
2026-03-24T07:25:54.155751669Z,3.254,14.86,26.31,137
2026-03-24T07:45:54.075791801Z,3.26,14.96,26.23,137
2026-03-24T08:05:53.152513285Z,3.26,15.06,26.12,136
2026-03-24T08:25:53.903457224Z,3.262,15.25,25.88,136
2026-03-24T08:45:53.473894383Z,3.265,15.57,25.76,137
2026-03-24T09:05:53.736282442Z,3.267,16.08,25.53,136
2026-03-24T09:25:53.676838357Z,3.269,16.6,25.41,136
2026-03-24T09:45:53.598715795Z,3.269,17.07,25.51,136
2026-03-24T10:05:53.165691403Z,3.273,17.51,25.41,135
2026-03-24T10:25:53.404477964Z,3.273,17.84,25.23,134
2026-03-24T10:45:53.322997695Z,3.275,18.24,24.94,131
2026-03-24T11:05:52.664337550Z,3.275,18.53,24.44,125
2026-03-24T11:25:53.164899490Z,3.277,18.55,24.45,124
2026-03-24T11:45:53.074367108Z,3.28,18.53,24.42,123
2026-03-24T12:05:52.999129802Z,3.284,18.43,24.32,122
2026-03-24T12:25:52.926381987Z,3.28,18.43,24.25,122
2026-03-24T12:45:52.834799402Z,3.282,19.08,23.92,123
2026-03-24T13:05:52.745413380Z,3.282,20.57,23.83,125
2026-03-24T13:25:52.674459923Z,3.284,21.8,23.97,127
2026-03-24T13:45:52.587442649Z,3.284,21.89,24.1,125
2026-03-24T14:05:52.494803385Z,3.284,21.55,24.35,128
2026-03-24T14:25:52.419114402Z,3.286,21.18,24.22,126
2026-03-24T14:45:52.344302627Z,3.288,20.94,24.2,125
2026-03-24T15:05:51.667161057Z,3.292,20.73,24.09,123
2026-03-24T15:25:52.171215901Z,3.286,20.67,23.96,123
2026-03-24T15:45:51.510963078Z,3.29,20.57,23.96,123
2026-03-24T16:05:51.993877009Z,3.29,20.43,23.96,122
2026-03-24T16:25:51.926154767Z,3.288,20.27,23.83,121
2026-03-24T16:45:51.830355887Z,3.284,20.15,23.83,120
2026-03-24T17:05:51.768580774Z,3.284,19.96,23.83,120
2026-03-24T17:25:51.662295767Z,3.282,19.86,23.74,119
2026-03-24T17:45:51.594484144Z,3.284,19.7,23.73,118
2026-03-24T18:05:51.138531357Z,3.282,19.55,23.74,119
2026-03-24T18:25:51.440372297Z,3.277,19.45,23.71,118
2026-03-24T18:45:51.334987320Z,3.275,19.34,23.7,117
2026-03-24T19:05:50.888961350Z,3.275,19.18,23.7,117
2026-03-24T19:25:50.809475292Z,3.273,19.05,23.7,117
2026-03-24T19:45:51.093375901Z,3.271,18.92,24.1,118
2026-03-24T20:05:51.008771746Z,3.265,18.63,24.45,121
2026-03-24T20:25:50.939248238Z,3.265,18.39,24.82,124
2026-03-24T20:45:50.871038438Z,3.26,18.14,25.31,128
2026-03-24T21:05:50.774815351Z,3.265,17.93,25.2,127
2026-03-24T21:25:50.698177918Z,3.258,17.68,25.18,126
2026-03-24T21:45:50.269853693Z,3.262,17.31,25.17,126
2026-03-24T22:05:50.219016997Z,3.267,17.1,25.05,126
2026-03-24T22:25:50.676706049Z,3.258,16.91,25.03,126
2026-03-24T22:45:50.520230900Z,3.258,16.85,24.95,126
2026-03-24T23:05:50.411587285Z,3.265,16.8,24.92,126
2026-03-24T23:25:50.225813992Z,3.26,16.7,24.92,125
2026-03-24T23:45:49.788292628Z,3.256,16.6,24.92,125
2026-03-25T00:05:49.703074236Z,3.256,16.5,24.9,125
2026-03-25T00:25:49.982085192Z,3.256,16.4,24.84,125
2026-03-25T00:45:49.905003216Z,3.256,16.29,24.92,125
2026-03-25T01:05:49.831422054Z,3.258,16.22,24.92,125
2026-03-25T01:25:49.756804790Z,3.256,16.18,24.91,125
2026-03-25T01:45:49.675814967Z,3.254,16.08,24.91,125
2026-03-25T02:05:49.600386455Z,3.256,15.99,24.91,125
2026-03-25T02:25:49.513409358Z,3.254,15.94,24.91,125
2026-03-25T02:45:49.430759693Z,3.25,15.88,24.91,124
2026-03-25T03:05:49.363260211Z,3.254,15.78,24.91,124
2026-03-25T03:25:48.930808893Z,3.248,15.68,24.9,124
2026-03-25T03:45:49.218154910Z,3.252,15.61,24.9,124
2026-03-25T04:05:49.124987239Z,3.25,15.57,24.81,124
2026-03-25T04:25:49.042758848Z,3.252,15.53,24.88,124
2026-03-25T04:45:48.963333673Z,3.248,15.47,24.79,124
2026-03-25T05:05:48.896422379Z,3.248,15.46,25.03,126
2026-03-25T05:25:48.809343467Z,3.25,15.37,25.03,125
2026-03-25T05:45:48.739229958Z,3.248,15.36,25.03,125
2026-03-25T06:05:48.668832509Z,3.252,15.28,25.08,126
2026-03-25T06:25:48.581154497Z,3.244,15.22,25.09,126
2026-03-25T06:45:48.512944703Z,3.244,15.16,25.08,125
2026-03-25T07:05:48.448415936Z,3.241,15.06,25.04,125
2026-03-25T07:25:48.373194619Z,3.25,15.06,25.02,125
2026-03-25T07:45:48.289626685Z,3.254,15.06,25.01,125
2026-03-25T08:05:48.205365012Z,3.26,15.17,24.89,125
2026-03-25T08:25:48.129729398Z,3.258,15.44,24.67,125
2026-03-25T08:45:47.700338454Z,3.275,15.84,24.55,125
2026-03-25T09:05:47.950888499Z,3.267,16.29,24.46,124
2026-03-25T09:25:47.871688132Z,3.267,16.59,24.53,123
2026-03-25T09:45:47.201894306Z,3.271,16.8,24.31,124
2026-03-25T10:05:47.118831474Z,3.267,17.02,24.14,116
2026-03-25T10:25:47.641304553Z,3.273,17.11,23.95,115
2026-03-25T10:45:47.538522280Z,3.273,17.31,23.82,116
2026-03-25T11:05:47.105978748Z,3.277,17.69,23.82,115
2026-03-25T11:25:47.389900443Z,3.273,17.82,23.76,114
2026-03-25T11:45:47.287409379Z,3.28,17.92,23.7,113
2026-03-25T12:05:47.209749928Z,3.282,18.02,23.7,113
2026-03-25T12:25:47.129808159Z,3.282,18.08,23.57,113
2026-03-25T12:45:47.039057386Z,3.282,18.63,23.21,113
2026-03-25T13:05:46.980457164Z,3.284,20.02,23.02,113
2026-03-25T13:25:46.289431059Z,3.286,21.38,22.94,112
2026-03-25T13:45:46.780988857Z,3.284,21.8,23.03,111
2026-03-25T14:05:46.398012310Z,3.288,21.59,23.06,110
2026-03-25T14:25:46.288256512Z,3.288,21.29,22.98,109
2026-03-25T14:45:46.226851227Z,3.288,21.08,22.94,108
2026-03-25T15:05:46.455950663Z,3.29,20.87,22.91,107
2026-03-25T15:25:46.373698433Z,3.286,20.67,22.81,106
2026-03-25T15:45:46.285930273Z,3.29,20.47,22.72,105
2026-03-25T16:05:46.209171143Z,3.29,20.38,22.68,104
2026-03-25T16:25:46.129783575Z,3.292,20.27,22.57,103
2026-03-25T16:45:46.042416796Z,3.29,20.25,22.55,102
2026-03-25T17:05:45.976310343Z,3.29,20.16,22.43,102
2026-03-25T17:25:45.881891183Z,3.284,20.06,22.43,101
2026-03-25T17:45:45.788254030Z,3.282,19.87,22.43,100
2026-03-25T18:05:45.720545195Z,3.28,19.75,22.4,100
2026-03-25T18:25:45.679366154Z,3.284,19.56,22.32,99
2026-03-25T18:45:45.586253096Z,3.275,19.45,22.3,98
2026-03-25T19:05:45.457135449Z,3.277,19.35,22.3,98
2026-03-25T19:25:45.411318927Z,3.271,19.25,22.3,98
2026-03-25T19:45:45.554773906Z,3.275,19.14,22.25,97
2026-03-25T20:05:45.515912394Z,3.277,19.04,22.19,97
2026-03-25T20:25:45.129336320Z,3.271,18.96,22.18,96
2026-03-25T20:45:44.475732675Z,3.269,18.91,22.18,96
2026-03-25T21:05:44.636810939Z,3.267,18.84,22.18,96
2026-03-25T21:25:44.884890066Z,3.269,18.64,22.18,95
2026-03-25T21:45:44.221784593Z,3.262,18.43,22.18,95
2026-03-25T22:05:44.142884591Z,3.269,18.22,22.18,94
2026-03-25T22:25:44.645791949Z,3.26,17.93,22.19,94
2026-03-25T22:45:44.573831794Z,3.262,17.72,22.22,94
2026-03-25T23:05:44.501461143Z,3.258,17.53,22.44,94
2026-03-25T23:25:44.419507798Z,3.262,17.41,22.44,94
2026-03-25T23:45:44.341046338Z,3.256,17.21,22.44,94
2026-03-26T00:05:44.257947938Z,3.254,17.11,22.44,94
2026-03-26T00:25:44.200986481Z,3.258,16.99,22.42,94
2026-03-26T00:45:44.126861374Z,3.252,16.87,22.38,94
2026-03-26T01:05:44.037630275Z,3.254,16.72,22.34,93
2026-03-26T01:25:43.953099878Z,3.254,16.61,22.33,93
2026-03-26T01:45:43.911883333Z,3.252,16.49,22.33,93
2026-03-26T02:05:43.208993664Z,3.254,16.39,22.33,93
2026-03-26T02:25:43.707856135Z,3.254,16.29,22.33,93
2026-03-26T02:45:43.630807270Z,3.25,16.19,22.33,93
2026-03-26T03:05:43.547452723Z,3.256,16.1,22.33,93
2026-03-26T03:25:43.485098740Z,3.25,16.04,22.32,93
2026-03-26T03:45:43.410708167Z,3.25,15.98,22.31,92
2026-03-26T04:05:43.322506441Z,3.241,15.88,22.28,92
2026-03-26T04:25:43.242232360Z,3.244,15.8,22.25,92
2026-03-26T04:45:43.168980085Z,3.248,15.76,22.23,91
2026-03-26T05:05:43.102470887Z,3.246,15.68,22.22,92
2026-03-26T05:25:43.035734099Z,3.246,15.57,22.21,92
2026-03-26T05:45:42.952235954Z,3.241,15.56,22.21,91
2026-03-26T06:05:42.886807111Z,3.244,15.47,22.21,91
2026-03-26T06:25:42.798565565Z,3.244,15.46,22.21,91
2026-03-26T06:45:42.719395069Z,3.244,15.38,22.17,91
2026-03-26T07:05:42.643530283Z,3.248,15.37,22.1,90
2026-03-26T07:25:42.563722953Z,3.26,15.43,22.09,90
2026-03-26T07:45:42.479903363Z,3.277,15.53,22.05,90
2026-03-26T08:05:42.408099261Z,3.271,15.68,21.96,90
2026-03-26T08:25:42.312071047Z,3.269,15.88,21.83,90
2026-03-26T08:45:42.230244973Z,3.265,16.27,21.69,90
2026-03-26T09:05:42.165073364Z,3.267,16.6,21.57,90
2026-03-26T09:25:41.230101395Z,3.269,16.9,21.56,89
2026-03-26T09:45:41.986519523Z,3.271,17.31,21.39,89
2026-03-26T10:05:41.903065857Z,3.267,17.72,21.41,88
2026-03-26T10:25:41.819168302Z,3.271,18.02,21.28,88
2026-03-26T10:45:41.740500408Z,3.273,18.25,21.21,87
2026-03-26T11:05:41.667559443Z,3.275,18.53,21.23,87
2026-03-26T11:25:41.590099930Z,3.277,18.63,21.14,86
2026-03-26T11:45:40.919157210Z,3.275,18.74,21.12,86
2026-03-26T12:05:41.080883529Z,3.277,18.84,21,85
2026-03-26T12:25:41.320897918Z,3.284,18.94,20.91,84
2026-03-26T12:45:40.661838912Z,3.284,19.14,20.86,84
2026-03-26T13:05:41.164566001Z,3.286,19.49,20.72,83
2026-03-26T13:25:41.083711273Z,3.282,19.55,20.71,83
2026-03-26T13:45:41.000483691Z,3.282,19.65,20.66,82
2026-03-26T14:05:40.899886862Z,3.282,19.93,19.6,84
2026-03-26T14:25:40.836930362Z,3.282,19.94,19.46,83
2026-03-26T14:45:40.401512854Z,3.284,19.9,19.45,82
2026-03-26T15:05:40.667357839Z,3.284,19.86,19.31,80
2026-03-26T15:25:40.249381408Z,3.282,19.85,19.31,79
2026-03-26T15:45:40.503306284Z,3.286,19.76,19.25,79
2026-03-26T16:05:40.417040900Z,3.284,19.65,19.18,78
2026-03-26T16:25:40.320851092Z,3.284,19.58,19.17,77
2026-03-26T16:45:39.920286036Z,3.29,19.55,19.1,77
2026-03-26T17:05:39.573436153Z,3.282,19.45,19.08,76
2026-03-26T17:25:39.731668179Z,3.28,19.34,19.04,75
2026-03-26T17:45:39.659377600Z,3.277,19.14,19.05,75
2026-03-26T18:05:39.916457811Z,3.275,18.96,19.05,75
2026-03-26T18:25:39.485426576Z,3.271,18.81,19.06,74
2026-03-26T18:45:39.750451161Z,3.271,18.63,19.06,74
2026-03-26T19:05:39.675848581Z,3.267,18.44,19.07,73
2026-03-26T19:25:39.579308659Z,3.265,18.33,19.07,73
2026-03-26T19:45:39.503928444Z,3.269,18.16,19.08,73
2026-03-26T20:05:39.437297567Z,3.269,18.03,19.08,73
2026-03-26T20:25:39.342470278Z,3.265,17.92,19.08,73
2026-03-26T20:45:39.274407561Z,3.258,17.82,19.07,72
2026-03-26T21:05:39.197272640Z,3.256,17.69,19.08,72
2026-03-26T21:25:39.111435232Z,3.26,17.54,19.05,72
2026-03-26T21:45:39.033746613Z,3.254,17.47,19.02,72
2026-03-26T22:05:38.951622900Z,3.256,17.41,18.99,72
2026-03-26T22:25:38.887569131Z,3.254,17.31,18.98,71
2026-03-26T22:45:38.807594791Z,3.254,17.24,18.97,71
2026-03-26T23:05:38.720213565Z,3.256,17.21,18.97,71
2026-03-26T23:25:38.639232207Z,3.252,17.11,18.98,71
2026-03-26T23:45:38.569562172Z,3.252,17,18.98,71
2026-03-27T00:05:38.489528549Z,3.252,16.9,18.99,71
2026-03-27T00:25:38.413700717Z,3.252,16.8,18.99,70
2026-03-27T00:45:38.348298544Z,3.252,16.7,19,70
2026-03-27T01:05:38.249492487Z,3.246,16.6,19,70
2026-03-27T01:25:38.180144008Z,3.25,16.49,19.01,70
2026-03-27T01:45:38.105687211Z,3.248,16.39,19.02,70
2026-03-27T02:05:38.029380111Z,3.248,16.29,19.02,70
2026-03-27T02:25:37.960380763Z,3.246,16.2,19.01,70
2026-03-27T02:45:37.868976797Z,3.25,16.19,19.01,70
2026-03-27T03:05:37.808162610Z,3.248,16.19,19.01,69
2026-03-27T03:25:37.737836711Z,3.246,16.2,19.01,69
2026-03-27T03:45:37.653071040Z,3.25,16.21,19.01,69
2026-03-27T04:05:37.586312190Z,3.256,16.2,19.01,69
2026-03-27T04:25:37.500267308Z,3.248,16.19,19.01,69
2026-03-27T04:45:37.417135497Z,3.246,16.19,19,69
2026-03-27T05:05:37.342542725Z,3.25,16.19,18.99,69
2026-03-27T05:25:37.257437551Z,3.246,16.19,18.98,69
2026-03-27T05:45:37.191478171Z,3.248,16.19,18.97,69
2026-03-27T06:05:37.104627756Z,3.248,16.19,18.95,69
2026-03-27T06:25:37.026846810Z,3.25,16.18,18.94,69
2026-03-27T06:45:36.952182380Z,3.248,16.15,18.92,69
2026-03-27T07:05:36.876974246Z,3.252,16.11,18.91,69
2026-03-27T07:25:36.797389280Z,3.248,16.09,18.89,69
2026-03-27T07:45:36.716286428Z,3.246,16.1,18.88,69
2026-03-27T08:05:36.643322066Z,3.254,16.12,18.89,69
2026-03-27T08:25:36.579666087Z,3.248,16.13,18.87,69
2026-03-27T08:45:36.494348359Z,3.246,16.17,18.87,69
2026-03-27T09:05:36.411458802Z,3.246,16.19,18.87,68
2026-03-27T09:25:36.333482949Z,3.254,16.19,18.87,68
2026-03-27T09:45:36.263881776Z,3.256,16.36,18.79,68
2026-03-27T10:05:36.159626619Z,3.256,16.52,18.71,68
2026-03-27T10:25:36.090058263Z,3.258,16.81,18.7,68
2026-03-27T10:45:35.436723245Z,3.26,17,18.69,68
2026-03-27T11:05:35.921717692Z,3.26,17.01,18.69,68
2026-03-27T11:25:35.840991901Z,3.262,17.11,18.67,68
2026-03-27T11:45:35.763945803Z,3.267,17.31,18.53,68
2026-03-27T12:05:35.671616357Z,3.265,17.5,18.53,67
2026-03-27T12:25:35.593282650Z,3.265,17.72,18.38,68
2026-03-27T12:45:35.514033829Z,3.267,18.02,18.36,67
2026-03-27T13:05:35.430577368Z,3.267,18.63,18.33,67
2026-03-27T13:25:35.369054478Z,3.275,19.25,18.16,67
2026-03-27T13:45:34.918067417Z,3.273,19.34,18.15,67
2026-03-27T14:05:35.182105593Z,3.277,19.35,18.15,66
2026-03-27T14:25:35.109003879Z,3.277,19.35,18.15,66
2026-03-27T14:45:35.008312564Z,3.277,19.35,18.14,66
2026-03-27T15:05:34.933517456Z,3.28,19.34,18.03,65
2026-03-27T15:25:34.859185103Z,3.284,19.45,18,65
2026-03-27T15:45:34.776255909Z,3.282,19.43,18,65
2026-03-27T16:05:34.682307782Z,3.284,19.35,17.99,64
2026-03-27T16:25:34.613124351Z,3.282,19.35,17.96,64
2026-03-27T16:45:34.180138875Z,3.282,19.25,17.87,63
2026-03-27T17:05:33.861291822Z,3.28,19.18,17.86,63
2026-03-27T17:25:34.383874462Z,3.28,19.06,17.86,63
2026-03-27T17:45:33.431715910Z,3.277,18.94,17.87,62
2026-03-27T18:05:33.836752568Z,3.275,18.78,17.87,62
2026-03-27T18:25:34.123168844Z,3.273,18.63,17.88,62
2026-03-27T18:45:34.063443254Z,3.275,18.45,17.89,62
2026-03-27T19:05:33.949988304Z,3.269,18.33,17.89,61
2026-03-27T19:25:33.577622518Z,3.267,18.13,17.9,61
2026-03-27T19:45:33.946299346Z,3.262,18.02,17.91,61
2026-03-27T20:05:33.606008023Z,3.265,17.92,17.91,61
2026-03-27T20:25:33.763958823Z,3.267,17.81,17.91,61
2026-03-27T20:45:33.207517013Z,3.262,17.71,17.9,61
2026-03-27T21:05:33.482015040Z,3.258,17.62,17.88,61
2026-03-27T21:25:33.497510907Z,3.258,17.57,17.86,61
2026-03-27T21:45:33.321930094Z,3.256,17.51,17.86,60
2026-03-27T22:05:33.233513562Z,3.258,17.41,17.86,60
2026-03-27T22:25:33.160652709Z,3.254,17.36,17.84,60
2026-03-27T22:45:33.085358999Z,3.262,17.31,17.83,60
2026-03-27T23:05:32.993977209Z,3.256,17.25,17.82,60
2026-03-27T23:25:32.919383199Z,3.256,17.21,17.81,60
2026-03-27T23:45:32.836659562Z,3.265,17.14,17.81,60
2026-03-28T00:05:32.754376311Z,3.256,17.11,17.81,60
2026-03-28T00:25:32.696164026Z,3.25,17.1,17.8,60
2026-03-28T00:45:32.601820098Z,3.258,17.01,17.81,60
2026-03-28T01:05:32.521436340Z,3.252,17,17.81,60
2026-03-28T01:25:32.449716675Z,3.25,16.9,17.82,60
2026-03-28T01:45:32.373479646Z,3.25,16.82,17.84,60
2026-03-28T02:05:32.289762103Z,3.252,16.73,17.86,60
2026-03-28T02:25:32.220624462Z,3.248,16.7,17.9,60
2026-03-28T02:45:32.144021424Z,3.252,16.6,17.91,60
2026-03-28T03:05:32.058171899Z,3.252,16.52,17.97,60
2026-03-28T03:25:31.979705358Z,3.254,16.41,17.94,59
2026-03-28T03:45:31.925093347Z,3.246,16.3,17.94,59
2026-03-28T04:05:31.823426756Z,3.246,16.2,17.94,59
2026-03-28T04:25:31.760438231Z,3.25,16.15,17.96,59
2026-03-28T04:45:31.673009846Z,3.246,16.08,17.95,59
2026-03-28T05:05:31.601719230Z,3.254,15.98,17.97,59
2026-03-28T05:25:31.520190363Z,3.244,15.88,17.98,59
2026-03-28T05:45:31.452036712Z,3.244,15.78,17.99,59
2026-03-28T06:05:31.379534554Z,3.244,15.68,18,59
2026-03-28T06:25:31.290084214Z,3.244,15.59,18,59
2026-03-28T06:45:31.228285510Z,3.237,15.51,18.01,59
2026-03-28T07:05:31.160309730Z,3.248,15.47,17.99,59
2026-03-28T07:25:31.072000593Z,3.25,15.45,17.89,59
2026-03-28T07:45:30.990328848Z,3.25,15.47,17.87,59
2026-03-28T08:05:30.911767168Z,3.248,15.57,17.87,59
2026-03-28T08:25:30.832266927Z,3.248,15.57,17.87,59
2026-03-28T08:45:30.763941416Z,3.248,15.68,17.86,59
2026-03-28T09:05:30.670031795Z,3.25,15.79,17.71,59
2026-03-28T09:25:30.590603354Z,3.256,16.19,17.54,59
2026-03-28T09:45:30.523243329Z,3.258,16.7,17.51,59
2026-03-28T10:05:30.429960248Z,3.262,17.21,17.23,59
2026-03-28T10:25:30.359880295Z,3.265,17.82,17.15,59
2026-03-28T10:45:30.279810136Z,3.265,18.05,17.29,58
2026-03-28T11:05:30.181759466Z,3.262,18.21,17.29,58
2026-03-28T11:25:30.108312391Z,3.262,18.23,17.28,58
2026-03-28T11:45:29.442240762Z,3.269,18.38,17.28,58
2026-03-28T12:05:29.942952632Z,3.265,18.43,17.26,57
2026-03-28T12:25:29.510639793Z,3.269,18.43,17.12,57
2026-03-28T12:45:29.774085865Z,3.273,19.35,16.72,58
2026-03-28T13:05:29.355951076Z,3.273,21.18,16.44,58
2026-03-28T13:25:29.009551228Z,3.282,22.2,16.55,58
2026-03-28T13:45:28.680191604Z,3.282,21.88,16.6,57
2026-03-28T14:05:29.095336008Z,3.271,21.49,16.77,57
2026-03-28T14:25:29.384976507Z,3.282,21.09,16.76,56
2026-03-28T14:45:28.951858759Z,3.271,20.81,16.69,56
2026-03-28T15:05:29.202724103Z,3.277,20.55,16.66,55
2026-03-28T15:25:29.112861944Z,3.284,20.37,16.66,55
2026-03-28T15:45:29.028281356Z,3.284,20.27,16.66,55
2026-03-28T16:05:28.112513569Z,3.28,20.16,16.61,54
2026-03-28T16:25:28.872951540Z,3.286,20.06,16.5,54
2026-03-28T16:45:28.771917502Z,3.284,19.89,16.51,54
2026-03-28T17:05:28.353812492Z,3.28,19.74,16.51,53
2026-03-28T17:25:28.049827458Z,3.277,19.55,16.52,53
2026-03-28T17:45:28.532702435Z,3.277,19.36,16.53,53
2026-03-28T18:05:28.456046694Z,3.271,19.22,16.54,53
2026-03-28T18:25:28.372514587Z,3.275,19.04,16.55,52
2026-03-28T18:45:28.282304920Z,3.271,18.84,16.56,52
2026-03-28T19:05:28.215657285Z,3.277,18.64,16.57,52
2026-03-28T19:25:28.119428874Z,3.26,18.47,16.58,52
2026-03-28T19:45:28.041148576Z,3.269,18.32,16.59,52
2026-03-28T20:05:27.971508054Z,3.265,18.13,16.6,52
2026-03-28T20:25:27.883439384Z,3.258,17.99,16.61,51
2026-03-28T20:45:27.805757983Z,3.26,17.82,16.62,51
2026-03-28T21:05:27.726434466Z,3.258,17.72,16.63,51
2026-03-28T21:25:27.658476592Z,3.26,17.59,16.63,51
2026-03-28T21:45:27.575990185Z,3.258,17.47,16.64,51
2026-03-28T22:05:27.527755281Z,3.254,17.38,16.64,51
2026-03-28T22:25:27.423502417Z,3.265,17.31,16.64,51
2026-03-28T22:45:27.342227220Z,3.256,17.21,16.65,51
2026-03-28T23:05:27.251424525Z,3.254,17.11,16.66,51
2026-03-28T23:25:27.171610746Z,3.254,17,16.67,51
2026-03-28T23:45:27.107305028Z,3.25,16.9,16.67,51
2026-03-29T00:05:27.020397212Z,3.248,16.8,16.67,51
2026-03-29T00:25:26.953636662Z,3.252,16.7,16.68,51
2026-03-29T00:45:26.870884568Z,3.25,16.61,16.67,51
2026-03-29T01:05:26.789854726Z,3.252,16.49,16.68,51
2026-03-29T01:25:26.714599289Z,3.25,16.39,16.69,50
2026-03-29T01:45:26.633294288Z,3.25,16.29,16.7,50
2026-03-29T02:05:26.583263865Z,3.252,16.19,16.71,50
2026-03-29T02:25:26.500235726Z,3.246,16.09,16.72,50
2026-03-29T02:45:26.406360482Z,3.248,15.99,16.73,50
2026-03-29T03:05:26.329919099Z,3.246,15.89,16.73,50
2026-03-29T03:25:26.267051312Z,3.246,15.79,16.73,50
2026-03-29T03:45:26.199288645Z,3.244,15.77,16.73,50
2026-03-29T04:05:26.102126336Z,3.241,15.67,16.74,50
2026-03-29T04:25:26.031611256Z,3.244,15.56,16.75,50
2026-03-29T04:45:25.956784769Z,3.248,15.47,16.76,50
2026-03-29T05:05:25.885006994Z,3.241,15.37,16.76,50
2026-03-29T05:25:25.809017572Z,3.239,18.66,49.44,602
2026-03-29T05:45:25.735362843Z,3.248,19.35,49.63,607
2026-03-29T06:05:25.658346769Z,3.246,19.3,47.96,562
2026-03-29T06:25:25.585836827Z,3.237,18.83,36.5,352
2026-03-29T06:45:25.505405964Z,3.235,18.26,33.39,304
2026-03-29T07:05:25.441634428Z,3.235,17.82,32.49,291
2026-03-29T07:25:25.017516716Z,3.248,17.53,31.82,281
2026-03-29T07:45:25.287818951Z,3.252,17.32,31.31,272
2026-03-29T08:05:25.198031191Z,3.256,17.21,30.87,268
2026-03-29T08:25:25.123089154Z,3.252,17.21,30.53,264
2026-03-29T08:45:25.047458624Z,3.26,17.31,30.09,261
2026-03-29T09:05:24.632382048Z,3.256,17.47,29.81,258
2026-03-29T09:25:24.328063782Z,3.26,17.71,29.53,255
2026-03-29T09:45:24.794199743Z,3.26,18.02,29.26,252
2026-03-29T10:05:24.714619187Z,3.262,18.33,29.09,249
2026-03-29T10:25:24.639789887Z,3.262,18.63,28.86,247
2026-03-29T10:45:24.548205327Z,3.267,19.04,28.73,244
2026-03-29T11:05:24.117850221Z,3.267,19.14,28.61,240
2026-03-29T11:25:24.395003428Z,3.269,19.14,28.47,237
2026-03-29T11:45:24.304836061Z,3.271,19.25,28.33,234
2026-03-29T12:05:24.227029352Z,3.267,19.24,28.2,231
2026-03-29T12:25:23.792851777Z,3.271,19.18,28.06,229
2026-03-29T12:45:24.053908187Z,3.269,19.65,27.5,232
2026-03-29T13:05:23.964071916Z,3.275,21.24,27.15,232
2026-03-29T13:25:23.885308758Z,3.275,22.31,27.1,226
2026-03-29T13:45:23.801171227Z,3.277,22.2,27.13,220
2026-03-29T14:05:23.719155328Z,3.277,21.8,27.08,217
2026-03-29T14:25:23.081025702Z,3.28,21.39,26.93,213
2026-03-29T14:45:23.677894593Z,3.28,21.13,26.8,211
2026-03-29T15:05:23.466410897Z,3.282,20.88,26.67,209
2026-03-29T15:25:23.396331397Z,3.28,20.76,26.55,206
2026-03-29T15:45:22.972508301Z,3.286,20.53,26.51,204
2026-03-29T16:05:23.243066917Z,3.292,20.35,26.38,202
2026-03-29T16:25:23.133127957Z,3.282,20.17,26.24,201
2026-03-29T16:45:23.058326065Z,3.282,20.06,26.15,198
2026-03-29T17:05:22.638502572Z,3.284,19.86,26.11,197
2026-03-29T17:25:22.886298739Z,3.277,19.65,25.98,195
2026-03-29T17:45:22.447188664Z,3.273,19.48,23.45,148
2026-03-29T18:05:22.372786753Z,3.275,19.32,23.38,146
2026-03-29T18:25:22.641823869Z,3.273,19.14,23.33,145
2026-03-29T18:45:22.572528576Z,3.269,18.9,23.32,145
2026-03-29T19:05:22.493119718Z,3.267,18.64,23.32,144
2026-03-29T19:25:22.421800589Z,3.265,18.43,23.32,143
2026-03-29T19:45:21.997773675Z,3.273,18.22,23.32,142
2026-03-29T20:05:22.536755963Z,3.262,18.02,23.32,142
2026-03-29T20:25:22.173074418Z,3.26,17.82,23.31,141
2026-03-29T20:45:21.504858905Z,3.26,17.62,23.29,141
2026-03-29T21:05:22.023442032Z,3.254,17.41,23.27,140
2026-03-29T21:25:21.948785632Z,3.256,17.21,23.25,140
2026-03-29T21:45:21.853669489Z,3.252,17,23.24,140
2026-03-29T22:05:21.788880247Z,3.25,16.81,23.23,139
2026-03-29T22:25:21.699914521Z,3.246,16.62,23.23,139
2026-03-29T22:45:21.786067089Z,3.248,16.39,23.21,138
2026-03-29T23:05:21.568006050Z,3.248,16.19,23.21,137
2026-03-29T23:25:21.503295539Z,3.244,15.98,23.2,137
2026-03-29T23:45:21.406463609Z,3.244,15.78,23.2,137
2026-03-30T00:05:21.343486888Z,3.241,15.59,23.2,137
2026-03-30T00:25:21.257510513Z,3.241,15.44,23.2,136
2026-03-30T00:45:21.192460953Z,3.241,15.26,23.2,136
2026-03-30T01:05:21.149391572Z,3.239,15.06,23.2,136
2026-03-30T01:25:21.053991778Z,3.241,14.95,23.15,135
2026-03-30T01:45:20.968356414Z,3.244,14.79,23.11,135
2026-03-30T02:05:20.897430957Z,3.237,14.66,23.09,135
2026-03-30T02:25:20.819504868Z,3.237,14.57,23.09,135
2026-03-30T02:45:20.775123427Z,3.233,14.51,23.08,134
2026-03-30T03:05:20.690148473Z,3.235,14.45,23.08,134
2026-03-30T03:25:20.618136619Z,3.237,14.36,23.08,134
2026-03-30T03:45:20.545044181Z,3.241,14.33,23.08,133
2026-03-30T04:05:20.464892322Z,3.233,14.24,23.08,133
2026-03-30T04:25:20.410206898Z,3.239,14.14,23.07,133
2026-03-30T04:45:20.318187842Z,3.233,14.11,23.03,133
2026-03-30T05:05:20.242962237Z,3.231,14.03,23.01,133
2026-03-30T05:25:20.182040674Z,3.227,13.93,22.98,132
2026-03-30T05:45:20.126197253Z,3.231,13.83,22.97,132
2026-03-30T06:05:20.025204845Z,3.229,13.73,22.97,131
2026-03-30T06:25:19.972952122Z,3.225,13.63,22.97,132
2026-03-30T06:45:19.894065297Z,3.223,13.52,22.97,131
2026-03-30T07:05:19.827401168Z,3.233,13.42,22.96,131
2026-03-30T07:25:19.745984370Z,3.239,13.39,22.87,131
2026-03-30T07:45:19.667658007Z,3.246,13.38,22.85,130
2026-03-30T08:05:19.255534385Z,3.248,13.45,22.72,131
2026-03-30T08:25:19.510358959Z,3.246,13.63,22.6,131
2026-03-30T08:45:19.429137175Z,3.246,13.88,22.42,131
2026-03-30T09:05:19.373863327Z,3.246,14.23,22.35,131
2026-03-30T09:25:19.278728631Z,3.25,14.63,22.23,131
2026-03-30T09:45:18.614766659Z,3.252,15.06,22.11,131
2026-03-30T10:05:19.126724767Z,3.256,15.63,22.04,131
2026-03-30T10:25:19.043238561Z,3.254,16.19,21.94,130
2026-03-30T10:45:18.945432104Z,3.254,16.8,21.86,130
2026-03-30T11:05:18.543383376Z,3.254,16.83,21.94,129
2026-03-30T11:25:18.204250451Z,3.26,16.8,21.94,128
2026-03-30T11:45:18.351907598Z,3.265,17.01,21.88,128
2026-03-30T12:05:18.631151354Z,3.267,16.9,21.92,127
2026-03-30T12:25:18.550586704Z,3.267,16.78,21.81,126
2026-03-30T12:45:18.111989957Z,3.262,16.94,21.53,127
2026-03-30T13:05:17.526066801Z,3.265,18.43,21.16,128
2026-03-30T13:25:17.969766882Z,3.265,19.65,21.23,126
2026-03-30T13:45:18.224070093Z,3.271,19.73,21.25,124
2026-03-30T14:05:17.797653437Z,3.271,19.37,21.26,123
2026-03-30T14:25:18.066785901Z,3.271,18.94,21.26,121
2026-03-30T14:45:17.975733040Z,3.28,18.62,21.14,121
2026-03-30T15:05:17.889298695Z,3.273,18.4,21.12,119
2026-03-30T15:25:17.820606273Z,3.275,18.23,21.01,119
2026-03-30T15:45:17.738631481Z,3.275,18.04,20.92,117
2026-03-30T16:05:17.651523421Z,3.277,17.87,20.88,116
2026-03-30T16:25:17.557829349Z,3.282,17.72,20.75,115
2026-03-30T16:45:17.489213524Z,3.28,17.52,20.75,114
2026-03-30T17:05:17.387773712Z,3.277,17.41,20.63,113
2026-03-30T17:25:17.308935044Z,3.277,17.26,20.63,113
2026-03-30T17:45:17.230218525Z,3.273,17.11,20.52,112
2026-03-30T18:05:17.149635497Z,3.275,16.97,20.5,111
2026-03-30T18:25:17.056811118Z,3.275,16.8,20.51,110
2026-03-30T18:45:16.644477883Z,3.273,16.7,20.5,110
2026-03-30T19:05:16.897585990Z,3.269,16.53,20.45,109
2026-03-30T19:25:16.810030065Z,3.265,16.39,20.39,108
2026-03-30T19:45:16.794889711Z,3.262,16.25,20.39,108
2026-03-30T20:05:16.815185574Z,3.267,16.13,20.39,108
2026-03-30T20:25:16.687052355Z,3.262,16.01,20.39,107
2026-03-30T20:45:16.686029305Z,3.262,15.89,20.39,107
2026-03-30T21:05:16.745515419Z,3.258,15.78,20.39,106
2026-03-30T21:25:16.338945982Z,3.254,15.68,20.38,106
2026-03-30T21:45:15.928516519Z,3.254,15.57,20.38,106
2026-03-30T22:05:16.178157010Z,3.254,15.46,20.37,105
2026-03-30T22:25:16.292755637Z,3.252,15.3,20.33,105
2026-03-30T22:45:16.028853696Z,3.248,15.17,20.3,105
2026-03-30T23:05:15.962822182Z,3.246,15.06,20.29,104
2026-03-30T23:25:15.894355125Z,3.25,14.96,20.29,104
2026-03-30T23:45:15.812162742Z,3.246,14.86,20.29,104
2026-03-31T00:05:15.866722990Z,3.246,14.76,20.29,104
2026-03-31T00:25:15.667203635Z,3.252,14.65,20.23,103
2026-03-31T00:45:15.581968456Z,3.248,14.55,20.17,103
2026-03-31T01:05:15.494124531Z,3.246,14.45,20.17,103
2026-03-31T01:25:15.432723519Z,3.244,14.4,20.17,102
2026-03-31T01:45:15.347167040Z,3.244,14.34,20.17,102
2026-03-31T03:05:15.047200544Z,3.235,13.94,20.18,101
2026-03-31T03:25:14.976404385Z,3.237,13.83,20.18,101
2026-03-31T03:45:14.917501061Z,3.239,13.73,20.18,101
2026-03-31T04:05:14.823240124Z,3.237,13.65,20.16,100
2026-03-31T04:25:14.754573030Z,3.237,13.59,20.1,100
2026-03-31T04:45:14.681506539Z,3.235,13.52,20.07,100
2026-03-31T05:05:14.611877134Z,3.237,13.42,20.06,100
2026-03-31T05:25:14.526719545Z,3.237,13.38,20.06,100
2026-03-31T05:45:14.465555881Z,3.235,13.31,20.06,99
2026-03-31T06:05:14.387158607Z,3.231,13.22,20.07,99
2026-03-31T06:25:14.323280741Z,3.229,13.16,20.07,99
2026-03-31T06:45:14.254880254Z,3.233,13.11,20.07,98
2026-03-31T07:05:14.176786690Z,3.239,13.03,20.03,98
2026-03-31T07:25:14.085533112Z,3.256,13.11,19.94,98
2026-03-31T07:45:14.006266599Z,3.258,13.22,19.93,98
2026-03-31T08:05:13.602125927Z,3.26,13.42,19.79,98
2026-03-31T08:25:13.838931132Z,3.265,13.73,19.59,98
2026-03-31T08:45:13.754770365Z,3.26,14.05,19.5,98
2026-03-31T09:05:13.669512170Z,3.258,14.37,19.23,97
2026-03-31T09:25:13.587674683Z,3.265,14.89,19.09,97
2026-03-31T09:45:13.506055986Z,3.265,15.47,19.03,97
2026-03-31T10:05:13.424520590Z,3.269,15.98,18.86,96
2026-03-31T10:25:13.342339308Z,3.269,17.11,18.39,96
2026-03-31T10:45:13.280289541Z,3.269,18.02,18.5,95
2026-03-31T11:05:13.182013410Z,3.271,17.92,18.65,94
2026-03-31T11:25:13.107865551Z,3.273,17.74,18.56,94
2026-03-31T11:45:12.701871626Z,3.277,18.02,18.58,93
2026-03-31T12:05:12.936055238Z,3.275,17.82,18.58,92
2026-03-31T12:25:12.852750334Z,3.277,17.62,18.52,91
2026-03-31T12:45:12.415849412Z,3.277,18.23,18.05,92
2026-03-31T13:05:12.677057679Z,3.277,20.13,17.66,92
2026-03-31T13:25:12.621289544Z,3.282,21.34,17.75,91
2026-03-31T13:45:12.516707234Z,3.282,21.27,17.77,90
2026-03-31T14:05:12.449754186Z,3.286,20.88,17.83,89
2026-03-31T14:25:12.358275101Z,3.286,20.46,17.8,88
2026-03-31T14:45:11.915058691Z,3.284,20.08,17.82,87
2026-03-31T15:05:12.182376617Z,3.286,19.77,17.71,86
2026-03-31T15:25:12.099079828Z,3.286,19.65,17.68,85
2026-03-31T15:45:12.018645957Z,3.292,19.45,17.65,84
2026-03-31T16:05:11.929076821Z,3.29,19.25,17.55,83
2026-03-31T16:25:11.846190540Z,3.295,19.14,17.55,82
2026-03-31T16:45:11.804847534Z,3.288,18.94,17.46,82
2026-03-31T17:05:10.830783384Z,3.286,18.82,17.41,81
2026-03-31T17:25:11.620093406Z,3.284,18.63,17.42,80
2026-03-31T17:45:11.233810532Z,3.282,18.48,17.4,79
2026-03-31T18:05:11.435799923Z,3.282,18.33,17.33,79
2026-03-31T18:25:11.352459460Z,3.28,18.14,17.3,78
2026-03-31T18:45:10.825534010Z,3.275,18.02,17.3,78
2026-03-31T19:05:11.225256504Z,3.277,17.82,17.31,77
2026-03-31T19:25:11.143836601Z,3.271,17.63,17.32,77
2026-03-31T19:45:10.890665106Z,3.271,17.49,17.32,77
2026-03-31T20:05:11.221597918Z,3.265,17.31,17.33,76
2026-03-31T20:25:10.811668723Z,3.262,17.11,17.33,76
2026-03-31T20:45:11.122444180Z,3.265,16.94,17.31,76
2026-03-31T21:05:11.013385741Z,3.26,16.8,17.29,75
2026-03-31T21:25:11.053469097Z,3.256,16.63,17.28,75
2026-03-31T21:45:10.610043457Z,3.254,16.49,17.25,75
2026-03-31T22:05:10.824826423Z,3.258,16.39,17.24,74
2026-03-31T22:25:10.655076217Z,3.254,16.25,17.24,74
2026-03-31T22:45:10.555883141Z,3.25,16.09,17.24,74
2026-03-31T23:05:10.397533597Z,3.254,15.98,17.24,74
2026-03-31T23:25:10.152976381Z,3.25,15.87,17.25,73
2026-03-31T23:45:10.074057995Z,3.254,15.7,17.26,74
2026-04-01T00:05:09.992211333Z,3.25,15.58,17.26,73
2026-04-01T00:25:09.940790153Z,3.246,15.5,17.27,73
2026-04-01T00:45:09.851525149Z,3.25,15.4,17.27,73
2026-04-01T01:05:09.786799514Z,3.25,15.28,17.28,73
2026-04-01T01:25:09.697447132Z,3.248,15.16,17.28,73
2026-04-01T01:45:09.622341013Z,3.246,15.04,17.29,72
2026-04-01T02:05:09.610148544Z,3.244,14.91,17.3,72
2026-04-01T02:25:09.479232784Z,3.244,14.8,17.3,72
2026-04-01T02:45:09.401549797Z,3.239,14.65,17.31,72
2026-04-01T03:05:09.353859257Z,3.237,14.55,17.32,72
2026-04-01T03:25:09.273830719Z,3.239,14.46,17.32,71
2026-04-01T03:45:09.186853788Z,3.237,14.38,17.32,71
2026-04-01T04:05:09.112521825Z,3.235,14.25,17.33,71
2026-04-01T04:25:09.045396787Z,3.235,14.14,17.34,71
2026-04-01T04:45:08.987902971Z,3.233,14.01,17.34,71
2026-04-01T05:05:08.902096084Z,3.233,13.83,17.35,70
2026-04-01T05:25:08.825564213Z,3.233,13.73,17.36,70
2026-04-01T05:45:08.767292800Z,3.231,13.59,17.36,70
2026-04-01T06:05:08.698163119Z,3.225,13.44,17.37,70
2026-04-01T06:25:08.621091357Z,3.225,13.32,17.38,70
2026-04-01T06:45:08.543909018Z,3.221,13.23,17.38,70
2026-04-01T07:05:08.484186628Z,3.233,13.21,17.38,70
2026-04-01T07:25:08.401950855Z,3.254,13.22,17.24,70
2026-04-01T07:45:07.745543183Z,3.262,13.42,17.22,70
2026-04-01T08:05:08.233845548Z,3.269,13.73,17.05,70
2026-04-01T08:25:07.564462709Z,3.271,14.14,16.84,70
2026-04-01T08:45:08.064098982Z,3.267,14.55,16.63,70
2026-04-01T09:05:07.980854805Z,3.271,15.01,16.42,70
2026-04-01T09:25:07.909549903Z,3.271,15.57,16.18,69
2026-04-01T09:45:07.816479566Z,3.273,16.29,15.97,69
2026-04-01T10:05:07.750641525Z,3.282,17.31,15.59,69
2026-04-01T10:25:07.075747208Z,3.28,18.49,15.47,69
2026-04-01T10:45:07.578056379Z,3.277,18.87,15.64,69
2026-04-01T11:05:07.474890288Z,3.284,18.69,15.72,68
2026-04-01T11:25:07.045945337Z,3.277,18.55,15.66,68
2026-04-01T11:45:07.315470694Z,3.277,18.94,15.64,67
2026-04-01T12:05:07.225350566Z,3.277,18.63,15.72,67
2026-04-01T12:25:07.146032604Z,3.282,18.42,15.66,66
2026-04-01T12:45:07.073769635Z,3.282,19.04,15.2,67
2026-04-01T13:05:07.006916822Z,3.282,20.88,14.78,67
2026-04-01T13:25:06.894224348Z,3.292,22,14.91,66
2026-04-01T13:45:06.813342387Z,3.284,21.9,14.95,65
2026-04-01T14:05:06.726115917Z,3.286,21.53,15.08,65
2026-04-01T14:25:06.304728795Z,3.284,20.99,15.02,64
2026-04-01T14:45:05.977085722Z,3.282,20.67,14.98,63
2026-04-01T15:05:06.506172936Z,3.286,20.39,14.99,63
2026-04-01T15:25:06.406775272Z,3.29,20.26,14.98,62
2026-04-01T15:45:06.313306676Z,3.292,20.06,14.86,61
2026-04-01T16:05:05.896768339Z,3.292,19.85,14.83,61
2026-04-01T16:25:05.814745241Z,3.288,19.65,14.84,60
2026-04-01T16:45:05.725125769Z,3.284,19.51,14.83,60
2026-04-01T17:05:05.982768192Z,3.284,19.35,14.75,59
2026-04-01T17:25:05.886571887Z,3.284,19.22,14.69,59
2026-04-01T17:45:05.808980895Z,3.29,19.04,14.68,59
2026-04-01T18:05:05.723764270Z,3.282,18.86,14.68,58
2026-04-01T18:25:05.307141633Z,3.277,18.74,14.69,58
2026-04-01T18:45:05.561237570Z,3.271,18.53,14.7,57
2026-04-01T19:05:04.895545707Z,3.275,18.43,14.7,57
2026-04-01T19:25:05.396072149Z,3.271,18.25,14.71,57
2026-04-01T19:45:05.309831027Z,3.269,18.13,14.72,57
2026-04-01T20:05:05.233336073Z,3.277,18.02,14.72,57
2026-04-01T20:25:05.151242555Z,3.269,17.84,14.73,57
2026-04-01T20:45:05.087847418Z,3.265,17.72,14.74,56
2026-04-01T21:05:05.000789375Z,3.269,17.61,14.74,56
2026-04-01T21:25:04.568736404Z,3.258,17.42,14.75,56
2026-04-01T21:45:04.842924885Z,3.26,17.31,14.76,56
2026-04-01T22:05:04.411059520Z,3.262,17.2,14.77,56
2026-04-01T22:25:04.687006959Z,3.262,17.01,14.78,56
2026-04-01T22:45:04.601346179Z,3.254,16.9,14.78,55
2026-04-01T23:05:04.519371499Z,3.254,16.77,14.79,55
2026-04-01T23:25:04.441010550Z,3.258,16.62,14.8,55
2026-04-01T23:45:04.010885076Z,3.26,16.49,14.8,55
2026-04-02T00:05:04.303628605Z,3.254,16.39,14.81,55
2026-04-02T00:25:04.219014988Z,3.26,16.29,14.81,55
2026-04-02T00:45:04.140137352Z,3.25,16.19,14.82,55
2026-04-02T01:05:04.054064304Z,3.248,16.07,14.82,55
2026-04-02T01:25:03.973331562Z,3.248,15.91,14.83,55
2026-04-02T01:45:03.907795694Z,3.248,15.78,14.84,54
2026-04-02T02:05:03.829470420Z,3.241,15.68,14.85,54
2026-04-02T02:25:03.755246394Z,3.244,15.57,14.86,54
2026-04-02T02:45:03.684248777Z,3.239,15.41,14.93,54
2026-04-02T03:05:03.600527197Z,3.244,15.26,15.01,54
2026-04-02T03:25:03.653368203Z,3.241,15.07,15.02,54
2026-04-02T03:45:03.631163533Z,3.239,14.96,15.04,54
2026-04-02T04:05:03.503390436Z,3.241,14.86,15.04,54
2026-04-02T04:25:03.302239747Z,3.233,14.76,15.07,54
2026-04-02T04:45:03.242093213Z,3.235,14.65,15.08,54
2026-04-02T05:05:03.173453159Z,3.233,14.53,15.1,54
2026-04-02T05:25:03.082628060Z,3.241,17.78,47.34,622
2026-04-02T05:45:03.026310743Z,3.233,18.38,47.52,617
2026-04-02T06:05:02.942525902Z,3.227,18.53,47.54,608
2026-04-02T06:25:02.878709196Z,3.229,18.1,37.26,394
2026-04-02T06:45:02.804908920Z,3.235,17.44,33.85,335
2026-04-02T07:05:02.726574898Z,3.239,17,31.39,296
2026-04-02T07:25:02.643832375Z,3.256,16.7,30.65,284
2026-04-02T07:45:02.567179985Z,3.258,16.51,30.11,277
2026-04-02T08:05:02.472582354Z,3.26,16.5,29.49,270
2026-04-02T08:25:02.445154274Z,3.26,16.62,29.05,265
2026-04-02T08:45:01.967365087Z,3.265,16.83,28.56,261
2026-04-02T09:05:02.238660105Z,3.273,17.15,27.98,257
2026-04-02T09:25:02.152687600Z,3.269,17.62,27.73,253
2026-04-02T09:45:02.063523662Z,3.271,18.08,27.35,249
2026-04-02T10:05:01.983352617Z,3.275,18.79,26.85,245
2026-04-02T10:25:01.903470424Z,3.277,19.65,26.62,240
2026-04-02T10:45:01.822073600Z,3.277,20.06,26.63,235
2026-04-02T11:05:01.733187084Z,3.275,19.96,26.5,230
2026-04-02T11:25:01.655122751Z,3.277,19.86,26.2,228
2026-04-02T11:45:01.563678872Z,3.275,20.27,26.17,222
2026-04-02T12:05:01.546606114Z,3.28,19.88,26.11,219
2026-04-02T12:25:01.051565769Z,3.282,19.55,25.96,215
2026-04-02T12:45:01.333366085Z,3.28,19.76,25.47,216
2026-04-02T13:05:00.905888920Z,3.282,21.08,25.09,216
2026-04-02T13:25:00.788762014Z,3.28,22.1,25,210
2026-04-02T13:45:01.081888216Z,3.284,22.14,25,205
2026-04-02T14:05:00.985752794Z,3.284,21.84,24.94,202
2026-04-02T14:25:00.901071091Z,3.286,21.39,24.86,198
2026-04-02T14:45:00.818502202Z,3.284,21.08,24.73,195
2026-04-02T15:05:00.739592937Z,3.284,20.78,24.6,193
2026-04-02T15:25:00.643162666Z,3.288,20.58,24.47,190
2026-04-02T15:44:59.987064634Z,3.288,20.37,24.35,188
2026-04-02T16:05:00.476253099Z,3.288,20.16,24.26,186
2026-04-02T16:25:00.401233355Z,3.288,19.96,24.21,184
2026-04-02T16:45:00.311463400Z,3.284,19.76,24.08,182
2026-04-02T17:05:00.222515408Z,3.288,19.65,23.96,181
2026-04-02T17:25:00.151548335Z,3.284,19.48,23.95,178
2026-04-02T17:45:00.076166190Z,3.284,19.35,23.83,177
2026-04-02T18:04:59.634416159Z,3.275,19.22,23.83,176
2026-04-02T18:24:59.902255704Z,3.28,19.04,23.74,174
2026-04-02T18:44:59.818747918Z,3.275,18.84,23.7,174
2026-04-02T19:04:59.739960905Z,3.269,18.73,23.7,172
2026-04-02T19:24:59.666280260Z,3.269,18.53,23.65,171
2026-04-02T19:44:59.569104890Z,3.271,18.33,23.58,170
2026-04-02T20:04:59.487916309Z,3.269,18.16,23.57,170
2026-04-02T20:24:59.398493615Z,3.265,18.02,23.57,169
2026-04-02T20:44:59.309487575Z,3.265,17.82,23.56,168
2026-04-02T21:04:59.233848079Z,3.269,17.63,23.51,167
2026-04-02T21:24:59.164853046Z,3.262,17.51,23.46,167
2026-04-02T21:44:59.102751055Z,3.26,17.33,23.45,166
2026-04-02T22:04:59.005666108Z,3.262,17.21,23.45,166
2026-04-02T22:24:58.923571978Z,3.258,17.1,23.45,165
2026-04-02T22:44:58.845871235Z,3.254,16.99,23.43,165
2026-04-02T23:04:58.757924527Z,3.254,16.82,23.33,164
2026-04-02T23:24:58.324417515Z,3.256,16.7,23.32,164
2026-04-02T23:44:58.606573193Z,3.252,16.6,23.32,163
2026-04-03T00:04:58.534249855Z,3.256,16.49,23.32,163
2026-04-03T00:24:58.448211800Z,3.256,16.39,23.29,162
2026-04-03T00:44:58.363639334Z,3.254,16.29,23.23,162
2026-04-03T01:04:58.281029489Z,3.246,16.28,23.23,161
2026-04-03T01:24:58.204488111Z,3.252,16.18,23.23,160
2026-04-03T01:44:58.127033039Z,3.248,16.05,23.2,161
2026-04-03T02:04:58.050222565Z,3.252,15.88,23.2,160
2026-04-03T02:24:57.974640718Z,3.248,15.7,23.2,159
2026-04-03T02:44:57.898570837Z,3.248,15.57,23.16,158
2026-04-03T03:04:57.842789377Z,3.248,15.47,23.09,158
2026-04-03T03:24:57.749498069Z,3.248,15.37,23.08,158
2026-04-03T03:44:57.673620032Z,3.248,15.27,23.08,157
2026-04-03T04:04:57.599093422Z,3.246,15.17,23.06,157
2026-04-03T04:24:57.178880273Z,3.241,15.16,22.98,156
2026-04-03T04:44:57.429082048Z,3.248,15.06,22.96,156
2026-04-03T05:04:57.377562937Z,3.25,14.97,22.96,155
2026-04-03T05:24:57.295102422Z,3.25,14.92,22.96,154
2026-04-03T05:44:57.226007364Z,3.246,14.86,22.93,154
2026-04-03T06:04:57.137179884Z,3.244,14.76,22.86,154
2026-04-03T06:24:57.067505207Z,3.237,14.75,22.84,153
2026-04-03T06:44:56.979710107Z,3.237,14.65,22.84,152
2026-04-03T07:04:56.899857979Z,3.25,14.63,22.81,152
2026-04-03T07:24:56.806836704Z,3.25,14.64,22.71,152
2026-04-03T07:44:56.739509430Z,3.258,14.65,22.68,151
2026-04-03T08:04:56.652590811Z,3.258,14.76,22.56,151
2026-04-03T08:24:56.776672975Z,3.254,14.96,22.45,151
2026-04-03T08:44:56.501914566Z,3.258,15.27,22.33,150
2026-04-03T09:04:56.420437030Z,3.265,15.57,22.18,150
2026-04-03T09:24:55.761119260Z,3.262,15.96,21.95,149
2026-04-03T09:44:56.243658257Z,3.265,16.6,21.75,149
2026-04-03T10:04:55.835244416Z,3.267,17.31,21.42,148
2026-04-03T10:24:56.081644241Z,3.271,18.43,21.14,149
2026-04-03T10:44:55.991792628Z,3.271,19,21.38,145
2026-04-03T11:04:55.901346532Z,3.271,18.94,21.39,144
2026-04-03T11:24:55.833905098Z,3.275,18.94,21.13,143
2026-04-03T11:44:55.182172879Z,3.273,19.35,21.19,141
2026-04-03T12:04:55.674484178Z,3.275,19.05,21.18,139
2026-04-03T12:24:55.244528320Z,3.277,18.84,21.13,137
2026-04-03T12:44:55.503316390Z,3.28,19.03,20.82,138
2026-04-03T13:04:55.412898071Z,3.284,20.16,20.43,138
2026-04-03T13:24:55.343972689Z,3.282,21.29,20.4,136
2026-04-03T13:44:55.237640380Z,3.288,21.49,20.39,133
2026-04-03T14:04:55.179344634Z,3.286,21.27,20.39,131
2026-04-03T14:24:55.076956264Z,3.284,20.79,20.28,129
2026-04-03T14:44:54.663744057Z,3.284,20.48,20.25,128
2026-04-03T15:04:54.578682882Z,3.29,20.28,20.15,126
2026-04-03T15:24:54.822887255Z,3.292,20.17,20.01,125
2026-04-03T15:44:54.402006508Z,3.29,19.96,19.96,123
2026-04-03T16:04:54.653296629Z,3.29,19.76,19.88,121
2026-04-03T16:24:54.245991746Z,3.29,19.55,19.75,120
2026-04-03T16:44:54.493655365Z,3.29,19.45,19.68,119
2026-04-03T17:04:54.409677642Z,3.292,19.35,19.61,117
2026-04-03T17:24:54.327356339Z,3.288,19.25,19.53,116
2026-04-03T17:44:54.241728839Z,3.288,19.15,19.48,115
2026-04-03T18:04:54.155412083Z,3.286,19.04,19.48,114
2026-04-03T18:24:54.071832790Z,3.284,18.94,19.38,113
2026-04-03T18:44:53.406727739Z,3.282,18.78,19.35,112
2026-04-03T19:04:53.854216575Z,3.277,18.64,19.35,111
2026-04-03T19:24:53.818794408Z,3.277,18.51,19.35,110
2026-04-03T19:44:53.735781267Z,3.275,18.33,19.3,110
2026-04-03T20:04:53.645488407Z,3.277,18.23,19.23,109
2026-04-03T20:24:53.574771855Z,3.273,18.05,19.23,109
2026-04-03T20:44:53.492360859Z,3.271,17.92,19.23,108
2026-04-03T21:04:53.419543171Z,3.267,17.75,19.24,107
2026-04-03T21:24:53.330304970Z,3.265,17.62,19.22,107
2026-04-03T21:44:53.244775203Z,3.265,17.51,19.18,107
2026-04-03T22:04:53.172793915Z,3.258,17.39,19.12,106
2026-04-03T22:24:52.736604285Z,3.262,17.23,19.11,106
2026-04-03T22:44:53.007556876Z,3.267,17.11,19.12,106
2026-04-03T23:04:52.923481416Z,3.262,17.01,19.12,105
2026-04-03T23:24:52.839209695Z,3.262,16.92,19.1,105
2026-04-03T23:44:52.186600317Z,3.262,16.86,19.05,104
2026-04-04T00:04:52.688092128Z,3.256,16.78,19,104
2026-04-04T00:24:52.604056439Z,3.265,16.69,18.99,104
2026-04-04T00:44:52.541727425Z,3.252,16.59,18.99,103
2026-04-04T01:04:52.467107697Z,3.256,16.49,19,103
2026-04-04T01:24:52.368375573Z,3.254,16.39,19,103
2026-04-04T01:44:52.278945295Z,3.258,16.29,18.98,102
2026-04-04T02:04:52.198354556Z,3.256,16.19,18.97,102
2026-04-04T02:24:51.771038497Z,3.256,16.11,18.91,102
2026-04-04T02:44:52.058485120Z,3.248,16.07,18.9,102
2026-04-04T03:04:51.969107332Z,3.252,15.98,18.9,101
2026-04-04T03:24:51.889253559Z,3.25,15.89,18.9,101
2026-04-04T03:44:51.808537694Z,3.248,15.86,18.89,101
2026-04-04T04:04:51.728610399Z,3.241,15.75,18.96,100
2026-04-04T04:24:51.662249812Z,3.246,15.58,18.9,100
2026-04-04T04:44:51.225501184Z,3.252,15.52,18.89,100
2026-04-04T05:04:51.523216959Z,3.246,15.47,18.89,99
2026-04-04T05:24:51.436605661Z,3.246,15.37,18.9,99
2026-04-04T05:44:51.348996767Z,3.248,15.27,18.89,99
2026-04-04T06:04:51.268949984Z,3.246,15.2,18.88,99
2026-04-04T06:24:51.194067822Z,3.241,15.16,18.84,98
2026-04-04T06:44:51.110696162Z,3.241,15.06,18.9,98
2026-04-04T07:04:50.701404573Z,3.252,14.96,18.8,98
2026-04-04T07:24:50.967417628Z,3.265,15.05,18.76,98
2026-04-04T07:44:50.889214699Z,3.271,15.18,18.62,98
2026-04-04T08:04:50.792265329Z,3.275,15.47,18.46,97
2026-04-04T08:24:50.709376197Z,3.277,15.86,18.3,97
2026-04-04T08:44:50.278607202Z,3.277,16.26,18.05,96
2026-04-04T09:04:50.210703381Z,3.28,16.8,17.81,96
2026-04-04T09:24:49.590161367Z,3.282,17.41,17.63,95
2026-04-04T09:44:50.369764970Z,3.284,18.02,17.36,94
2026-04-04T10:04:50.293873642Z,3.288,18.94,17.09,94
2026-04-04T10:24:49.853011285Z,3.295,19.96,16.86,92
2026-04-04T10:44:50.120835772Z,3.288,20.37,17,91
2026-04-04T11:04:50.040424687Z,3.288,20.17,17.14,90
2026-04-04T11:24:49.379154850Z,3.288,20.2,16.84,90
2026-04-04T11:44:49.861368717Z,3.297,20.69,16.92,88
2026-04-04T12:04:49.790494793Z,3.295,20.37,17,87
2026-04-04T12:24:49.698506581Z,3.292,20.08,16.85,87
2026-04-04T12:44:49.629166296Z,3.295,20.27,16.6,86
2026-04-04T13:04:49.564280698Z,3.299,21.49,16.06,86
2026-04-04T13:24:49.124744979Z,3.292,22.61,16.01,85
2026-04-04T13:44:49.374999511Z,3.299,22.85,16.14,84
2026-04-04T14:04:49.283509391Z,3.305,22.61,16.18,82
2026-04-04T14:24:49.199980387Z,3.301,22.29,16.1,81
2026-04-04T14:44:48.528289086Z,3.305,22,16.03,80
2026-04-04T15:04:48.456410357Z,3.308,21.9,15.93,79
2026-04-04T15:24:48.949101782Z,3.31,21.79,15.86,78
2026-04-04T15:44:48.535232590Z,3.305,21.59,15.87,77
2026-04-04T16:04:48.797979960Z,3.31,21.39,15.71,76
2026-04-04T16:24:48.715382098Z,3.301,21.29,15.7,75
2026-04-04T16:44:48.620002346Z,3.301,21.18,15.61,74
2026-04-04T17:04:48.543644120Z,3.295,21.04,15.53,73
2026-04-04T17:24:47.873729072Z,3.297,20.88,15.54,72
2026-04-04T17:44:48.381850195Z,3.288,20.67,15.55,72
2026-04-04T18:04:47.711260272Z,3.288,20.55,15.54,71
2026-04-04T18:24:48.203305831Z,3.29,20.39,15.47,71
2026-04-04T18:44:48.122259587Z,3.288,20.27,15.45,70
2026-04-04T19:04:48.053993737Z,3.286,20.1,15.45,70
2026-04-04T19:24:47.968145293Z,3.286,19.96,15.44,69
2026-04-04T19:44:47.284476169Z,3.282,19.76,15.43,69
2026-04-04T20:04:47.785933059Z,3.277,19.56,15.44,69
2026-04-04T20:24:47.712732278Z,3.28,19.35,15.45,69
2026-04-04T20:44:47.618337355Z,3.275,19.15,15.45,68
2026-04-04T21:04:46.969918939Z,3.273,19.01,15.45,68
2026-04-04T21:24:47.459811515Z,3.271,18.84,15.46,68
2026-04-04T21:44:47.381299453Z,3.265,18.64,15.47,67
2026-04-04T22:04:47.300869805Z,3.275,18.53,15.47,67
2026-04-04T22:24:47.208156817Z,3.269,18.44,15.47,67
2026-04-04T22:44:47.137090079Z,3.269,18.36,15.48,67
2026-04-04T23:04:47.041551102Z,3.273,18.25,15.48,67
2026-04-04T23:24:46.974694924Z,3.262,18.13,15.49,66
2026-04-04T23:44:46.878910586Z,3.265,18.02,15.49,67
2026-04-05T00:04:46.471545136Z,3.265,17.92,15.5,66
2026-04-05T00:24:46.721818560Z,3.262,17.72,15.51,66
2026-04-05T00:44:46.649806001Z,3.267,17.61,15.52,66
2026-04-05T01:04:46.569503558Z,3.26,17.51,15.52,66
2026-04-05T01:24:46.489903843Z,3.254,17.41,15.52,66
2026-04-05T01:44:46.409735307Z,3.26,17.37,15.49,66
2026-04-05T02:04:45.731716111Z,3.26,17.31,15.45,66
2026-04-05T02:24:46.255195330Z,3.258,17.22,15.46,65
2026-04-05T02:44:46.151608264Z,3.258,17.2,15.45,65
2026-04-05T03:04:46.070386600Z,3.256,17.11,15.42,65
2026-04-05T03:24:46.003149450Z,3.256,17,15.41,65
2026-04-05T03:44:45.922599100Z,3.258,16.92,15.42,65
2026-04-05T04:04:45.832871067Z,3.252,16.9,15.38,65
2026-04-05T04:24:45.402241920Z,3.256,16.8,15.37,65
2026-04-05T04:44:45.685677368Z,3.256,16.8,15.37,64
2026-04-05T05:04:45.601427273Z,3.256,16.7,15.38,64
2026-04-05T05:24:45.523470117Z,3.256,18.64,45.55,615
2026-04-05T05:44:45.442654543Z,3.258,19.48,46.02,610
2026-04-05T06:04:45.363164648Z,3.254,19.64,45.23,579
2026-04-05T06:24:45.272771113Z,3.256,19.34,36.75,408
2026-04-05T06:44:45.205256863Z,3.258,18.92,31.64,318
2026-04-05T07:04:45.115484440Z,3.262,18.53,30.61,299
2026-04-05T07:24:45.027148111Z,3.267,18.23,29.85,287
2026-04-05T07:44:44.945326266Z,3.269,18.04,29.28,278
2026-04-05T08:04:44.525359882Z,3.273,18.02,28.83,271
2026-04-05T08:24:44.444680785Z,3.277,18.22,28.3,264
2026-04-05T08:44:44.695364300Z,3.282,18.33,27.94,258
2026-04-05T09:04:44.610531896Z,3.28,18.34,27.62,253
2026-04-05T09:24:44.532553524Z,3.28,18.45,27.26,246
2026-04-05T09:44:44.434453512Z,3.282,18.53,26.97,241
2026-04-05T10:04:44.021471327Z,3.284,18.66,26.72,239
2026-04-05T10:24:44.274308298Z,3.29,19.22,26.02,233
2026-04-05T10:44:44.187261464Z,3.288,19.48,26.1,227
2026-04-05T11:04:43.773611474Z,3.288,19.55,25.73,223
2026-04-05T11:24:44.021598218Z,3.295,19.85,25.41,222
2026-04-05T11:44:43.618243646Z,3.297,20.37,25.35,216
2026-04-05T12:04:43.516475596Z,3.299,20.33,25.23,213
2026-04-05T12:24:43.782070973Z,3.297,20.17,25.1,209
2026-04-05T12:44:43.685447954Z,3.299,20.27,24.84,208
2026-04-05T13:04:43.606468356Z,3.299,21.22,24.42,209
2026-04-05T13:24:43.526001828Z,3.301,22,24.3,204
2026-04-05T13:44:43.121604262Z,3.303,22.1,24.15,199
2026-04-05T14:04:43.036493259Z,3.305,21.91,24.09,195
2026-04-05T14:24:43.273999754Z,3.303,21.66,23.97,191
2026-04-05T14:44:43.183342371Z,3.303,21.47,23.81,188
2026-04-05T15:04:43.116232058Z,3.303,21.29,23.69,186
2026-04-05T15:24:43.025904385Z,3.303,21.18,23.57,184
2026-04-05T15:44:42.985061169Z,3.299,21.08,23.45,181
2026-04-05T16:04:42.907426540Z,3.299,20.88,23.33,179
2026-04-05T16:24:42.784779394Z,3.292,20.67,23.28,176
2026-04-05T16:44:41.860057946Z,3.295,20.47,23.2,175
2026-04-05T17:04:42.602293816Z,3.292,20.35,23.2,174
2026-04-05T17:24:42.529018883Z,3.297,20.27,23.08,172
2026-04-05T17:44:42.440667501Z,3.29,20.2,23.07,171
2026-04-05T18:04:42.363386177Z,3.288,20.15,22.97,170
2026-04-05T18:24:42.283205359Z,3.286,20.06,22.94,169
2026-04-05T18:44:41.859791817Z,3.284,19.96,22.94,168
2026-04-05T19:04:42.116221394Z,3.282,19.84,22.94,167
2026-04-05T19:24:41.657868822Z,3.275,19.65,22.94,166
2026-04-05T19:44:41.940221608Z,3.277,19.45,22.89,166
2026-04-05T20:04:41.865339096Z,3.277,19.35,22.82,165
2026-04-05T20:24:41.774643299Z,3.277,19.25,22.75,164
2026-04-05T20:44:41.681250553Z,3.273,19.24,22.69,164
2026-04-05T21:04:41.600350223Z,3.271,19.14,22.69,163
2026-04-05T21:24:41.524866795Z,3.273,19.14,22.69,163
2026-04-05T21:44:41.435158237Z,3.275,19.04,22.69,162
2026-04-05T22:04:41.360255124Z,3.267,18.94,22.69,162
2026-04-05T22:24:40.943714950Z,3.271,18.83,22.66,161
2026-04-05T22:44:41.194363377Z,3.267,18.74,22.57,161
2026-04-05T23:04:40.524563904Z,3.267,18.64,22.56,161
2026-04-05T23:24:41.042087249Z,3.269,18.64,22.53,160
2026-04-05T23:44:40.617719368Z,3.269,18.63,22.49,160
2026-04-06T00:04:40.282043953Z,3.273,18.63,22.46,160
2026-04-06T00:24:40.444618435Z,3.269,18.58,22.47,160
2026-04-06T00:44:40.694775985Z,3.267,18.53,22.48,159
2026-04-06T01:04:40.051463060Z,3.265,18.43,22.44,158
2026-04-06T01:24:40.218109763Z,3.271,18.33,22.44,158
2026-04-06T01:44:40.449055245Z,3.267,18.19,22.31,156
2026-04-06T02:04:40.361377693Z,3.269,18.13,22.31,156
2026-04-06T02:24:39.923585536Z,3.262,18.1,22.29,155
2026-04-06T02:44:40.189885243Z,3.269,18.04,22.19,155
2026-04-06T03:04:40.123453858Z,3.271,18.02,22.17,154
2026-04-06T03:24:40.035058600Z,3.271,18.02,22.07,154
2026-04-06T03:44:39.381358900Z,3.269,17.94,22.12,153
2026-04-06T04:04:39.867175512Z,3.28,17.92,22.06,153
2026-04-06T04:24:39.791309272Z,3.269,17.92,22.06,152
2026-04-06T04:44:39.697519217Z,3.271,17.87,22.05,152
2026-04-06T05:04:39.614922928Z,3.273,17.82,21.97,151
2026-04-06T05:24:39.534857110Z,3.275,17.82,21.95,151
2026-04-06T05:44:39.235297058Z,3.269,17.82,21.93,150
2026-04-06T06:04:39.376456982Z,3.269,17.81,21.93,149
2026-04-06T06:24:39.290671639Z,3.277,17.72,21.89,149
2026-04-06T06:44:39.200611841Z,3.277,17.7,21.8,148
2026-04-06T07:04:38.273259692Z,3.277,17.62,21.73,147
2026-04-06T07:24:38.680310294Z,3.277,17.62,21.68,147
2026-04-06T07:44:38.939425831Z,3.277,17.72,21.58,146
2026-04-06T08:04:38.871803417Z,3.277,17.81,21.54,145
2026-04-06T08:24:38.430462872Z,3.288,17.92,21.41,145
2026-04-06T08:44:38.700027455Z,3.28,18.12,21.28,143
2026-04-06T09:04:38.625135885Z,3.277,18.2,21.16,142
2026-04-06T09:24:38.540614963Z,3.288,18.25,21.14,141
2026-04-06T09:44:38.455350177Z,3.288,18.34,21.01,140
2026-04-06T10:04:38.388373929Z,3.29,18.46,20.93,138
2026-04-06T10:24:38.285539846Z,3.29,18.49,20.87,137
2026-04-06T10:44:38.203678371Z,3.284,18.5,20.75,135
2026-04-06T11:04:38.112112170Z,3.28,18.53,20.74,134
2026-04-06T11:24:37.672228275Z,3.286,18.53,20.63,133
2026-04-06T11:44:37.937857729Z,3.284,18.45,20.57,132
2026-04-06T12:04:37.858615003Z,3.282,18.43,20.47,131
2026-04-06T12:24:37.775276400Z,3.282,18.41,20.46,130
2026-04-06T12:44:37.699925478Z,3.282,18.42,20.33,128
2026-04-06T13:04:37.597912650Z,3.282,18.35,20.33,127
2026-04-06T13:24:37.545692725Z,3.282,18.32,20.21,126
2026-04-06T13:44:37.433045014Z,3.277,18.22,20.13,125
2026-04-06T14:04:37.355615394Z,3.28,18.09,20.07,124
2026-04-06T14:24:36.902602690Z,3.28,18.02,19.94,123
2026-04-06T14:44:37.197082872Z,3.28,17.98,19.93,122
2026-04-06T15:04:37.096245644Z,3.271,18.01,19.79,121
2026-04-06T15:24:37.018440181Z,3.282,18.02,19.79,120
2026-04-06T15:44:36.597353324Z,3.273,18.02,19.65,119
2026-04-06T16:04:36.845190366Z,3.282,18.11,19.51,118
2026-04-06T16:24:36.758462200Z,3.282,18.18,19.46,117
2026-04-06T16:44:36.351687937Z,3.284,18.26,19.36,115
2026-04-06T17:04:36.625579768Z,3.282,18.33,19.22,114
2026-04-06T17:24:36.526115886Z,3.282,18.33,19.18,113
2026-04-06T17:44:36.428481804Z,3.282,18.33,19.08,112
2026-04-06T18:04:36.347692216Z,3.288,18.33,19.07,111
2026-04-06T18:24:36.268855309Z,3.275,18.33,18.99,110
2026-04-06T18:44:36.190320621Z,3.277,18.27,18.93,109
2026-04-06T19:04:35.810721680Z,3.275,18.23,18.93,108
2026-04-06T19:24:35.445341218Z,3.275,18.13,18.91,108
2026-04-06T19:44:36.055684437Z,3.275,18.09,18.79,107
2026-04-06T20:04:36.162671717Z,3.273,18.02,18.78,106
2026-04-06T20:24:36.095873431Z,3.28,18.02,18.65,106
2026-04-06T20:44:35.963313443Z,3.28,17.96,18.65,105
2026-04-06T21:04:35.937337829Z,3.292,17.93,18.65,105
2026-04-06T21:24:34.923566045Z,3.284,17.92,18.65,105
2026-04-06T21:44:34.825724303Z,3.29,17.92,18.65,104
2026-04-06T22:04:34.999258919Z,3.284,17.85,18.66,104
2026-04-06T22:24:35.251983622Z,3.277,17.74,18.66,103
2026-04-06T22:44:35.159604376Z,3.282,17.62,18.67,103
2026-04-06T23:04:35.078978247Z,3.28,17.51,18.67,102
2026-04-06T23:24:35.017915001Z,3.28,17.32,18.68,102
2026-04-06T23:44:34.935515099Z,3.271,17.21,18.68,102
2026-04-07T00:04:34.841805049Z,3.277,17.11,18.69,102
2026-04-07T00:24:34.758090787Z,3.273,17,18.69,102
2026-04-07T00:44:34.681640399Z,3.273,16.9,18.69,101
2026-04-07T01:04:34.588691003Z,3.275,16.8,18.7,101
2026-04-07T01:24:34.509438507Z,3.265,16.7,18.7,101
2026-04-07T01:44:34.446736920Z,3.26,16.59,18.71,100
2026-04-07T02:04:34.361952131Z,3.256,16.47,18.71,100
2026-04-07T02:24:34.280060797Z,3.256,16.39,18.71,100
2026-04-07T02:44:34.202324272Z,3.254,16.29,18.72,100
2026-04-07T03:04:34.132834839Z,3.254,16.23,18.72,99
2026-04-07T03:24:34.049961235Z,3.25,16.18,18.72,99
2026-04-07T03:44:33.979123354Z,3.248,16.08,18.72,99
2026-04-07T04:04:33.889129309Z,3.244,15.99,18.73,99
2026-04-07T06:04:33.443299672Z,3.237,15.57,18.75,99
2026-04-07T06:24:33.365532494Z,3.239,15.47,18.63,98
2026-04-07T06:44:33.292255501Z,3.237,15.46,18.61,97
2026-04-07T07:04:33.215260469Z,3.241,15.44,18.61,97
2026-04-07T07:24:33.127121646Z,3.244,15.49,18.53,98
2026-04-07T07:44:33.068561444Z,3.252,15.68,18.45,97
2026-04-07T08:04:32.967712163Z,3.256,15.88,18.39,98
2026-04-07T19:44:30.432704327Z,3.25,17.44,16.83,80
2026-04-07T20:04:30.359517041Z,3.25,17.31,16.83,80
2026-04-07T20:44:29.844157339Z,3.248,17.11,16.84,79
2026-04-07T21:04:29.751384375Z,3.248,17,16.85,79
2026-04-07T21:24:29.696121335Z,3.254,16.9,16.86,79
2026-04-07T21:44:29.597158170Z,3.244,16.81,16.86,79
2026-04-07T22:04:29.529998882Z,3.244,16.71,16.87,78
2026-04-07T22:24:29.446875716Z,3.246,16.62,16.87,78
2026-04-07T22:44:29.392229304Z,3.241,16.56,16.88,78
2026-04-07T23:04:29.284918478Z,3.246,16.48,16.88,78
2026-04-07T23:24:29.225794461Z,3.241,16.39,16.89,78
2026-04-07T23:44:29.143705228Z,3.239,16.29,16.89,78
2026-04-08T00:04:29.067044827Z,3.239,16.22,16.9,78
2026-04-08T00:24:28.987351543Z,3.239,16.17,16.9,77
2026-04-08T00:44:28.913517236Z,3.237,16.08,16.9,77
2026-04-08T01:04:28.837795228Z,3.237,15.99,16.91,77
2026-04-08T01:24:28.753412501Z,3.237,15.98,16.91,77
2026-04-08T01:44:28.688633246Z,3.239,15.88,16.92,77
2026-04-08T02:04:28.614382562Z,3.239,15.87,16.92,77
2026-04-08T02:24:28.533374033Z,3.233,15.78,16.92,77
2026-04-08T02:44:28.458782758Z,3.229,15.71,16.93,77
2026-04-08T03:04:28.381290110Z,3.231,15.67,16.93,77
2026-04-08T03:24:28.307594895Z,3.231,15.57,16.94,76
2026-04-08T03:44:28.227915314Z,3.233,15.47,17.03,77
2026-04-08T04:04:28.170819695Z,3.231,15.37,17.1,77
2026-04-08T04:24:28.091367633Z,3.231,15.31,17.12,77
2026-04-08T04:44:28.022431071Z,3.229,15.26,17.12,77
2026-04-08T05:04:27.937511959Z,3.231,15.17,17.13,77
2026-04-08T05:24:27.860722453Z,3.233,15.16,17.12,77
2026-04-08T05:44:27.790500580Z,3.225,15.06,17.13,76
2026-04-08T06:04:27.718174439Z,3.231,15,17.13,77
2026-04-08T06:24:27.638013529Z,3.229,14.96,17.13,76
2026-04-08T06:44:27.568117585Z,3.229,14.86,17.13,76
2026-04-08T07:04:27.501245541Z,3.231,14.84,17.13,76
2026-04-08T07:24:27.431385806Z,3.231,14.76,17.12,76
2026-04-08T07:44:27.351428650Z,3.231,14.75,17.07,76
2026-04-08T08:04:27.271089114Z,3.231,14.75,17.02,76
2026-04-08T08:24:27.201676873Z,3.229,14.75,17,76
2026-04-08T08:44:27.126405843Z,3.231,14.76,16.99,76
2026-04-08T09:04:27.041259030Z,3.231,14.76,16.98,76
2026-04-08T09:24:26.981385082Z,3.231,14.85,16.98,76
2026-04-08T09:44:26.902304270Z,3.231,14.86,16.98,76
2026-04-08T10:04:26.802355273Z,3.229,14.93,16.95,76
2026-04-08T10:24:26.758522302Z,3.244,14.96,16.9,76
2026-04-08T10:44:26.670727295Z,3.241,15.01,16.82,76
2026-04-08T11:04:26.585823488Z,3.248,15.06,16.78,75
2026-04-08T11:24:26.509154306Z,3.248,15.16,16.78,75
2026-04-08T11:44:26.438579448Z,3.246,15.26,16.77,75
2026-04-08T12:04:26.362329788Z,3.25,15.27,16.75,75
2026-04-08T12:24:26.274161745Z,3.252,15.28,16.72,74
2026-04-08T12:44:26.195758732Z,3.254,15.29,16.68,74
2026-04-08T13:04:26.126124618Z,3.246,15.28,16.62,74
2026-04-08T13:24:26.052628593Z,3.252,15.27,16.59,74
2026-04-08T13:44:25.960184819Z,3.248,15.28,16.59,74
2026-04-08T14:04:25.888627406Z,3.256,15.37,16.58,73
2026-04-08T14:24:25.219234957Z,3.256,15.47,16.55,73
2026-04-08T14:44:25.727297859Z,3.252,15.47,16.56,73
2026-04-08T15:04:25.641585870Z,3.252,15.43,16.53,73
2026-04-08T15:24:25.584507580Z,3.256,15.38,16.46,72
2026-04-08T15:44:25.482642883Z,3.25,15.37,16.42,72
2026-04-08T16:04:25.408777068Z,3.254,15.37,16.4,72
2026-04-08T16:24:25.328908269Z,3.25,15.3,16.4,72
2026-04-08T16:44:25.249999310Z,3.252,15.27,16.4,72
2026-04-08T17:04:25.173889800Z,3.252,15.22,16.4,72
2026-04-08T17:24:25.093335360Z,3.246,15.16,16.41,71
2026-04-08T17:44:25.024818853Z,3.25,15.15,16.41,71
2026-04-08T18:04:24.944085652Z,3.248,15.06,16.41,71
2026-04-08T18:24:24.867015219Z,3.248,15.05,16.41,71
2026-04-08T18:44:24.803210385Z,3.246,14.96,16.42,71
2026-04-08T19:04:24.706936463Z,3.241,14.89,16.42,71
2026-04-08T19:24:24.637918892Z,3.237,14.86,16.43,71
2026-04-08T19:44:24.565925232Z,3.241,14.79,16.43,71
2026-04-08T20:04:24.505731569Z,3.241,14.76,16.43,70
2026-04-08T20:24:24.401592164Z,3.235,14.68,16.44,70
2026-04-08T20:44:24.328574071Z,3.237,14.65,16.44,70
2026-04-08T21:04:24.259578709Z,3.233,14.64,16.44,70
2026-04-08T21:24:24.226169993Z,3.231,14.56,16.44,70
2026-04-08T21:44:24.118197733Z,3.235,14.55,16.44,70
2026-04-08T22:04:24.037596120Z,3.233,14.54,16.44,70
2026-04-08T22:24:23.955820803Z,3.235,14.5,16.44,70
2026-04-08T22:44:23.878185350Z,3.235,14.45,16.44,70
2026-04-08T23:04:23.811346303Z,3.235,14.45,16.44,70
2026-04-08T23:24:23.729212476Z,3.235,14.42,16.44,70
2026-04-08T23:44:23.654608676Z,3.233,14.37,16.44,70
2026-04-09T00:04:23.593753700Z,3.233,14.35,16.44,70
2026-04-09T00:24:23.535901704Z,3.233,14.35,16.44,70
2026-04-09T00:44:23.515931989Z,3.237,14.34,16.44,70
2026-04-09T01:04:23.355925668Z,3.229,14.28,16.44,70
2026-04-09T01:24:23.286544911Z,3.235,14.24,16.43,70
2026-04-09T01:44:23.223622663Z,3.233,14.24,16.43,69
2026-04-09T02:04:23.140548718Z,3.229,14.24,16.42,69
2026-04-09T02:24:23.073811462Z,3.227,14.21,16.43,69
2026-04-09T02:44:22.987575520Z,3.229,14.16,16.43,69
2026-04-09T03:04:22.913252212Z,3.229,14.14,16.42,69
2026-04-09T03:24:22.836284902Z,3.229,14.14,16.42,69
2026-04-09T03:44:22.896278005Z,3.229,14.14,16.4,69
2026-04-09T04:04:22.686500469Z,3.231,14.14,16.41,69
2026-04-09T04:24:22.616967854Z,3.231,14.09,16.42,69
2026-04-09T04:44:22.535137783Z,3.229,14.04,16.42,69
2026-04-09T05:04:22.456712916Z,3.227,14.04,16.42,69
2026-04-09T05:24:22.394777183Z,3.229,17.41,46.25,624
2026-04-09T05:44:22.326866048Z,3.223,18.32,46.57,612
2026-04-09T06:04:22.246144061Z,3.229,18.53,46.68,607
2026-04-09T06:24:22.176218641Z,3.231,18.33,37.54,412
2026-04-09T06:44:22.103385243Z,3.227,17.74,31.75,310
2026-04-09T07:04:22.020058571Z,3.225,17.3,30.62,290
2026-04-09T07:24:21.955250758Z,3.231,16.9,29.94,280
2026-04-09T07:44:21.886557030Z,3.231,16.69,29.54,272
2026-04-09T08:04:21.803443919Z,3.231,16.39,29.18,264
2026-04-09T08:24:21.724751581Z,3.233,16.26,28.89,260
2026-04-09T08:44:21.651093423Z,3.235,16.18,28.48,256
2026-04-09T09:04:21.252569015Z,3.239,16.33,28.03,252
2026-04-09T09:24:21.487974795Z,3.235,16.39,27.89,247
2026-04-09T09:44:21.423847386Z,3.244,16.61,27.34,247
2026-04-09T10:04:21.346594316Z,3.252,17.3,26.92,246
2026-04-09T10:24:21.258096513Z,3.26,18.02,26.71,241
2026-04-09T10:44:21.178804794Z,3.256,18.15,26.83,235
2026-04-09T11:04:21.262835365Z,3.256,17.87,26.7,231
2026-04-09T11:24:21.046341273Z,3.26,17.72,26.43,229
2026-04-09T11:44:20.932806680Z,3.258,18.02,26.32,224
2026-04-09T12:04:20.849052226Z,3.26,17.81,26.19,221
2026-04-09T12:24:20.751425948Z,3.265,17.71,26.06,218
2026-04-09T12:44:20.676843639Z,3.265,17.72,25.83,217
2026-04-09T13:04:20.025924016Z,3.273,18.16,25.56,217
2026-04-09T13:24:20.530931026Z,3.262,18.94,25.45,214
2026-04-09T13:44:20.424588644Z,3.267,19.25,25.33,210
2026-04-09T14:04:20.349023398Z,3.269,19.04,25.23,206
2026-04-09T14:24:20.262035892Z,3.269,18.83,25.2,203
2026-04-09T14:44:20.163373470Z,3.269,18.53,25.08,201
2026-04-09T15:04:20.104548381Z,3.275,18.33,24.95,199
2026-04-09T15:24:20.007777902Z,3.267,18.21,24.91,197
2026-04-09T15:44:19.919133117Z,3.265,18.03,24.81,195
2026-04-09T16:04:19.510315619Z,3.265,17.92,24.69,194
2026-04-09T16:24:19.759786357Z,3.265,17.82,24.68,192
2026-04-09T16:44:19.670112493Z,3.265,17.65,24.57,190
2026-04-09T17:04:19.593438731Z,3.258,17.51,24.56,189
2026-04-09T17:24:19.516822656Z,3.258,17.41,24.49,188
2026-04-09T17:44:19.417465496Z,3.26,17.29,24.44,187
2026-04-09T18:04:19.019224400Z,3.256,17.15,24.43,186
2026-04-09T18:24:19.277804982Z,3.256,17,24.43,185
2026-04-09T18:44:19.201045228Z,3.252,16.82,24.37,184
2026-04-09T19:04:19.109505080Z,3.25,16.7,24.31,183
2026-04-09T19:24:19.040529553Z,3.246,16.59,24.31,182
2026-04-09T19:44:18.969491Z,3.25,16.44,24.31,182
2026-04-09T20:04:18.893354743Z,3.248,16.31,24.3,182
2026-04-09T20:24:18.800660273Z,3.25,16.19,24.3,181
2026-04-09T20:44:18.752690188Z,3.244,16.11,24.28,181
2026-04-09T21:04:18.664459962Z,3.241,16.02,24.24,180
2026-04-09T21:24:18.587060256Z,3.239,15.93,24.21,180
2026-04-09T21:44:18.498431806Z,3.239,15.85,24.18,179
2026-04-09T22:04:18.422591767Z,3.241,15.77,24.18,179
2026-04-09T22:24:18.349229581Z,3.241,15.68,24.18,179
2026-04-09T22:44:18.279704331Z,3.237,15.57,24.18,179
2026-04-09T23:04:18.198977868Z,3.237,15.48,24.18,179
2026-04-09T23:24:18.126757458Z,3.235,15.37,24.18,178
2026-04-09T23:44:18.056300077Z,3.237,15.27,24.17,178
2026-04-10T00:04:17.969253278Z,3.235,15.17,24.1,177
2026-04-10T00:24:17.896011942Z,3.239,15.14,24.06,177
2026-04-10T00:44:17.840795038Z,3.235,15.06,24.05,176
2026-04-10T01:04:17.755706872Z,3.235,15.04,24.05,176
2026-04-10T01:24:17.678105653Z,3.241,14.96,24.05,176
2026-04-10T01:44:17.598583274Z,3.239,14.96,24.04,176
2026-04-10T02:04:17.526746021Z,3.235,14.96,24.01,175
2026-04-10T02:24:17.447321482Z,3.235,14.93,23.95,175
2026-04-10T02:44:17.384418574Z,3.233,14.9,23.93,175
2026-04-10T03:04:17.308376379Z,3.233,14.88,23.93,175
2026-04-10T03:24:17.224820889Z,3.235,14.87,23.93,175
2026-04-10T03:44:17.148525437Z,3.235,14.86,23.93,174
2026-04-10T04:04:17.075816548Z,3.246,14.86,23.92,174
2026-04-10T04:24:16.997574471Z,3.233,14.86,23.87,174
2026-04-10T04:44:16.945845499Z,3.239,14.85,23.83,174
2026-04-10T05:04:16.847729498Z,3.237,14.84,23.81,174
2026-04-10T05:24:16.775894524Z,3.237,14.84,23.81,173
2026-04-10T05:44:16.699327934Z,3.233,14.82,23.81,173
2026-04-10T06:04:16.626988308Z,3.233,14.78,23.81,173
2026-04-10T06:24:16.546035865Z,3.229,14.76,23.81,173
2026-04-10T06:44:16.476325943Z,3.233,14.75,23.81,172
2026-04-10T07:04:16.406151671Z,3.233,14.67,23.83,173
2026-04-10T07:24:16.326114476Z,3.235,14.65,24.05,176
2026-04-10T07:44:16.248865892Z,3.235,14.6,24.41,182
2026-04-10T08:04:16.176933905Z,3.235,14.56,24.66,186
2026-04-10T08:24:16.096040129Z,3.231,14.6,24.66,186
2026-04-10T09:04:15.950451455Z,3.235,14.76,24.54,187
2026-04-10T09:24:15.868066571Z,3.237,14.86,24.54,186
2026-04-10T09:44:15.804641773Z,3.244,15.06,24.3,187
2026-04-10T10:04:15.715064943Z,3.248,15.62,24.18,188
2026-04-10T10:24:15.645834464Z,3.25,15.88,24.18,186
2026-04-10T10:44:15.216909956Z,3.254,16.18,24.06,185
2026-04-10T11:04:15.472715891Z,3.254,16.29,24.06,184
2026-04-10T11:24:15.394051248Z,3.256,16.39,23.94,183
2026-04-10T11:44:15.298697801Z,3.256,16.72,23.86,182
2026-04-10T12:04:15.229821621Z,3.26,16.7,23.83,180
2026-04-10T12:24:15.134959009Z,3.256,16.62,23.8,179
2026-04-10T12:44:15.055957939Z,3.262,16.7,23.67,178
2026-04-10T13:04:14.974674772Z,3.26,16.81,23.55,178
2026-04-10T13:24:14.925021309Z,3.273,17.4,23.37,177
2026-04-10T13:44:14.819367935Z,3.262,17.57,23.44,175
2026-04-10T14:04:14.716145306Z,3.262,17.51,23.32,173
2026-04-10T14:24:14.642916670Z,3.265,17.41,23.32,172
2026-04-10T14:44:14.554520941Z,3.265,17.41,23.2,171
2026-04-10T15:04:14.476654733Z,3.265,17.31,23.19,169
2026-04-10T15:24:14.396233587Z,3.262,17.23,23.08,168
2026-04-10T15:44:14.315214717Z,3.258,17.11,23.07,167
2026-04-10T16:04:14.413927458Z,3.256,16.9,23.07,166
2026-04-10T16:24:14.155922240Z,3.254,16.79,23.02,165
2026-04-10T16:44:14.074009984Z,3.256,16.7,22.95,164
2026-04-10T17:04:13.993798129Z,3.256,16.61,22.94,163
2026-04-10T17:24:13.914127623Z,3.254,16.6,22.84,163
2026-04-10T17:44:13.824979401Z,3.256,16.51,22.83,162
2026-04-10T18:04:13.750225584Z,3.256,16.49,22.83,161
2026-04-10T18:24:13.666772544Z,3.248,16.4,22.8,161
2026-04-10T18:44:13.591787581Z,3.252,16.37,22.74,160
2026-04-10T19:04:13.521159339Z,3.246,16.29,22.71,160
2026-04-10T19:24:13.426561219Z,3.248,16.19,22.7,159
2026-04-10T19:44:13.488112768Z,3.246,16.09,22.7,159
2026-04-10T20:04:13.304498460Z,3.237,16.01,22.71,158
2026-04-10T20:24:13.199186833Z,3.235,15.98,22.7,158
2026-04-10T20:44:13.127045166Z,3.244,15.88,22.67,157
2026-04-10T21:04:13.080496688Z,3.233,15.87,22.63,157
2026-04-10T21:24:12.978526070Z,3.239,15.75,22.67,156
2026-04-10T21:44:12.887196647Z,3.235,15.57,22.67,156
2026-04-10T22:04:12.815105964Z,3.233,15.46,22.63,156
2026-04-10T22:24:12.745708349Z,3.231,15.35,22.6,155
2026-04-10T22:44:12.660218504Z,3.231,15.26,22.59,155
2026-04-10T23:04:12.602686047Z,3.231,15.16,22.59,154
2026-04-10T23:24:12.505120165Z,3.227,15.06,22.6,155
2026-04-10T23:44:12.440294800Z,3.229,15.02,22.59,155
2026-04-11T00:04:12.357575569Z,3.229,14.96,22.59,154
2026-04-11T00:24:12.284586819Z,3.229,14.93,22.59,154
2026-04-11T00:44:12.224995355Z,3.229,14.87,22.59,154
2026-04-11T01:04:12.144471026Z,3.227,14.86,22.59,154
2026-04-11T01:24:12.057695165Z,3.229,14.85,22.59,153
2026-04-11T01:44:11.984432667Z,3.231,14.76,22.58,153
2026-04-11T02:04:11.925140598Z,3.229,14.76,22.57,153
2026-04-11T02:24:11.839013508Z,3.227,14.71,22.55,153
2026-04-11T02:44:11.770243539Z,3.225,14.66,22.51,153
2026-04-11T03:04:11.688975337Z,3.229,14.65,22.48,153
2026-04-11T03:24:11.607037591Z,3.231,14.65,22.48,152
2026-04-11T03:44:11.547623270Z,3.225,14.58,22.47,152
2026-04-11T04:04:11.466970203Z,3.229,14.55,22.47,152
2026-04-11T04:24:11.395772530Z,3.231,14.55,22.47,152
2026-04-11T04:44:11.324131314Z,3.231,14.55,22.47,152
2026-04-11T05:04:11.248335066Z,3.233,14.53,22.47,152
2026-04-11T05:24:11.165204038Z,3.229,14.48,22.47,151
2026-04-11T05:44:11.095462534Z,3.231,14.46,22.46,151
2026-04-11T06:04:11.015112979Z,3.229,14.45,22.43,151
2026-04-11T06:24:10.955296160Z,3.225,14.45,22.38,151
2026-04-11T06:44:10.864709357Z,3.223,14.45,22.35,151
2026-04-11T07:04:10.800162675Z,3.235,14.45,22.35,151
2026-04-11T07:24:10.725020451Z,3.231,14.45,22.35,151
2026-04-11T07:44:10.646347614Z,3.229,14.45,22.35,150
2026-04-11T08:04:10.576968355Z,3.233,14.5,22.33,150
2026-04-11T08:24:10.493701869Z,3.233,14.55,22.22,150
2026-04-11T08:44:10.431889026Z,3.233,14.65,22.22,150
2026-04-11T09:04:10.333949162Z,3.239,14.86,22.09,150
2026-04-11T09:24:10.254446206Z,3.241,15.27,21.96,151
2026-04-11T09:44:10.176806901Z,3.248,15.47,21.96,150
2026-04-11T10:04:10.094837500Z,3.239,15.56,21.96,149
2026-04-11T10:24:10.022122871Z,3.246,15.51,21.9,149
2026-04-11T10:44:09.943805308Z,3.252,15.98,21.83,148
2026-04-11T11:04:09.846989055Z,3.246,15.94,21.82,147
2026-04-11T11:24:09.174777421Z,3.25,15.98,21.7,146
2026-04-11T11:44:09.353978909Z,3.25,15.94,21.7,145
2026-04-11T12:04:09.616689647Z,3.246,15.9,21.63,145
2026-04-11T12:24:09.196929198Z,3.256,16.08,21.56,144
2026-04-11T12:44:09.449625051Z,3.254,16.19,21.45,143
2026-04-11T13:04:09.368937804Z,3.254,16.25,21.44,142
2026-04-11T13:24:09.267347290Z,3.254,16.29,21.37,141
2026-04-11T13:44:09.196180653Z,3.26,16.29,21.31,140
2026-04-11T14:04:09.106347795Z,3.258,16.39,21.2,139
2026-04-11T14:24:09.032116240Z,3.258,16.4,21.18,138
2026-04-11T14:44:08.947677132Z,3.262,16.49,21.06,138
2026-04-11T15:04:08.882491469Z,3.258,16.6,21.03,136
2026-04-11T15:24:08.201074798Z,3.262,16.7,20.91,136
2026-04-11T15:44:08.703978850Z,3.267,16.8,20.9,134
2026-04-11T16:04:08.615309984Z,3.267,16.8,20.77,133
2026-04-11T16:24:08.536725565Z,3.262,16.8,20.77,132
2026-04-11T16:44:08.105200482Z,3.26,16.7,20.76,131
2026-04-11T17:04:08.438352109Z,3.258,16.63,20.66,130
2026-04-11T17:24:08.382213606Z,3.26,16.59,20.64,129
2026-04-11T17:44:08.295835264Z,3.26,16.53,20.6,128
2026-04-11T18:04:08.279263836Z,3.267,16.5,20.52,128
2026-04-11T18:24:08.111820090Z,3.254,16.49,20.51,127
2026-04-11T18:44:07.988225886Z,3.252,16.41,20.52,126
2026-04-11T19:04:07.958050952Z,3.254,16.33,20.52,126
2026-04-11T19:24:07.848499080Z,3.248,16.23,20.51,125
2026-04-11T19:44:07.836089426Z,3.252,16.11,20.49,124
2026-04-11T20:04:07.858009797Z,3.248,15.99,20.46,124
2026-04-11T20:24:07.798364629Z,3.241,15.89,20.43,124
2026-04-11T20:44:07.672019377Z,3.244,15.78,20.42,123
2026-04-11T21:04:07.630441548Z,3.237,15.68,20.43,123
2026-04-11T21:24:07.586342987Z,3.241,15.56,20.44,123
2026-04-11T21:44:07.487411766Z,3.237,15.38,20.43,122
2026-04-11T22:04:07.374395607Z,3.237,15.27,20.43,122
2026-04-11T22:24:07.344717248Z,3.237,15.16,20.42,121
2026-04-11T22:44:07.178067479Z,3.233,15.05,20.42,122
2026-04-11T23:04:07.151097734Z,3.229,14.93,20.42,121
2026-04-11T23:24:06.933529705Z,3.231,14.79,20.43,121
2026-04-11T23:44:06.817681484Z,3.225,14.7,20.42,121
2026-04-12T00:04:06.737647136Z,3.229,14.65,20.43,121
2026-04-12T00:24:06.654666797Z,3.235,14.57,20.43,121
2026-04-12T00:44:06.578508696Z,3.237,14.63,20.41,121
2026-04-12T01:04:06.506072063Z,3.235,14.65,20.35,121
2026-04-12T01:24:06.444527993Z,3.233,14.7,20.31,120
2026-04-12T01:44:06.347108098Z,3.231,14.75,20.3,120
2026-04-12T02:04:06.294373453Z,3.233,14.76,20.29,120
2026-04-12T02:24:06.204754691Z,3.233,14.76,20.29,120
2026-04-12T02:44:06.135634667Z,3.235,14.76,20.29,120
2026-04-12T03:04:06.057551852Z,3.233,14.76,20.29,120
2026-04-12T03:24:05.981180243Z,3.237,14.77,20.29,120
2026-04-12T03:44:05.899386029Z,3.235,14.77,20.29,120
2026-04-12T04:04:05.817720158Z,3.231,14.78,20.29,120
2026-04-12T04:24:05.394451949Z,3.233,14.79,20.27,120
2026-04-12T04:44:05.669111188Z,3.237,14.81,20.29,120
2026-04-12T05:04:05.584380746Z,3.235,14.77,20.4,120
2026-04-12T05:24:05.511869025Z,3.231,14.76,20.42,120
2026-04-12T05:44:05.429488606Z,3.231,14.76,20.42,120
2026-04-12T06:04:05.369987746Z,3.229,14.75,20.42,120
2026-04-12T06:24:05.287953584Z,3.235,14.69,20.42,120
2026-04-12T06:44:05.209363884Z,3.229,14.65,20.44,121
2026-04-12T07:04:05.137518987Z,3.237,14.65,20.43,121
2026-04-12T07:24:05.060183885Z,3.229,14.63,20.43,121
2026-04-12T07:44:04.990378955Z,3.241,14.59,20.43,121
2026-04-12T08:04:04.904932196Z,3.233,14.56,20.43,120
2026-04-12T08:24:04.846413900Z,3.231,14.55,20.43,120
2026-04-12T08:44:04.758884561Z,3.233,14.55,20.43,120
2026-04-12T09:04:04.674350769Z,3.233,14.55,20.42,120
2026-04-12T09:24:04.040606763Z,3.233,14.65,20.3,120
2026-04-12T09:44:04.526601476Z,3.237,14.74,20.29,120
2026-04-12T10:04:04.441116222Z,3.233,14.76,20.29,120
2026-04-12T10:24:04.378185380Z,3.237,14.76,20.29,120
2026-04-12T10:44:04.289490327Z,3.237,14.86,20.27,119
2026-04-12T11:04:04.214097484Z,3.239,14.9,20.17,119
2026-04-12T11:24:04.145724813Z,3.241,14.96,20.15,119
2026-04-12T11:44:03.723452455Z,3.241,14.97,20.15,119
2026-04-12T12:04:03.995445577Z,3.235,15.06,20.15,118
2026-04-12T12:24:03.898711905Z,3.239,15.06,20.09,118
2026-04-12T12:44:03.825627060Z,3.239,15.16,20.01,118
2026-04-12T13:04:03.735312162Z,3.244,15.17,20.01,117
2026-04-12T13:24:03.682264717Z,3.246,15.25,20.01,117
2026-04-12T13:44:03.236648499Z,3.246,15.27,19.91,117
2026-04-12T14:04:03.498336762Z,3.244,15.36,19.87,116
2026-04-12T14:24:03.439201357Z,3.248,15.38,19.87,116
2026-04-12T14:44:03.335100672Z,3.248,15.47,19.82,115
2026-04-12T15:04:03.284503111Z,3.25,15.54,19.73,115
2026-04-12T15:24:03.193760835Z,3.252,15.58,19.72,114
2026-04-12T15:44:03.127851924Z,3.252,15.68,19.63,114
2026-04-12T16:04:03.029155548Z,3.252,15.68,19.59,113
2026-04-12T16:24:02.947111752Z,3.248,15.68,19.59,112
2026-04-12T16:44:02.856821611Z,3.252,15.68,19.54,112
2026-04-12T17:04:02.788381434Z,3.258,15.68,19.45,111
2026-04-12T17:24:02.696343240Z,3.258,15.63,19.45,110
2026-04-12T17:44:02.730251861Z,3.246,15.57,19.45,110
2026-04-12T18:04:02.545704529Z,3.248,15.47,19.44,109
2026-04-12T18:24:02.459276326Z,3.248,15.37,19.37,108
2026-04-12T18:44:02.387558518Z,3.244,15.27,19.33,108
2026-04-12T19:04:02.334572635Z,3.239,15.16,19.33,107
2026-04-12T19:24:02.237519268Z,3.244,15.06,19.33,107
2026-04-12T19:44:02.153253271Z,3.244,14.96,19.33,106
2026-04-12T20:04:02.074050809Z,3.241,14.86,19.34,106
2026-04-12T20:24:02.000312864Z,3.244,14.76,19.34,106
2026-04-12T20:44:01.916841671Z,3.237,14.65,19.34,105
2026-04-12T21:04:01.859827510Z,3.235,14.55,19.34,105
2026-04-12T21:24:01.778900618Z,3.235,14.45,19.34,104
2026-04-12T21:44:01.707056312Z,3.235,14.35,19.32,105
2026-04-12T22:04:01.972982983Z,3.233,14.24,19.31,104
2026-04-12T22:24:01.562717605Z,3.231,14.14,19.3,104
2026-04-12T22:44:01.484204835Z,3.227,14.04,19.28,103
2026-04-12T23:04:01.391596616Z,3.231,13.95,19.26,103
2026-04-12T23:24:01.339939821Z,3.227,13.91,19.25,103
2026-04-12T23:44:01.250358693Z,3.229,13.83,19.24,103
2026-04-13T00:04:01.197086029Z,3.227,13.73,19.24,103
2026-04-13T00:24:01.116821190Z,3.225,13.65,19.24,103
2026-04-13T00:44:01.061217100Z,3.223,13.61,19.24,102
2026-04-13T01:04:00.965999062Z,3.221,13.52,19.24,102
2026-04-13T01:24:00.889209944Z,3.223,13.44,19.25,102
2026-04-13T01:44:00.834029079Z,3.221,13.42,19.25,102
2026-04-13T02:04:00.742064143Z,3.221,13.33,19.25,102
2026-04-13T02:24:00.865760642Z,3.225,13.32,19.25,102
2026-04-13T02:44:00.603764259Z,3.221,13.31,19.25,102
2026-04-13T03:04:00.538416909Z,3.223,13.31,19.25,102
2026-04-13T03:24:00.457785637Z,3.223,13.28,19.24,101
2026-04-13T03:44:00.386747043Z,3.221,13.22,19.25,101
2026-04-13T04:04:00.570850601Z,3.219,13.13,19.25,101
2026-04-13T04:24:00.249206625Z,3.217,13.11,19.25,101
2026-04-13T04:44:00.190130086Z,3.221,13.01,19.24,101
2026-04-13T05:04:00.101414855Z,3.217,12.99,19.23,101
2026-04-13T05:24:00.034231759Z,3.219,12.91,19.22,100
2026-04-13T05:43:59.947103754Z,3.217,12.86,19.19,100
2026-04-13T06:04:00.071790167Z,3.219,12.8,19.18,100
2026-04-13T06:23:59.816885903Z,3.221,12.74,19.16,100
2026-04-13T06:43:59.762475889Z,3.212,12.7,19.14,100
2026-04-13T07:03:59.824554445Z,3.223,12.7,19.13,100
2026-04-13T07:23:59.583335789Z,3.239,12.79,19.13,100
2026-04-13T07:43:59.510951154Z,3.237,12.88,19.02,100
2026-04-13T08:03:59.436472900Z,3.231,13.01,18.98,100
2026-04-13T08:23:59.343175914Z,3.233,13.29,18.83,100
2026-04-13T08:43:59.278626680Z,3.233,13.62,18.65,100
2026-04-13T09:03:59.190338257Z,3.248,14.08,18.52,100
2026-04-13T09:23:58.265088522Z,3.239,14.56,18.35,100
2026-04-13T09:43:59.036399923Z,3.244,15.26,18.18,99
2026-04-13T10:03:58.960976499Z,3.25,15.78,18,99
2026-04-13T10:23:58.867614133Z,3.25,16.49,17.85,98
2026-04-13T10:43:58.816145810Z,3.252,16.59,17.99,96
2026-04-13T11:03:58.793547468Z,3.246,16.33,18,96
2026-04-13T11:23:58.642353826Z,3.25,16.42,17.83,96
2026-04-13T11:43:58.564638449Z,3.252,16.76,17.82,94
2026-04-13T12:03:58.475448904Z,3.252,16.59,17.82,93
2026-04-13T12:23:58.036945015Z,3.256,16.42,17.83,93
2026-04-13T12:43:57.980739701Z,3.252,16.42,17.68,92
2026-04-13T13:03:58.006430045Z,3.254,16.87,17.5,92
2026-04-13T13:23:58.142743427Z,3.258,17.84,17.3,91
2026-04-13T13:43:57.474406536Z,3.26,18.23,17.29,90
2026-04-13T14:03:57.965738342Z,3.258,18.01,17.3,89
2026-04-13T14:23:57.882678727Z,3.26,17.72,17.27,88
2026-04-13T14:43:57.472166754Z,3.262,17.62,17.16,87
2026-04-13T15:03:57.721061307Z,3.269,17.51,17.16,86
2026-04-13T15:23:57.052831311Z,3.265,17.41,17.02,85
2026-04-13T15:43:57.565867576Z,3.267,17.31,17.01,84
2026-04-13T16:03:57.471053926Z,3.269,17.21,16.95,83
2026-04-13T16:23:57.436751339Z,3.265,17.11,16.84,82
2026-04-13T16:43:57.308293400Z,3.265,17.01,16.85,81
2026-04-13T17:03:57.227044302Z,3.267,16.92,16.81,80
2026-04-13T17:23:56.546302295Z,3.265,16.86,16.69,80
2026-04-13T17:43:57.267456406Z,3.258,16.78,16.68,79
2026-04-13T18:03:56.966119700Z,3.256,16.66,16.69,78
2026-04-13T18:23:56.553501722Z,3.26,16.5,16.7,78
2026-04-13T18:43:56.811899990Z,3.26,16.39,16.7,78
2026-04-13T19:03:56.741478024Z,3.254,16.23,16.7,77
2026-04-13T19:23:56.636552358Z,3.254,16.08,16.7,76
2026-04-13T19:43:56.588344961Z,3.252,15.89,16.67,76
2026-04-13T20:03:56.489467750Z,3.25,15.77,16.65,76
2026-04-13T20:23:56.403422739Z,3.25,15.59,16.65,76
2026-04-13T20:43:56.339143005Z,3.244,15.47,16.64,76
2026-04-13T21:03:56.248428707Z,3.241,15.34,16.66,75
2026-04-13T21:23:56.174217441Z,3.241,15.16,16.64,75
2026-04-13T21:43:56.098099833Z,3.239,15,16.64,75
2026-04-13T22:03:56.037638055Z,3.239,14.86,16.64,74
2026-04-13T22:23:55.949925647Z,3.241,14.75,16.64,74
2026-04-13T22:43:55.879429703Z,3.237,14.63,16.64,74
2026-04-13T23:03:55.795849924Z,3.235,14.48,16.65,74
2026-04-13T23:23:55.718836873Z,3.244,14.36,16.65,74
2026-04-13T23:43:55.667591052Z,3.229,14.25,16.65,73
2026-04-14T00:03:55.578607007Z,3.231,14.14,16.66,74
2026-04-14T00:23:55.489451659Z,3.229,14.04,16.66,73
2026-04-14T00:43:55.428844573Z,3.231,13.94,16.67,73
2026-04-14T01:03:55.348745078Z,3.233,13.83,16.67,73
2026-04-14T01:23:55.286631430Z,3.237,13.73,16.68,73
2026-04-14T01:43:55.210753758Z,3.231,13.68,16.68,73
2026-04-14T02:03:55.139771541Z,3.231,13.62,16.69,73
2026-04-14T02:23:55.055905598Z,3.231,13.52,16.69,72
2026-04-14T02:43:54.968992328Z,3.223,13.46,16.7,72
2026-04-14T03:03:54.905998549Z,3.227,13.42,16.7,72
2026-04-14T03:23:55.021891294Z,3.227,13.32,16.7,72
2026-04-14T03:43:54.810092412Z,3.231,13.27,16.71,72
2026-04-14T04:03:54.705210854Z,3.227,13.2,16.71,72
2026-04-14T04:23:54.809110746Z,3.225,13.11,16.71,72
2026-04-14T04:43:54.557574541Z,3.233,13.07,16.71,72
2026-04-14T05:03:54.480395306Z,3.225,13.01,16.72,71
2026-04-14T05:23:54.398716323Z,3.223,12.91,16.73,71
2026-04-14T05:43:54.322461068Z,3.225,12.86,16.71,71
2026-04-14T06:03:54.270534612Z,3.221,12.8,16.72,71
2026-04-14T06:23:54.192064137Z,3.223,12.7,16.72,71
2026-04-14T06:43:54.116630495Z,3.223,12.63,16.64,71
2026-04-14T07:03:54.027430349Z,3.231,12.65,16.56,71
2026-04-14T07:23:53.959248638Z,3.235,12.7,16.56,71
2026-04-14T07:43:53.879706898Z,3.241,12.81,16.49,70
2026-04-14T08:03:53.788844958Z,3.241,13.01,16.35,71
2026-04-14T08:23:53.730701863Z,3.241,13.32,16.14,70
2026-04-14T08:43:53.641288240Z,3.246,13.63,16.02,71
2026-04-14T09:03:53.557949932Z,3.237,14.04,15.88,71
2026-04-14T09:23:53.478416679Z,3.248,14.55,15.69,70
2026-04-14T09:43:53.404820577Z,3.252,14.96,15.64,70
2026-04-14T10:03:52.741837600Z,3.256,15.72,15.23,70
2026-04-14T10:23:52.909580717Z,3.252,16.63,15.18,70
2026-04-14T10:43:52.808682816Z,3.254,16.89,15.36,70
2026-04-14T11:03:52.484332401Z,3.258,16.7,15.37,69
2026-04-14T11:23:53.005294731Z,3.26,17,15.07,69
2026-04-14T11:43:52.916476750Z,3.267,17.41,15.14,68
2026-04-14T12:03:52.726945982Z,3.258,17.21,15.15,68
2026-04-14T12:23:52.742164307Z,3.258,17.11,15.16,67
2026-04-14T12:43:52.653772150Z,3.271,17.03,14.98,67
2026-04-14T13:03:52.581052167Z,3.269,17.31,14.76,67
2026-04-14T13:23:52.488537823Z,3.271,18.17,14.59,66
2026-04-14T13:43:52.413761061Z,3.271,18.69,14.6,66
2026-04-14T14:03:52.334674496Z,3.275,18.6,14.68,66
2026-04-14T14:23:52.234742357Z,3.277,18.43,14.6,65
2026-04-14T14:43:52.143584935Z,3.275,18.33,14.51,65
2026-04-14T15:03:52.066836145Z,3.273,18.95,38.01,920
2026-04-14T15:23:51.398518416Z,3.28,20.47,44.51,1197
2026-04-14T15:43:52.027590926Z,3.28,20.5,42.67,1077
2026-04-14T16:03:51.820721499Z,3.275,20.21,32.65,638
2026-04-14T16:23:51.741554249Z,3.275,19.86,30.01,535
2026-04-14T16:43:51.664915370Z,3.284,19.64,29.21,502
2026-04-14T17:03:51.567193451Z,3.277,19.41,28.69,483
2026-04-14T17:23:51.482946440Z,3.28,19.22,28.26,463
2026-04-14T17:43:51.395567863Z,3.277,19.04,27.95,449
2026-04-14T18:03:51.304998894Z,3.277,18.94,27.67,437
2026-04-14T18:23:51.235562693Z,3.275,18.83,27.43,427
2026-04-14T18:43:51.150338854Z,3.271,18.7,27.25,418
2026-04-14T19:03:50.788948729Z,3.269,18.54,27.05,411
2026-04-14T19:23:51.032014544Z,3.265,18.43,26.93,405
2026-04-14T19:43:50.779015991Z,3.265,18.3,26.84,399
2026-04-14T20:03:50.795913615Z,3.265,18.13,26.69,394
2026-04-14T20:23:51.054729408Z,3.265,18.02,26.62,388
2026-04-14T20:43:51.146860194Z,3.269,17.84,26.49,384
2026-04-14T21:03:50.843538369Z,3.256,17.72,26.4,381
2026-04-14T21:23:50.727846645Z,3.256,17.55,26.35,376
2026-04-14T21:43:50.717504647Z,3.256,17.41,26.27,374
2026-04-14T22:23:50.460493031Z,3.252,17.11,26.17,368
2026-04-14T22:43:50.317170694Z,3.252,17,26.09,365
2026-04-14T23:03:50.191001266Z,3.252,16.9,26.08,363
2026-04-14T23:23:50.035409939Z,3.248,16.75,25.98,360
2026-04-14T23:43:49.948412535Z,3.252,16.6,25.95,358
2026-04-15T08:03:47.644505835Z,3.26,15.5,24.7,326
2026-04-15T08:23:47.929556812Z,3.258,15.78,24.57,325
2026-04-15T08:43:47.486865032Z,3.258,16.19,24.33,325
2026-04-15T12:03:46.987632766Z,3.275,19.11,23.22,290
2026-04-15T12:23:46.904750773Z,3.282,18.95,23.09,286
2026-04-15T12:43:46.505246713Z,3.282,18.94,22.97,283
2026-04-15T13:03:46.740208429Z,3.284,19.18,22.71,282
2026-04-15T13:23:46.657449838Z,3.286,19.86,22.57,281
2026-04-15T13:43:46.267013363Z,3.282,20.26,22.58,276
2026-04-15T14:03:45.919730096Z,3.284,20.19,22.48,272
2026-04-15T14:23:46.432415943Z,3.286,20.12,22.44,268
2026-04-15T14:43:46.368735327Z,3.288,20.06,22.32,264
2026-04-15T15:03:46.241073914Z,3.288,20.1,22.19,262
2026-04-15T15:23:45.598124962Z,3.29,20.06,22.11,258
2026-04-15T15:43:46.071292813Z,3.288,19.96,22.07,254
2026-04-15T16:03:46.003639480Z,3.29,19.94,21.94,252
2026-04-15T16:23:46.212782448Z,3.288,19.86,21.84,249
2026-04-15T16:43:45.826881079Z,3.29,19.81,21.81,247
2026-04-15T17:03:45.754680491Z,3.288,19.76,21.71,244
2026-04-15T17:23:45.665470154Z,3.29,19.71,21.68,242
2026-04-15T17:43:45.564871863Z,3.284,19.65,21.56,239
2026-04-15T18:03:45.127873762Z,3.284,19.6,21.56,238
2026-04-15T18:23:45.442861714Z,3.277,19.55,21.51,235
2026-04-15T18:43:44.986795460Z,3.282,19.45,21.43,234
2026-04-15T19:03:45.366323910Z,3.277,19.35,21.43,232
2026-04-15T19:23:45.377099822Z,3.275,19.25,21.44,231
2026-04-15T19:43:45.402001921Z,3.275,19.14,21.44,231
2026-04-15T20:03:45.284076432Z,3.265,19.04,21.43,230
2026-04-15T20:23:45.302275616Z,3.271,18.95,21.39,228
2026-04-15T20:43:45.198391734Z,3.269,18.85,21.33,228
2026-04-15T21:03:45.065114228Z,3.267,18.78,21.32,227
2026-04-15T21:23:44.369105102Z,3.267,18.73,21.32,226
2026-04-15T21:43:44.897344814Z,3.258,18.63,21.32,226
2026-04-15T22:03:44.868326429Z,3.265,18.53,21.25,225
2026-04-15T22:23:44.393452870Z,3.265,18.43,21.2,224
2026-04-15T22:43:44.196721848Z,3.273,18.34,21.19,224
2026-04-15T23:03:43.735681099Z,3.258,18.31,21.2,223
2026-04-15T23:23:44.155761094Z,3.256,18.23,21.2,223
2026-04-15T23:43:44.073356710Z,3.26,18.14,21.18,222
2026-04-16T00:03:43.995182750Z,3.262,18.12,21.15,221
2026-04-16T00:23:43.917775563Z,3.256,18.02,21.11,220
2026-04-16T00:43:43.841532962Z,3.258,18.02,21.12,220
2026-04-16T01:03:43.744333312Z,3.256,17.92,21.08,219
2026-04-16T01:23:43.673122682Z,3.256,17.82,21.08,218
2026-04-16T01:43:43.594021168Z,3.254,17.72,21.08,218
2026-04-16T02:03:43.505224958Z,3.252,17.64,21.08,217
2026-04-16T02:23:43.422262518Z,3.252,17.61,21.08,217
2026-04-16T02:43:43.348538255Z,3.254,17.51,21.09,216
2026-04-16T03:03:43.267523925Z,3.254,17.45,21.08,216
2026-04-16T03:23:43.187329384Z,3.25,17.41,21.05,215
2026-04-16T03:43:43.109693359Z,3.254,17.39,21.02,215
2026-04-16T04:03:43.027659630Z,3.246,17.31,21.05,214
2026-04-16T04:23:42.954390850Z,3.248,17.19,21.06,213
2026-04-16T04:43:42.868438692Z,3.248,17.09,20.98,213
2026-04-16T05:03:42.796096151Z,3.241,17,24.46,305
2026-04-16T05:23:42.697687299Z,3.25,19.26,46.79,728
2026-04-16T05:43:42.623663226Z,3.246,19.85,47.19,692
2026-04-16T06:03:42.534968434Z,3.246,19.96,47.5,670
2026-04-16T06:23:42.478402759Z,3.246,19.86,38.58,477
2026-04-16T06:43:42.395282337Z,3.248,19.45,30.88,331
2026-04-16T07:23:42.217906802Z,3.265,19.04,28.82,293
2026-04-16T07:43:42.139135232Z,3.267,18.94,28.32,285
2026-04-16T08:03:41.700342362Z,3.277,18.94,27.91,279
2026-04-16T08:23:41.967183769Z,3.28,19.04,27.52,274
2026-04-16T08:43:41.042766674Z,3.28,19.14,27.13,269
2026-04-16T09:03:41.807419828Z,3.277,19.33,26.77,266
2026-04-16T09:23:41.975295873Z,3.288,19.55,26.52,262
2026-04-16T09:43:41.282921400Z,3.286,19.86,26.23,259
2026-04-16T10:03:41.225112689Z,3.29,20.37,25.86,257
2026-04-16T10:23:41.471645412Z,3.286,20.88,25.74,253
2026-04-16T10:43:41.770706766Z,3.29,20.98,25.62,248
2026-04-16T11:03:40.707313990Z,3.29,20.91,25.49,245
2026-04-16T11:23:41.217179645Z,3.286,21.16,25.24,243
2026-04-16T11:43:41.142742493Z,3.299,21.39,25.23,239
2026-04-16T12:03:41.057995803Z,3.292,21.37,25.12,236
2026-04-16T12:23:40.973412005Z,3.29,21.29,24.99,233
2026-04-16T12:43:40.890954792Z,3.292,21.29,24.86,231
2026-04-16T13:03:40.794585250Z,3.299,21.47,24.61,230
2026-04-16T13:23:40.382634903Z,3.299,21.88,24.48,228
2026-04-16T13:43:39.774826947Z,3.299,22.1,24.36,226
2026-04-16T14:03:40.546805173Z,3.303,22.1,24.23,222
2026-04-16T14:23:40.481641527Z,3.301,22.01,24.11,220
2026-04-16T14:43:39.812164350Z,3.303,22,23.99,218
2026-04-16T15:03:39.979141508Z,3.308,21.91,23.88,215
2026-04-16T15:23:39.886950468Z,3.301,21.88,23.77,213
2026-04-16T15:43:40.145563616Z,3.308,21.8,23.71,210
2026-04-16T16:03:40.056770182Z,3.305,21.69,23.58,209
2026-04-16T16:23:39.403613761Z,3.31,21.67,23.46,207
2026-04-16T16:43:39.903350679Z,3.299,21.59,23.39,205
2026-04-16T17:03:39.217751861Z,3.299,21.59,23.33,203
2026-04-16T17:23:39.716070471Z,3.299,21.5,23.2,202
2026-04-16T17:43:39.288270052Z,3.299,21.49,23.16,200
2026-04-16T18:03:39.565757951Z,3.299,21.39,23.07,199
2026-04-16T18:23:39.129090932Z,3.295,21.29,23.05,198
2026-04-16T18:43:39.373249758Z,3.29,21.19,22.94,197
2026-04-16T19:03:39.305008632Z,3.288,21.09,22.94,196
2026-04-16T19:23:38.869121718Z,3.286,20.98,22.94,195
2026-04-16T19:43:38.775435694Z,3.284,20.88,22.87,194
2026-04-16T20:03:38.469260406Z,3.28,20.76,22.82,193
2026-04-16T20:23:38.971631102Z,3.277,20.57,22.81,193
2026-04-16T20:43:38.880592244Z,3.273,20.46,22.81,192
2026-04-16T21:03:38.811225056Z,3.271,20.29,22.79,192
2026-04-16T21:23:38.713276844Z,3.277,20.23,22.69,191
2026-04-16T21:43:38.646453481Z,3.269,20.16,22.68,191
2026-04-16T22:03:38.216947797Z,3.271,20.09,22.68,191
2026-04-16T22:23:38.464038871Z,3.277,20.06,22.61,190
2026-04-16T22:43:38.049360418Z,3.267,19.96,22.58,190
2026-04-16T23:03:38.307123529Z,3.271,19.86,22.56,189
2026-04-16T23:23:38.627787679Z,3.267,19.86,22.56,189
2026-04-16T23:43:37.795452767Z,3.269,19.76,22.56,188
2026-04-17T00:03:38.046091060Z,3.26,19.66,22.55,188
2026-04-17T00:23:37.964825764Z,3.265,19.62,22.5,188
2026-04-17T00:43:37.829603239Z,3.26,19.55,22.45,187
2026-04-17T01:03:37.806730759Z,3.258,19.45,22.43,187
2026-04-17T01:23:37.731308667Z,3.254,19.35,22.43,186
2026-04-17T01:43:37.624256753Z,3.267,19.25,22.43,187
2026-04-17T02:03:37.557224211Z,3.26,19.2,22.43,186
2026-04-17T02:23:37.486101552Z,3.258,19.14,22.4,186
2026-04-17T02:43:37.393386429Z,3.26,19.04,22.34,185
2026-04-17T03:03:37.312327167Z,3.254,18.94,22.31,185
2026-04-17T03:23:37.242190702Z,3.254,18.88,22.31,185
2026-04-17T03:43:37.154829696Z,3.254,18.82,22.31,184
2026-04-17T04:03:37.069699651Z,3.256,18.74,22.3,184
2026-04-17T04:23:36.976113750Z,3.254,18.64,22.3,183
2026-04-17T04:43:36.915135265Z,3.252,18.53,22.3,183
2026-04-17T05:03:36.827591526Z,3.252,18.43,22.25,182
2026-04-17T05:23:36.733041539Z,3.25,18.33,22.2,183
2026-04-17T05:43:36.662834515Z,3.248,18.23,22.19,182
2026-04-17T06:03:36.586512327Z,3.25,18.14,22.18,182
2026-04-17T06:23:36.516473314Z,3.246,18.1,22.18,181
2026-04-17T06:43:36.435223656Z,3.25,18.02,22.12,181
2026-04-17T07:03:36.344386045Z,3.256,18.04,22.06,181
2026-04-17T07:23:36.257409270Z,3.269,18.13,21.95,181
2026-04-17T07:43:36.177961191Z,3.275,18.33,21.91,181
2026-04-17T08:03:36.121250167Z,3.277,18.55,21.77,181
2026-04-17T08:23:36.013880618Z,3.273,18.84,21.61,181
2026-04-17T08:43:35.928007557Z,3.277,19.23,21.4,180
2026-04-17T09:03:34.979482671Z,3.282,19.58,21.25,179
2026-04-17T09:23:35.757730934Z,3.286,20.06,21.11,179
2026-04-17T09:43:35.680746804Z,3.29,20.63,20.83,178
2026-04-17T10:03:35.624410926Z,3.292,21.29,20.68,177
2026-04-17T10:23:35.166988107Z,3.29,21.8,20.54,176
2026-04-17T10:43:35.093929369Z,3.288,22.04,20.62,173
2026-04-17T11:03:35.347298932Z,3.292,21.9,20.53,171
2026-04-17T11:23:35.268792069Z,3.297,22.1,20.34,169
2026-04-17T11:43:35.171754350Z,3.288,22.21,20.3,166
2026-04-17T12:03:35.107700904Z,3.295,22.08,20.25,164
2026-04-17T12:23:35.013959674Z,3.295,21.9,20.12,162
2026-04-17T12:43:34.402942577Z,3.297,21.81,20.01,160
2026-04-17T13:03:33.998348304Z,3.292,21.97,19.82,159
2026-04-17T13:23:34.763581619Z,3.299,22.41,19.67,158
2026-04-17T13:43:34.685257495Z,3.295,22.61,19.55,155
2026-04-17T14:03:34.279354954Z,3.308,22.61,19.52,153
2026-04-17T14:23:34.517893040Z,3.299,22.59,19.5,151
2026-04-17T14:43:34.434809749Z,3.301,22.51,19.37,149
2026-04-17T15:03:33.534322197Z,3.301,22.5,19.23,147
2026-04-17T15:23:34.280432700Z,3.308,22.41,19.13,145
2026-04-17T15:43:34.186063530Z,3.301,22.34,19.08,143
2026-04-17T16:03:34.108358073Z,3.303,22.31,18.94,142
2026-04-17T16:23:34.019679938Z,3.299,22.25,18.87,140
2026-04-17T16:43:33.942330856Z,3.301,22.2,18.79,137
2026-04-17T17:03:33.264096288Z,3.299,22.1,18.65,136
2026-04-17T17:23:33.776069290Z,3.297,22,18.65,134
2026-04-17T17:43:33.681258766Z,3.295,21.9,18.5,133
2026-04-17T18:03:33.609328032Z,3.295,21.8,18.5,131
2026-04-17T18:23:33.623696696Z,3.29,21.76,18.36,130
2026-04-17T18:43:33.447506596Z,3.288,21.68,18.36,129
2026-04-17T19:03:33.009522189Z,3.286,21.59,18.36,128
2026-04-17T19:23:32.908978832Z,3.282,21.46,18.31,128
2026-04-17T19:43:33.183484837Z,3.286,21.35,18.25,127
2026-04-17T20:03:33.085046393Z,3.282,21.22,18.23,127
2026-04-17T20:23:32.679733791Z,3.275,21.08,18.24,126
2026-04-17T20:43:32.925878915Z,3.275,20.98,18.24,125
2026-04-17T21:03:32.487689904Z,3.273,20.79,18.25,125
2026-04-17T21:23:32.759014997Z,3.269,20.67,18.25,125
2026-04-17T21:43:32.682044246Z,3.262,20.47,18.26,124
2026-04-17T22:03:32.599498214Z,3.267,20.31,18.26,124
2026-04-17T22:23:32.507270875Z,3.256,20.09,18.27,123
2026-04-17T22:43:32.428154299Z,3.262,19.96,18.28,123
2026-04-17T23:03:32.343465561Z,3.256,19.76,18.29,123
2026-04-17T23:23:32.278050165Z,3.252,19.65,18.29,123
2026-04-17T23:43:32.186987612Z,3.254,19.55,18.29,122
2026-04-18T00:03:32.117056012Z,3.254,19.35,18.3,122
2026-04-18T00:23:32.035192088Z,3.252,19.25,18.3,122
2026-04-18T00:43:31.956071311Z,3.25,19.08,18.31,122
2026-04-18T01:03:31.860209277Z,3.248,18.94,18.31,121
2026-04-18T01:23:31.796032476Z,3.25,18.84,18.3,121
2026-04-18T01:43:31.385797794Z,3.25,18.72,18.26,121
2026-04-18T02:03:31.631106298Z,3.244,18.58,18.25,121
2026-04-18T02:23:31.550073578Z,3.246,18.47,18.22,120
2026-04-18T02:43:31.476017732Z,3.248,18.35,18.21,121
2026-04-18T03:03:31.406372017Z,3.248,18.23,18.2,120
2026-04-18T03:23:31.319743296Z,3.25,18.13,18.2,120
2026-04-18T03:43:31.235921279Z,3.248,18.02,18.21,119
2026-04-18T04:03:31.154654230Z,3.248,17.84,18.22,119
2026-04-18T04:23:31.076888633Z,3.244,17.72,18.22,119
2026-04-18T04:43:30.994358535Z,3.244,17.62,18.22,118
2026-04-18T05:03:30.914601999Z,3.248,17.51,18.18,118
2026-04-18T05:23:30.827240826Z,3.248,17.41,18.1,118
2026-04-18T05:43:30.765424657Z,3.25,17.37,18.09,118
2026-04-18T06:03:30.673442081Z,3.241,17.31,18.09,118
2026-04-18T06:23:30.596831310Z,3.248,17.31,18.09,118
2026-04-18T06:43:30.535701631Z,3.25,17.31,18.09,117
2026-04-18T07:03:30.438083094Z,3.254,17.31,17.96,118
2026-04-18T07:23:29.763287911Z,3.256,17.41,17.93,118
2026-04-18T07:43:29.403708667Z,3.262,17.62,17.78,117
2026-04-18T08:03:30.197415453Z,3.267,17.82,17.66,117
2026-04-18T08:23:30.102973146Z,3.262,18.04,17.6,116
2026-04-18T08:43:30.027245261Z,3.267,18.33,17.44,116
2026-04-18T09:03:29.947465160Z,3.275,18.74,17.26,115
2026-04-18T09:23:29.922320144Z,3.275,19.14,17.08,114
2026-04-18T09:43:29.762135213Z,3.286,19.65,16.87,114
2026-04-18T10:03:29.676234647Z,3.286,20.37,16.65,113
2026-04-18T10:23:29.609776608Z,3.288,20.94,16.47,112
2026-04-18T10:43:29.517893189Z,3.29,21.18,16.47,111
2026-04-18T11:03:28.870348036Z,3.29,21.18,16.44,110
2026-04-18T11:23:29.018443749Z,3.292,21.49,16.22,109
2026-04-18T11:43:29.286204351Z,3.29,21.73,16.23,107
2026-04-18T12:03:29.177932941Z,3.288,21.6,16.23,106
2026-04-18T12:23:29.302232685Z,3.295,21.58,16.07,105
2026-04-18T12:43:29.025525871Z,3.292,21.56,16.04,104
2026-04-18T13:03:28.366350306Z,3.292,21.7,15.86,103
2026-04-18T13:23:28.856064950Z,3.297,22.11,15.66,102
2026-04-18T13:43:28.779077936Z,3.301,22.38,15.65,101
2026-04-18T14:03:28.338043095Z,3.299,22.37,15.64,100
2026-04-18T14:23:27.757246037Z,3.303,22.31,15.49,99
2026-04-18T14:43:28.635891795Z,3.299,22.39,15.46,98
2026-04-18T15:03:28.117692714Z,3.303,22.41,15.46,97
2026-04-18T15:23:28.365409561Z,3.299,22.41,15.37,96
2026-04-18T15:43:28.292178935Z,3.305,22.31,15.28,95
2026-04-18T16:03:28.187286055Z,3.305,22.22,15.28,94
2026-04-18T16:23:27.779546104Z,3.301,22.2,15.15,93
2026-04-18T16:43:27.473403988Z,3.301,22.15,15.1,92
2026-04-18T17:03:27.587114832Z,3.299,22.1,15.1,91
2026-04-18T17:23:27.866298586Z,3.297,22.01,15.1,90
2026-04-18T17:43:27.786069788Z,3.299,22,15.07,90
2026-04-18T18:03:27.357789872Z,3.29,21.91,15.02,90
2026-04-18T18:23:27.622876088Z,3.297,21.8,14.98,89
2026-04-18T18:43:27.544036666Z,3.29,21.7,14.97,88
2026-04-18T19:03:27.113771604Z,3.299,21.59,14.99,88
2026-04-18T19:23:27.014343445Z,3.288,21.43,15.01,88
2026-04-18T19:43:27.295188290Z,3.286,21.28,15.01,87
2026-04-18T20:03:27.202838515Z,3.284,21.08,14.98,87
2026-04-18T20:23:27.105512430Z,3.284,20.98,14.97,87
2026-04-18T20:43:27.023553103Z,3.282,20.88,14.97,87
2026-04-18T21:03:26.586013352Z,3.282,20.78,14.97,86
2026-04-18T21:23:26.266073923Z,3.28,20.67,14.98,87
2026-04-18T21:43:26.766264011Z,3.277,20.61,14.98,86
2026-04-18T22:03:26.685528450Z,3.271,20.56,14.98,86
2026-04-18T22:23:26.265034921Z,3.273,20.47,14.98,86
2026-04-18T22:43:26.194352413Z,3.275,20.42,14.94,86
2026-04-18T23:03:26.426459227Z,3.277,20.37,14.96,86
2026-04-18T23:23:26.346132819Z,3.271,20.27,14.98,86
2026-04-18T23:43:25.941186858Z,3.271,20.16,14.98,86
2026-04-19T00:03:26.198844423Z,3.271,20.06,14.95,85
2026-04-19T00:23:25.226147189Z,3.275,19.96,14.88,85
2026-04-19T00:43:26.023620701Z,3.271,19.85,14.83,85
2026-04-19T01:03:25.935286508Z,3.271,19.76,14.83,85
2026-04-19T01:23:25.257278405Z,3.269,19.72,14.83,85
2026-04-19T01:43:25.763305456Z,3.271,19.65,14.86,85
2026-04-19T02:03:25.687290489Z,3.262,19.55,14.87,85
2026-04-19T02:23:25.595046666Z,3.267,19.45,14.94,84
2026-04-19T02:43:25.533336469Z,3.265,19.35,14.94,84
2026-04-19T03:03:25.439721055Z,3.26,19.25,14.96,84
2026-04-19T03:23:24.758266450Z,3.267,19.15,14.96,84
2026-04-19T03:43:24.935090237Z,3.258,19.08,14.98,84
2026-04-19T04:03:24.846808001Z,3.258,19.03,14.99,84
2026-04-19T04:23:24.513654132Z,3.258,18.94,15,84
2026-04-19T04:43:25.015846669Z,3.256,18.84,15.01,84
2026-04-19T05:03:24.603099226Z,3.256,18.74,15.03,84
2026-04-19T05:23:24.853497089Z,3.256,20.37,45.35,667
2026-04-19T05:43:24.776849812Z,3.256,20.78,45.75,646
2026-04-19T06:03:24.704531308Z,3.256,20.86,46.24,633
2026-04-19T06:23:24.263549514Z,3.254,20.77,41.08,516
2026-04-19T06:43:24.533382741Z,3.254,20.37,33.6,377
2026-04-19T07:03:24.454380913Z,3.262,20.06,31.5,342
2026-04-19T07:23:24.353624412Z,3.265,19.95,29.86,311
2026-04-19T07:43:24.285620105Z,3.267,19.85,29.15,298
2026-04-19T08:03:23.869351550Z,3.271,19.76,28.63,288
2026-04-19T08:23:24.111989344Z,3.271,19.83,28.15,281
2026-04-19T08:43:23.685182924Z,3.273,19.86,27.78,274
2026-04-19T09:03:23.946526350Z,3.271,19.94,27.42,268
2026-04-19T09:23:23.858410410Z,3.28,19.96,27.02,263
2026-04-19T09:43:23.778629389Z,3.282,20.25,26.53,259
2026-04-19T10:03:23.697925168Z,3.286,20.63,26.23,255
2026-04-19T10:23:23.613429317Z,3.288,20.95,25.96,249
2026-04-19T10:43:23.543329027Z,3.297,21.05,25.75,243
2026-04-19T11:03:23.428497139Z,3.29,21.07,25.5,239
2026-04-19T11:23:23.351271136Z,3.295,21.12,25.24,235
2026-04-19T11:43:23.265586440Z,3.292,21.27,25.1,231
2026-04-19T12:03:23.186042922Z,3.295,21.25,24.86,226
2026-04-19T12:23:23.098596500Z,3.297,21.18,24.72,223
2026-04-19T12:43:23.034977911Z,3.295,21.18,24.48,219
2026-04-19T13:03:22.597959449Z,3.303,21.29,24.22,216
2026-04-19T13:23:22.858999028Z,3.297,21.46,23.97,213
2026-04-19T13:43:22.785104413Z,3.297,21.58,23.91,209
2026-04-19T14:03:22.691978707Z,3.305,21.57,23.77,206
2026-04-19T14:23:22.625066Z,3.301,21.49,23.58,203
2026-04-19T14:43:22.520997757Z,3.301,21.53,23.46,201
2026-04-19T15:03:22.453448788Z,3.295,21.59,23.33,198
2026-04-19T15:23:22.376848477Z,3.299,21.59,23.2,196
2026-04-19T15:43:22.283987916Z,3.301,21.59,22.97,193
2026-04-19T16:03:21.860631481Z,3.301,21.59,22.81,191
2026-04-19T16:23:22.117435280Z,3.299,21.59,22.68,188
2026-04-19T16:43:21.682982758Z,3.299,21.59,22.62,186
2026-04-19T17:03:21.942720052Z,3.295,21.56,22.54,184
2026-04-19T17:23:21.874408573Z,3.299,21.52,22.41,182
2026-04-19T17:43:21.765586451Z,3.299,21.53,22.28,181
2026-04-19T18:03:21.682650487Z,3.295,21.55,22.16,179
2026-04-19T18:23:21.265553550Z,3.295,21.49,22.13,178
2026-04-19T18:43:20.947069019Z,3.292,21.46,22.02,177
2026-04-19T19:03:21.086605983Z,3.288,21.39,22.02,175
2026-04-19T19:23:21.352922554Z,3.284,21.28,21.93,174
2026-04-19T19:43:21.269683598Z,3.284,21.18,21.89,173
2026-04-19T20:03:20.847820965Z,3.284,21.08,21.9,172
2026-04-19T20:23:20.518271587Z,3.284,20.98,21.82,171
2026-04-19T20:43:21.012866241Z,3.28,20.89,21.77,171
2026-04-19T21:03:20.926967664Z,3.284,20.88,21.71,170
2026-04-19T21:23:20.835062644Z,3.282,20.78,21.63,169
2026-04-19T21:43:20.755449369Z,3.28,20.67,21.61,169
2026-04-19T22:03:20.700161931Z,3.277,20.57,21.52,168
2026-04-19T22:23:20.589152320Z,3.275,20.47,21.51,168
2026-04-19T22:43:20.511924522Z,3.277,20.37,21.51,167
2026-04-19T23:03:20.065887232Z,3.282,20.27,21.39,166
2026-04-19T23:23:20.334536552Z,3.275,20.16,21.38,165
2026-04-19T23:43:20.246341530Z,3.273,20.06,21.35,165
2026-04-20T00:03:20.158262961Z,3.273,19.96,21.25,164
2026-04-20T00:23:20.099139578Z,3.271,19.86,21.25,163
2026-04-20T00:43:19.997234465Z,3.273,19.76,21.25,163
2026-04-20T01:03:19.913062379Z,3.269,19.65,21.2,162
2026-04-20T01:23:19.830660021Z,3.271,19.63,21.13,161
2026-04-20T01:43:19.166138469Z,3.269,19.55,21.12,161
2026-04-20T02:03:19.661989931Z,3.271,19.48,21.12,160
2026-04-20T02:23:19.588018047Z,3.267,19.45,21.11,160
2026-04-20T02:43:19.143789634Z,3.275,19.35,21.01,159
2026-04-20T03:03:19.077266934Z,3.265,19.29,20.99,158
2026-04-20T03:23:18.978565699Z,3.262,19.25,20.99,158
2026-04-20T03:43:18.908943192Z,3.265,19.15,20.98,157
2026-04-20T04:03:19.182749676Z,3.262,19.14,20.94,157
2026-04-20T04:23:19.090023093Z,3.26,19.04,20.93,156
2026-04-20T04:43:18.668983306Z,3.26,18.94,20.87,155
2026-04-20T05:03:18.920791766Z,3.26,18.84,20.86,155
2026-04-20T05:23:18.848275563Z,3.256,18.78,20.86,154
2026-04-20T05:43:18.746019514Z,3.258,18.73,20.78,154
2026-04-20T06:03:18.678978652Z,3.256,18.63,20.73,153
2026-04-20T06:23:18.604264996Z,3.26,18.54,20.73,153
2026-04-20T06:43:18.504093521Z,3.265,18.53,20.63,152
2026-04-20T07:03:18.418600136Z,3.265,18.53,20.6,152
2026-04-20T07:23:18.334867494Z,3.269,18.61,20.46,151
2026-04-20T07:43:18.261118343Z,3.275,18.74,20.32,150
2026-04-20T08:03:17.815456031Z,3.28,18.94,20.18,149
2026-04-20T08:23:18.085370789Z,3.277,19.14,20.01,148
2026-04-20T08:43:17.648754765Z,3.28,19.44,19.75,146
2026-04-20T09:03:17.573895181Z,3.282,19.76,19.6,144
2026-04-20T09:23:17.862453623Z,3.288,20.04,19.44,142
2026-04-20T09:43:17.174433488Z,3.292,20.37,19.15,140
2026-04-20T10:03:17.312867422Z,3.292,20.88,18.86,139
2026-04-20T10:23:17.599880679Z,3.295,21.49,18.78,136
2026-04-20T10:43:17.504711547Z,3.292,21.62,18.66,134
2026-04-20T11:03:17.433201316Z,3.299,21.63,18.51,132
2026-04-20T11:23:17.351189909Z,3.299,21.91,18.23,130
2026-04-20T11:43:17.256661850Z,3.301,22.2,18.19,127
2026-04-20T12:03:17.191095002Z,3.303,22.12,18.19,125
2026-04-20T12:23:17.096826409Z,3.299,22.1,18.04,123
2026-04-20T12:43:17.013012786Z,3.308,22.1,17.94,121
2026-04-20T13:03:16.933403052Z,3.303,22.25,17.81,119
2026-04-20T13:23:16.852008894Z,3.308,22.51,17.7,117
2026-04-20T13:43:16.766348515Z,3.305,22.71,17.54,115
2026-04-20T14:03:16.330772678Z,3.305,22.72,17.44,113
2026-04-20T14:23:16.273047482Z,3.305,22.71,17.38,111
2026-04-20T14:43:16.518381773Z,3.31,22.72,17.22,109
2026-04-20T16:43:15.469310983Z,3.301,22.71,16.57,99
2026-04-20T16:43:15.469310983Z,3.301,22.71,16.57,99
2026-04-20T16:43:15.469310983Z,3.301,22.71,16.57,99
2026-04-20T17:03:15.967732766Z,3.299,22.61,16.54,98
2026-04-20T17:03:15.967732766Z,3.299,22.61,16.54,98
2026-04-20T17:23:15.878048165Z,3.29,22.45,16.55,97
2026-04-20T17:23:15.878048165Z,3.29,22.45,16.55,97
2026-04-20T17:43:15.796399649Z,3.295,22.31,16.56,96
2026-04-20T17:43:15.796399649Z,3.295,22.31,16.56,96
2026-04-20T18:03:15.699941824Z,3.295,22.2,16.39,95
2026-04-20T18:03:15.699941824Z,3.295,22.2,16.39,95
2026-04-20T18:03:15.699941824Z,3.295,22.2,16.39,95
2026-04-20T18:23:15.279559697Z,3.292,22.1,16.39,95
2026-04-20T18:23:15.279559697Z,3.292,22.1,16.39,95
2026-04-20T18:23:15.279559697Z,3.292,22.1,16.39,95
2026-04-20T18:43:15.559255327Z,3.292,22.02,16.39,94
2026-04-20T18:43:15.559255327Z,3.292,22.02,16.39,94
2026-04-20T18:43:15.559255327Z,3.292,22.02,16.39,94
2026-04-20T19:03:15.454628243Z,3.284,21.95,16.32,93
2026-04-20T19:03:15.454628243Z,3.284,21.95,16.32,93
2026-04-20T19:03:15.454628243Z,3.284,21.95,16.32,93
2026-04-20T19:03:15.454628243Z,3.284,21.95,16.32,93
2026-04-20T19:23:15.371797997Z,3.288,21.87,16.24,92
2026-04-20T19:23:15.371797997Z,3.288,21.87,16.24,92
2026-04-20T19:23:15.371797997Z,3.288,21.87,16.24,92
2026-04-20T19:23:15.371797997Z,3.288,21.87,16.24,92
2026-04-20T19:43:15.384601855Z,3.29,21.77,16.23,92
2026-04-20T19:43:15.384601855Z,3.29,21.77,16.23,92
2026-04-20T19:43:15.384601855Z,3.29,21.77,16.23,92
2026-04-20T19:43:15.384601855Z,3.29,21.77,16.23,92
2026-04-20T20:03:15.301420998Z,3.282,21.59,16.23,91
2026-04-20T20:03:15.301420998Z,3.282,21.59,16.23,91
2026-04-20T20:03:15.301420998Z,3.282,21.59,16.23,91
2026-04-20T20:23:14.946706271Z,3.284,21.49,16.24,91
2026-04-20T20:23:14.946706271Z,3.284,21.49,16.24,91
2026-04-20T20:23:14.946706271Z,3.284,21.49,16.24,91
2026-04-20T20:43:15.080388683Z,3.284,21.37,16.24,91
2026-04-20T20:43:15.080388683Z,3.284,21.37,16.24,91
2026-04-20T20:43:15.080388683Z,3.284,21.37,16.24,91
2026-04-20T21:03:15.153517871Z,3.282,21.18,16.08,90
2026-04-20T21:03:15.153517871Z,3.282,21.18,16.08,90
2026-04-20T21:23:14.957777897Z,3.282,20.98,16.08,90
2026-04-20T21:23:14.957777897Z,3.282,20.98,16.08,90
2026-04-20T21:43:14.975262542Z,3.282,20.86,16.08,89
2026-04-20T21:43:14.975262542Z,3.282,20.86,16.08,89
2026-04-20T22:03:14.595692893Z,3.282,20.72,15.96,89
2026-04-20T22:03:14.595692893Z,3.282,20.72,15.96,89
2026-04-20T22:23:14.772714509Z,3.277,20.66,15.93,88
2026-04-20T22:23:14.772714509Z,3.277,20.66,15.93,88
2026-04-20T22:43:14.619001628Z,3.277,20.57,15.92,88
2026-04-20T22:43:14.619001628Z,3.277,20.57,15.92,88
2026-04-20T23:03:14.476610899Z,3.277,20.47,15.93,88
2026-04-20T23:03:14.476610899Z,3.277,20.47,15.93,88
2026-04-20T23:23:14.049540717Z,3.277,20.47,15.93,88
2026-04-20T23:23:14.049540717Z,3.277,20.47,15.93,88
2026-04-20T23:43:14.260216121Z,3.273,20.41,15.93,87
2026-04-20T23:43:14.260216121Z,3.273,20.41,15.93,87
2026-04-21T00:03:14.179495952Z,3.273,20.37,15.93,87
2026-04-21T00:23:14.090522255Z,3.282,20.27,15.94,87
2026-04-21T00:43:14.101233085Z,3.269,20.17,15.94,87
2026-04-21T01:03:13.916718735Z,3.271,20.06,15.95,87
2026-04-21T01:03:13.916718735Z,3.271,20.06,15.95,87
2026-04-21T01:03:13.916718735Z,3.271,20.06,15.95,87
2026-04-21T01:23:13.850742552Z,3.271,19.99,15.95,86
2026-04-21T01:23:13.850742552Z,3.271,19.99,15.95,86
2026-04-21T01:23:13.850742552Z,3.271,19.99,15.95,86
2026-04-21T01:43:13.765967385Z,3.273,19.95,15.94,86
2026-04-21T01:43:13.765967385Z,3.273,19.95,15.94,86
2026-04-21T01:43:13.765967385Z,3.273,19.95,15.94,86
2026-04-21T02:03:13.666778239Z,3.262,19.86,15.83,86
2026-04-21T02:03:13.666778239Z,3.262,19.86,15.83,86
2026-04-21T02:03:13.666778239Z,3.262,19.86,15.83,86
2026-04-21T02:03:13.666778239Z,3.262,19.86,15.83,86
2026-04-21T02:03:13.666778239Z,3.262,19.86,15.83,86
2026-04-21T02:23:13.007581363Z,3.269,19.75,15.78,86
2026-04-21T02:23:13.007581363Z,3.269,19.75,15.78,86
2026-04-21T02:23:13.007581363Z,3.269,19.75,15.78,86
2026-04-21T02:23:13.007581363Z,3.269,19.75,15.78,86
2026-04-21T02:23:13.007581363Z,3.269,19.75,15.78,86
2026-04-21T02:43:12.637116503Z,3.271,19.65,15.78,85
2026-04-21T02:43:12.637116503Z,3.271,19.65,15.78,85
2026-04-21T02:43:12.637116503Z,3.271,19.65,15.78,85
2026-04-21T02:43:12.637116503Z,3.271,19.65,15.78,85
2026-04-21T02:43:12.637116503Z,3.271,19.65,15.78,85
2026-04-21T03:03:13.419469869Z,3.271,19.65,15.78,85
2026-04-21T03:23:13.336693834Z,3.267,19.55,15.79,85
2026-04-21T03:43:13.248121139Z,3.265,19.47,15.79,84
2026-04-21T04:03:13.182168512Z,3.267,19.45,15.8,84
2026-04-21T04:03:13.182168512Z,3.267,19.45,15.8,84
2026-04-21T04:03:13.182168512Z,3.267,19.45,15.8,84
2026-04-21T04:03:13.182168512Z,3.267,19.45,15.8,84
2026-04-21T04:03:13.182168512Z,3.267,19.45,15.8,84
2026-04-21T04:03:13.182168512Z,3.267,19.45,15.8,84
2026-04-21T04:23:13.088439859Z,3.265,19.39,15.8,84
2026-04-21T04:23:13.088439859Z,3.265,19.39,15.8,84
2026-04-21T04:23:13.088439859Z,3.265,19.39,15.8,84
2026-04-21T04:23:13.088439859Z,3.265,19.39,15.8,84
2026-04-21T04:23:13.088439859Z,3.265,19.39,15.8,84
2026-04-21T04:23:13.088439859Z,3.265,19.39,15.8,84
2026-04-21T04:43:12.419711157Z,3.26,19.34,15.8,84
2026-04-21T04:43:12.419711157Z,3.26,19.34,15.8,84
2026-04-21T04:43:12.419711157Z,3.26,19.34,15.8,84
2026-04-21T04:43:12.419711157Z,3.26,19.34,15.8,84
2026-04-21T04:43:12.419711157Z,3.26,19.34,15.8,84
2026-04-21T04:43:12.419711157Z,3.26,19.34,15.8,84
2026-04-21T05:03:12.919661172Z,3.262,19.24,15.81,83
2026-04-21T05:03:12.919661172Z,3.262,19.24,15.81,83
2026-04-21T05:23:12.841505146Z,3.258,19.14,15.81,83
2026-04-21T05:23:12.841505146Z,3.258,19.14,15.81,83
2026-04-21T05:43:12.761173165Z,3.258,19.04,15.82,83
2026-04-21T05:43:12.761173165Z,3.258,19.04,15.82,83
2026-04-21T06:03:12.659124794Z,3.262,18.96,15.82,83
2026-04-21T06:03:12.659124794Z,3.262,18.96,15.82,83
2026-04-21T06:23:12.592366431Z,3.254,18.94,15.82,82
2026-04-21T06:23:12.592366431Z,3.254,18.94,15.82,82
2026-04-21T06:43:12.510982830Z,3.256,18.89,15.82,82
2026-04-21T06:43:12.510982830Z,3.256,18.89,15.82,82
2026-04-21T07:03:12.436905079Z,3.26,18.85,15.8,82
2026-04-21T07:03:12.436905079Z,3.26,18.85,15.8,82
2026-04-21T07:03:12.436905079Z,3.26,18.85,15.8,82
2026-04-21T07:23:11.763223966Z,3.262,18.94,15.66,82
2026-04-21T07:23:11.763223966Z,3.262,18.94,15.66,82
2026-04-21T07:23:11.763223966Z,3.262,18.94,15.66,82
2026-04-21T07:43:12.257948920Z,3.267,19.04,15.63,82
2026-04-21T07:43:12.257948920Z,3.267,19.04,15.63,82
2026-04-21T07:43:12.257948920Z,3.267,19.04,15.63,82
2026-04-21T08:03:11.817593983Z,3.271,19.14,15.62,81
2026-04-21T08:03:11.817593983Z,3.271,19.14,15.62,81
2026-04-21T08:03:11.817593983Z,3.271,19.14,15.62,81
2026-04-21T08:23:12.227526444Z,3.267,19.19,15.54,81
2026-04-21T08:23:12.227526444Z,3.267,19.19,15.54,81
2026-04-21T08:23:12.227526444Z,3.267,19.19,15.54,81
2026-04-21T08:43:11.684770786Z,3.269,19.28,15.43,81
2026-04-21T08:43:11.684770786Z,3.269,19.28,15.43,81
2026-04-21T08:43:11.684770786Z,3.269,19.28,15.43,81
2026-04-21T09:03:12.039559006Z,3.273,19.43,15.42,80
2026-04-21T09:03:12.039559006Z,3.273,19.43,15.42,80
2026-04-21T09:23:11.852463593Z,3.271,19.55,15.4,80
2026-04-21T09:23:11.852463593Z,3.271,19.55,15.4,80
2026-04-21T09:43:12.042506578Z,3.267,19.67,15.25,80
2026-04-21T09:43:12.042506578Z,3.267,19.67,15.25,80
2026-04-21T10:03:11.321315840Z,3.271,19.86,15.21,79
2026-04-21T10:03:11.321315840Z,3.271,19.86,15.21,79
2026-04-21T10:03:11.321315840Z,3.271,19.86,15.21,79
2026-04-21T10:23:11.620824962Z,3.273,20.08,15.08,79
2026-04-21T10:23:11.620824962Z,3.273,20.08,15.08,79
2026-04-21T10:23:11.620824962Z,3.273,20.08,15.08,79
2026-04-21T10:43:11.497807815Z,3.269,20.35,15,78
2026-04-21T10:43:11.497807815Z,3.269,20.35,15,78
2026-04-21T10:43:11.497807815Z,3.269,20.35,15,78
2026-04-21T11:03:11.406658114Z,3.277,20.52,14.9,78
2026-04-21T11:03:11.406658114Z,3.277,20.52,14.9,78
2026-04-21T11:03:11.406658114Z,3.277,20.52,14.9,78
2026-04-21T11:03:11.406658114Z,3.277,20.52,14.9,78
2026-04-21T11:03:11.406658114Z,3.277,20.52,14.9,78
2026-04-21T11:23:11.328187030Z,3.275,21.18,14.64,78
2026-04-21T11:23:11.328187030Z,3.275,21.18,14.64,78
2026-04-21T11:23:11.328187030Z,3.275,21.18,14.64,78
2026-04-21T11:23:11.328187030Z,3.275,21.18,14.64,78
2026-04-21T11:23:11.328187030Z,3.275,21.18,14.64,78
2026-04-21T11:43:11.266687394Z,3.282,21.39,14.75,77
2026-04-21T11:43:11.266687394Z,3.282,21.39,14.75,77
2026-04-21T11:43:11.266687394Z,3.282,21.39,14.75,77
2026-04-21T11:43:11.266687394Z,3.282,21.39,14.75,77
2026-04-21T11:43:11.266687394Z,3.282,21.39,14.75,77
2026-04-21T12:03:10.579216486Z,3.282,21.38,14.75,76
2026-04-21T12:03:10.579216486Z,3.282,21.38,14.75,76
2026-04-21T12:03:10.579216486Z,3.282,21.38,14.75,76
2026-04-21T12:03:10.579216486Z,3.282,21.38,14.75,76
2026-04-21T12:03:10.579216486Z,3.282,21.38,14.75,76
2026-04-21T12:03:10.579216486Z,3.282,21.38,14.75,76
2026-04-21T12:23:11.073682564Z,3.28,21.37,14.67,76
2026-04-21T12:23:11.073682564Z,3.28,21.37,14.67,76
2026-04-21T12:23:11.073682564Z,3.28,21.37,14.67,76
2026-04-21T12:23:11.073682564Z,3.28,21.37,14.67,76
2026-04-21T12:23:11.073682564Z,3.28,21.37,14.67,76
2026-04-21T12:23:11.073682564Z,3.28,21.37,14.67,76
2026-04-21T12:43:10.977695072Z,3.28,21.34,14.57,75
2026-04-21T12:43:10.977695072Z,3.28,21.34,14.57,75
2026-04-21T12:43:10.977695072Z,3.28,21.34,14.57,75
2026-04-21T12:43:10.977695072Z,3.28,21.34,14.57,75
2026-04-21T12:43:10.977695072Z,3.28,21.34,14.57,75
2026-04-21T12:43:10.977695072Z,3.28,21.34,14.57,75
2026-04-21T13:03:10.910746798Z,3.282,21.3,14.56,74
2026-04-21T13:03:10.910746798Z,3.282,21.3,14.56,74
2026-04-21T13:03:10.910746798Z,3.282,21.3,14.56,74
2026-04-21T13:03:10.910746798Z,3.282,21.3,14.56,74
2026-04-21T13:03:10.910746798Z,3.282,21.3,14.56,74
2026-04-21T13:23:10.822864914Z,3.282,21.28,14.57,74
2026-04-21T13:23:10.822864914Z,3.282,21.28,14.57,74
2026-04-21T13:23:10.822864914Z,3.282,21.28,14.57,74
2026-04-21T13:23:10.822864914Z,3.282,21.28,14.57,74
2026-04-21T13:23:10.822864914Z,3.282,21.28,14.57,74
2026-04-21T13:43:10.170282892Z,3.282,21.28,14.54,73
2026-04-21T13:43:10.170282892Z,3.282,21.28,14.54,73
2026-04-21T13:43:10.170282892Z,3.282,21.28,14.54,73
2026-04-21T13:43:10.170282892Z,3.282,21.28,14.54,73
2026-04-21T13:43:10.170282892Z,3.282,21.28,14.54,73
2026-04-21T14:03:09.797943909Z,3.282,21.29,14.37,72
2026-04-21T14:03:09.797943909Z,3.282,21.29,14.37,72
2026-04-21T14:03:09.797943909Z,3.282,21.29,14.37,72
2026-04-21T14:03:09.797943909Z,3.282,21.29,14.37,72
2026-04-21T14:03:09.797943909Z,3.282,21.29,14.37,72
2026-04-21T14:23:10.575554989Z,3.284,21.37,14.37,72
2026-04-21T14:23:10.575554989Z,3.284,21.37,14.37,72
2026-04-21T14:23:10.575554989Z,3.284,21.37,14.37,72
2026-04-21T14:23:10.575554989Z,3.284,21.37,14.37,72
2026-04-21T14:23:10.575554989Z,3.284,21.37,14.37,72
2026-04-21T14:43:10.481743770Z,3.288,21.39,14.37,71
2026-04-21T14:43:10.481743770Z,3.288,21.39,14.37,71
2026-04-21T14:43:10.481743770Z,3.288,21.39,14.37,71
2026-04-21T14:43:10.481743770Z,3.288,21.39,14.37,71
2026-04-21T14:43:10.481743770Z,3.288,21.39,14.37,71
2026-04-21T15:03:10.404585462Z,3.284,21.48,14.3,71
2026-04-21T15:03:10.404585462Z,3.284,21.48,14.3,71
2026-04-21T15:23:10.316652647Z,3.286,21.49,14.19,70
2026-04-21T15:23:10.316652647Z,3.286,21.49,14.19,70
2026-04-21T15:43:09.901165934Z,3.28,21.49,14.17,70
2026-04-21T15:43:09.901165934Z,3.28,21.49,14.17,70
2026-04-21T16:03:10.146334601Z,3.284,21.48,14.17,69
2026-04-21T16:03:10.146334601Z,3.284,21.48,14.17,69
2026-04-21T16:03:10.146334601Z,3.284,21.48,14.17,69
2026-04-21T16:23:10.054377578Z,3.284,21.42,14.16,69
2026-04-21T16:23:10.054377578Z,3.284,21.42,14.16,69
2026-04-21T16:23:10.054377578Z,3.284,21.42,14.16,69
2026-04-21T16:43:09.833000917Z,3.282,21.39,14.09,68
2026-04-21T16:43:09.833000917Z,3.282,21.39,14.09,68
2026-04-21T16:43:09.833000917Z,3.282,21.39,14.09,68
2026-04-21T17:03:09.882914311Z,3.282,21.38,14.01,68
2026-04-21T17:03:09.882914311Z,3.282,21.38,14.01,68
2026-04-21T17:03:09.882914311Z,3.282,21.38,14.01,68
2026-04-21T17:23:09.814335842Z,3.288,21.28,14.02,68
2026-04-21T17:23:09.814335842Z,3.288,21.28,14.02,68
2026-04-21T17:23:09.814335842Z,3.288,21.28,14.02,68
2026-04-21T17:43:09.349889104Z,3.275,21.18,13.99,67
2026-04-21T17:43:09.349889104Z,3.275,21.18,13.99,67
2026-04-21T17:43:09.349889104Z,3.275,21.18,13.99,67
2026-04-21T18:03:09.635441920Z,3.282,21.07,13.99,67
2026-04-21T18:03:09.635441920Z,3.282,21.07,13.99,67
2026-04-21T18:23:09.537392144Z,3.273,20.94,14,66
2026-04-21T18:23:09.537392144Z,3.273,20.94,14,66
2026-04-21T18:43:09.476748204Z,3.273,20.81,14,67
2026-04-21T18:43:09.476748204Z,3.273,20.81,14,67
2026-04-21T19:03:09.386326590Z,3.271,20.69,14.01,66
2026-04-21T19:03:09.386326590Z,3.271,20.69,14.01,66
2026-04-21T19:03:09.386326590Z,3.271,20.69,14.01,66
2026-04-21T19:23:08.956548793Z,3.267,20.57,14.02,66
2026-04-21T19:23:08.956548793Z,3.267,20.57,14.02,66
2026-04-21T19:23:08.956548793Z,3.267,20.57,14.02,66
2026-04-21T19:43:09.224885902Z,3.262,20.47,14.04,66
2026-04-21T19:43:09.224885902Z,3.262,20.47,14.04,66
2026-04-21T19:43:09.224885902Z,3.262,20.47,14.04,66
2026-04-21T20:03:09.130958645Z,3.265,20.36,14.06,66
2026-04-21T20:03:09.130958645Z,3.265,20.36,14.06,66
2026-04-21T20:03:09.130958645Z,3.265,20.36,14.06,66
2026-04-21T20:03:09.130958645Z,3.265,20.36,14.06,66
2026-04-21T20:03:09.130958645Z,3.265,20.36,14.06,66
2026-04-21T20:23:09.044737307Z,3.258,20.18,14.1,66
2026-04-21T20:23:09.044737307Z,3.258,20.18,14.1,66
2026-04-21T20:23:09.044737307Z,3.258,20.18,14.1,66
2026-04-21T20:23:09.044737307Z,3.258,20.18,14.1,66
2026-04-21T20:23:09.044737307Z,3.258,20.18,14.1,66
2026-04-21T20:43:08.968015798Z,3.256,20.06,14.14,65
2026-04-21T20:43:08.968015798Z,3.256,20.06,14.14,65
2026-04-21T20:43:08.968015798Z,3.256,20.06,14.14,65
2026-04-21T20:43:08.968015798Z,3.256,20.06,14.14,65
2026-04-21T20:43:08.968015798Z,3.256,20.06,14.14,65
2026-04-21T21:03:08.893297201Z,3.26,19.92,14.17,65
2026-04-21T21:03:08.893297201Z,3.26,19.92,14.17,65
2026-04-21T21:03:08.893297201Z,3.26,19.92,14.17,65
2026-04-21T21:03:08.893297201Z,3.26,19.92,14.17,65
2026-04-21T21:03:08.893297201Z,3.26,19.92,14.17,65
2026-04-21T21:23:08.792353251Z,3.254,19.76,14.2,65
2026-04-21T21:23:08.792353251Z,3.254,19.76,14.2,65
2026-04-21T21:23:08.792353251Z,3.254,19.76,14.2,65
2026-04-21T21:23:08.792353251Z,3.254,19.76,14.2,65
2026-04-21T21:23:08.792353251Z,3.254,19.76,14.2,65
2026-04-21T21:43:08.719767196Z,3.256,19.65,14.23,65
2026-04-21T21:43:08.719767196Z,3.256,19.65,14.23,65
2026-04-21T21:43:08.719767196Z,3.256,19.65,14.23,65
2026-04-21T21:43:08.719767196Z,3.256,19.65,14.23,65
2026-04-21T21:43:08.719767196Z,3.256,19.65,14.23,65
2026-04-21T22:03:08.644146985Z,3.254,19.55,14.23,65
2026-04-21T22:03:08.644146985Z,3.254,19.55,14.23,65
2026-04-21T22:23:08.558833842Z,3.252,19.45,14.23,65
2026-04-21T22:23:08.558833842Z,3.252,19.45,14.23,65
2026-04-21T22:43:08.483903501Z,3.256,19.36,14.23,65
2026-04-21T22:43:08.483903501Z,3.256,19.36,14.23,65
2026-04-21T23:03:08.394443680Z,3.256,19.34,14.22,65
2026-04-21T23:03:08.394443680Z,3.256,19.34,14.22,65
2026-04-21T23:03:08.394443680Z,3.256,19.34,14.22,65
2026-04-21T23:23:08.311045202Z,3.248,19.25,14.23,65
2026-04-21T23:23:08.311045202Z,3.248,19.25,14.23,65
2026-04-21T23:23:08.311045202Z,3.248,19.25,14.23,65
2026-04-21T23:43:07.396616969Z,3.252,19.15,14.24,64
2026-04-21T23:43:07.396616969Z,3.252,19.15,14.24,64
2026-04-21T23:43:07.396616969Z,3.252,19.15,14.24,64
2026-04-22T00:03:08.159899042Z,3.25,19.11,14.25,64
2026-04-22T00:03:08.159899042Z,3.25,19.11,14.25,64
2026-04-22T00:03:08.159899042Z,3.25,19.11,14.25,64
2026-04-22T00:03:08.159899042Z,3.25,19.11,14.25,64
2026-04-22T00:03:08.159899042Z,3.25,19.11,14.25,64
2026-04-22T00:23:08.071717540Z,3.25,19.04,14.26,64
2026-04-22T00:23:08.071717540Z,3.25,19.04,14.26,64
2026-04-22T00:23:08.071717540Z,3.25,19.04,14.26,64
2026-04-22T00:23:08.071717540Z,3.25,19.04,14.26,64
2026-04-22T00:23:08.071717540Z,3.25,19.04,14.26,64
2026-04-22T00:43:07.999517973Z,3.248,18.95,14.26,64
2026-04-22T00:43:07.999517973Z,3.248,18.95,14.26,64
2026-04-22T00:43:07.999517973Z,3.248,18.95,14.26,64
2026-04-22T00:43:07.999517973Z,3.248,18.95,14.26,64
2026-04-22T00:43:07.999517973Z,3.248,18.95,14.26,64
2026-04-22T01:03:07.938489897Z,3.252,18.94,14.26,64
2026-04-22T01:03:07.938489897Z,3.252,18.94,14.26,64
2026-04-22T01:23:08.199016076Z,3.252,18.86,14.27,64
2026-04-22T01:23:08.199016076Z,3.252,18.86,14.27,64
2026-04-22T01:43:07.758553772Z,3.246,18.84,14.26,64
2026-04-22T01:43:07.758553772Z,3.246,18.84,14.26,64
2026-04-22T02:03:07.664493032Z,3.246,18.75,14.25,64
2026-04-22T02:03:07.664493032Z,3.246,18.75,14.25,64
2026-04-22T02:03:07.664493032Z,3.246,18.75,14.25,64
2026-04-22T02:03:07.664493032Z,3.246,18.75,14.25,64
2026-04-22T02:23:07.604494368Z,3.248,18.74,14.24,64
2026-04-22T02:23:07.604494368Z,3.248,18.74,14.24,64
2026-04-22T02:23:07.604494368Z,3.248,18.74,14.24,64
2026-04-22T02:23:07.604494368Z,3.248,18.74,14.24,64
2026-04-22T02:43:07.519940645Z,3.246,18.64,14.24,64
2026-04-22T02:43:07.519940645Z,3.246,18.64,14.24,64
2026-04-22T02:43:07.519940645Z,3.246,18.64,14.24,64
2026-04-22T02:43:07.519940645Z,3.246,18.64,14.24,64
2026-04-22T03:03:07.438809378Z,3.241,18.53,14.27,63
2026-04-22T03:03:07.438809378Z,3.241,18.53,14.27,63
2026-04-22T03:23:06.999635225Z,3.248,18.43,14.28,64
2026-04-22T03:23:06.999635225Z,3.248,18.43,14.28,64
2026-04-22T03:43:07.278662802Z,3.248,18.38,14.29,64
2026-04-22T03:43:07.278662802Z,3.248,18.38,14.29,64
2026-04-22T04:03:07.188311462Z,3.241,18.28,14.3,63
2026-04-22T04:03:07.188311462Z,3.241,18.28,14.3,63
2026-04-22T04:03:07.188311462Z,3.241,18.28,14.3,63
2026-04-22T04:03:07.188311462Z,3.241,18.28,14.3,63
2026-04-22T04:23:07.111289363Z,3.246,18.2,14.3,63
2026-04-22T04:23:07.111289363Z,3.246,18.2,14.3,63
2026-04-22T04:23:07.111289363Z,3.246,18.2,14.3,63
2026-04-22T04:23:07.111289363Z,3.246,18.2,14.3,63
2026-04-22T04:43:07.047597037Z,3.241,18.13,14.31,63
2026-04-22T04:43:07.047597037Z,3.241,18.13,14.31,63
2026-04-22T04:43:07.047597037Z,3.241,18.13,14.31,63
2026-04-22T04:43:07.047597037Z,3.241,18.13,14.31,63
2026-04-22T05:03:06.958857863Z,3.244,18.09,14.31,63
2026-04-22T05:03:06.958857863Z,3.244,18.09,14.31,63
2026-04-22T05:23:06.867359118Z,3.241,18.02,14.32,63
2026-04-22T05:23:06.867359118Z,3.241,18.02,14.32,63
2026-04-22T05:43:06.797568092Z,3.244,17.92,14.33,63
2026-04-22T05:43:06.797568092Z,3.244,17.92,14.33,63
2026-04-22T06:03:06.722843850Z,3.241,17.92,14.33,63
2026-04-22T06:03:06.722843850Z,3.241,17.92,14.33,63
2026-04-22T06:23:06.649016323Z,3.239,17.82,14.34,63
2026-04-22T06:23:06.649016323Z,3.239,17.82,14.34,63
2026-04-22T06:43:06.566367708Z,3.239,17.79,14.32,63
2026-04-22T06:43:06.566367708Z,3.239,17.79,14.32,63
2026-04-22T07:03:06.482574387Z,3.252,17.82,14.21,63
2026-04-22T07:03:06.482574387Z,3.252,17.82,14.21,63
2026-04-22T07:03:06.482574387Z,3.252,17.82,14.21,63
2026-04-22T07:03:06.482574387Z,3.252,17.82,14.21,63
2026-04-22T07:03:06.482574387Z,3.252,17.82,14.21,63
2026-04-22T07:23:06.400088653Z,3.262,17.92,14.14,63
2026-04-22T07:23:06.400088653Z,3.262,17.92,14.14,63
2026-04-22T07:23:06.400088653Z,3.262,17.92,14.14,63
2026-04-22T07:23:06.400088653Z,3.262,17.92,14.14,63
2026-04-22T07:23:06.400088653Z,3.262,17.92,14.14,63
2026-04-22T07:43:05.964163306Z,3.271,18.12,14.12,63
2026-04-22T07:43:05.964163306Z,3.271,18.12,14.12,63
2026-04-22T07:43:05.964163306Z,3.271,18.12,14.12,63
2026-04-22T07:43:05.964163306Z,3.271,18.12,14.12,63
2026-04-22T07:43:05.964163306Z,3.271,18.12,14.12,63
2026-04-22T08:03:05.874774851Z,3.26,18.31,13.93,63
2026-04-22T08:03:05.874774851Z,3.26,18.31,13.93,63
2026-04-22T08:03:05.874774851Z,3.26,18.31,13.93,63
2026-04-22T08:23:06.158966723Z,3.258,18.53,13.9,63
2026-04-22T08:23:06.158966723Z,3.258,18.53,13.9,63
2026-04-22T08:23:06.158966723Z,3.258,18.53,13.9,63
2026-04-22T08:43:06.059322536Z,3.265,18.84,13.69,63
2026-04-22T08:43:06.059322536Z,3.265,18.84,13.69,63
2026-04-22T08:43:06.059322536Z,3.265,18.84,13.69,63
2026-04-22T09:03:05.629164921Z,3.265,19.19,13.5,63
2026-04-22T09:23:05.879077288Z,3.269,19.76,13.24,63
2026-04-22T09:43:05.801008160Z,3.273,20.57,13.21,64
2026-04-22T10:03:05.367117393Z,3.271,21.08,13.18,64
a,3.29,13.83,24.41,160
e de ta 5,3.271,12.49,23.97,150
2026-04-22T10:23:05.642920449Z,3.275,21.49,13.08,63
2026-04-22T10:43:05.560611249Z,3.271,21.6,13.16,63
2026-04-22T11:03:05.128510634Z,3.277,21.49,13.17,63
2026-04-22T11:23:05.378034189Z,3.277,21.91,12.95,63
2026-04-22T11:43:05.296580548Z,3.277,22,13.14,63
2026-04-22T12:03:05.209130135Z,3.277,21.8,13.15,62
2026-04-22T12:23:05.118558560Z,3.277,21.69,13.16,62
2026-04-22T12:43:04.695035002Z,3.282,21.69,13.15,62
2026-04-22T13:03:04.954265943Z,3.284,21.79,12.95,61
2026-04-22T13:23:04.862781129Z,3.282,22.03,12.94,61
2026-04-22T13:43:04.781679104Z,3.284,22.23,12.93,61
2026-04-22T14:03:04.135182650Z,3.284,22.32,12.93,61
2026-04-22T14:23:04.633443150Z,3.286,22.41,12.92,61
2026-04-22T14:43:04.536502311Z,3.288,22.46,12.83,61
2026-04-22T15:03:04.443756017Z,3.29,22.52,12.78,60
2026-04-22T15:23:03.790430269Z,3.288,22.51,12.75,60
2026-04-22T15:43:04.275351128Z,3.292,22.49,12.73,60
2026-04-22T16:03:04.194106526Z,3.29,22.41,12.72,59
2026-04-22T16:23:03.525646968Z,3.29,22.4,12.72,59
2026-04-22T16:43:03.686023549Z,3.29,22.31,12.72,59
2026-04-22T17:03:03.947623862Z,3.286,22.23,12.73,59
2026-04-22T17:23:04.034243560Z,3.288,22.2,12.73,58
2026-04-22T17:43:03.428426839Z,3.286,22.1,12.73,58
2026-04-22T18:03:03.698639993Z,3.282,22.01,12.74,58
2026-04-22T18:23:03.025571960Z,3.284,21.9,12.74,58
2026-04-22T18:43:03.535325766Z,3.284,21.75,12.75,57
2026-04-22T19:03:03.425826043Z,3.275,21.59,12.77,57
2026-04-22T19:23:03.368136086Z,3.271,21.39,12.83,57
2026-04-22T19:43:03.266381633Z,3.271,21.19,12.89,57
2026-04-22T20:03:03.188487661Z,3.269,21.04,12.92,57
2026-04-22T20:23:02.240292724Z,3.267,20.88,12.95,57
2026-04-22T20:43:03.014949588Z,3.269,20.75,12.97,56
2026-04-22T21:03:02.925502830Z,3.265,20.58,12.98,56
2026-04-22T21:23:02.921750367Z,3.26,20.47,13,56
2026-04-22T21:43:02.768858552Z,3.262,20.37,13.01,56
2026-04-22T22:03:02.695708163Z,3.26,20.26,13.01,56
2026-04-22T22:23:02.611929765Z,3.256,20.16,13.02,56
2026-04-22T22:43:02.525686756Z,3.258,20.06,13.02,56
2026-04-22T23:03:02.433192149Z,3.256,19.96,13.03,56
2026-04-22T23:23:02.361482866Z,3.258,19.86,13.03,56
2026-04-22T23:43:02.286070133Z,3.256,19.76,13.04,55
2026-04-23T00:03:02.192711479Z,3.254,19.65,13.04,55
2026-04-23T00:23:02.106826943Z,3.252,19.55,13.04,55
2026-04-23T00:43:02.028454932Z,3.25,19.45,13.05,55
2026-04-23T01:03:01.955926533Z,3.248,19.34,13.05,55
2026-04-23T01:23:01.865629461Z,3.252,19.24,13.06,55
2026-04-23T01:43:01.806534267Z,3.25,19.11,13.06,55
2026-04-23T02:03:01.734121948Z,3.246,18.98,13.07,55
2026-04-23T02:23:01.646164466Z,3.248,18.86,13.08,55
2026-04-23T02:43:01.546417566Z,3.25,18.75,13.08,55
2026-04-23T03:03:01.476589597Z,3.248,18.7,13.08,55
2026-04-23T03:23:01.402693650Z,3.244,18.57,13.1,55
2026-04-23T03:43:01.314198825Z,3.244,18.53,13.09,54
2026-04-23T04:03:01.369257779Z,3.246,18.46,13.09,54
2026-04-23T04:23:01.162644896Z,3.244,18.43,13.09,54
2026-04-23T04:43:01.080810769Z,3.244,18.4,13.1,54
2026-04-23T05:03:00.998876169Z,3.241,18.33,13.1,54
2026-04-23T05:23:00.924191756Z,3.244,20.27,44.8,615
2026-04-23T05:43:00.853293162Z,3.241,20.69,45.15,598
2026-04-23T06:03:00.769724240Z,3.252,20.86,45.46,591
2026-04-23T06:23:00.684167866Z,3.241,20.88,45.73,587
2026-04-23T06:43:00.604940363Z,3.248,20.72,35.88,394
2026-04-23T07:03:00.524650738Z,3.246,20.47,31.13,311
2026-04-23T07:23:00.444592604Z,3.244,20.26,29.97,290
2026-04-23T07:43:00.365192356Z,3.246,20.06,29.49,279
2026-04-23T08:03:00.310613290Z,3.25,19.93,28.91,269
2026-04-23T08:23:00.215602312Z,3.246,19.83,28.46,261
2026-04-23T08:43:00.124577326Z,3.25,19.76,28.06,255
2026-04-23T09:03:00.221681279Z,3.252,19.76,27.75,250
2026-04-23T09:22:59.950848789Z,3.25,19.76,27.41,246
2026-04-23T09:42:59.868865799Z,3.258,19.77,27.19,241
2026-04-23T10:02:59.794194029Z,3.256,19.8,27.01,237
2026-04-23T10:22:59.714387316Z,3.256,19.86,26.75,233
2026-04-23T10:42:58.776477942Z,3.258,19.95,26.5,230
2026-04-23T11:02:59.533163013Z,3.262,20.06,26.24,227
2026-04-23T11:22:59.456963133Z,3.269,20.17,26.12,224
2026-04-23T11:42:59.382788604Z,3.265,20.27,25.98,221
2026-04-23T12:02:58.453776539Z,3.265,20.37,25.74,218
2026-04-23T12:22:59.398408518Z,3.267,20.45,25.61,216
2026-04-23T12:42:59.119706261Z,3.269,20.47,25.48,213
2026-04-23T13:02:58.722810724Z,3.273,20.57,25.25,210
2026-04-23T13:22:58.112776473Z,3.271,20.67,25.11,207
2026-04-23T13:42:58.881778895Z,3.275,20.67,24.99,205
2026-04-23T14:02:58.202687291Z,3.273,20.67,24.85,203
2026-04-23T14:22:58.698719725Z,3.275,20.7,24.72,200
2026-04-23T14:42:58.266587047Z,3.273,20.78,24.59,198
2026-04-23T15:02:58.201394120Z,3.277,20.88,24.44,196
2026-04-23T15:22:58.445751475Z,3.282,20.96,24.34,193
2026-04-23T15:42:58.359737787Z,3.28,20.98,24.21,191
2026-04-23T16:02:58.270792540Z,3.28,20.98,24.05,189
2026-04-23T16:22:57.607671450Z,3.275,20.98,23.96,187
2026-04-23T16:42:58.093620232Z,3.277,20.91,23.84,185
2026-04-23T17:02:58.016292301Z,3.273,20.88,23.72,183
2026-04-23T17:22:57.923603147Z,3.275,20.81,23.71,181
2026-04-23T17:42:57.845656599Z,3.277,20.78,23.58,180
2026-04-23T18:02:57.436345514Z,3.275,20.72,23.57,178
2026-04-23T18:22:57.682315932Z,3.271,20.67,23.45,178
2026-04-23T18:42:56.749743721Z,3.271,20.63,23.45,176
2026-04-23T19:02:57.156536292Z,3.262,20.56,23.38,175
2026-04-23T19:22:57.426884855Z,3.265,20.42,23.33,174
2026-04-23T19:42:57.361725895Z,3.262,20.27,23.32,173
2026-04-23T20:02:57.037371028Z,3.262,20.14,23.32,172
2026-04-23T20:22:57.398432480Z,3.258,19.96,23.31,171
2026-04-23T20:42:57.219643587Z,3.254,19.79,23.24,170
2026-04-23T21:02:56.808852779Z,3.256,19.65,23.2,169
2026-04-23T21:22:57.186175005Z,3.254,19.55,23.2,169
2026-04-23T21:42:57.055130667Z,3.262,19.45,23.19,169
2026-04-23T22:02:56.989404600Z,3.254,19.35,23.12,168
2026-04-23T22:22:56.923544104Z,3.252,19.28,23.07,167
2026-04-23T22:42:56.739496156Z,3.248,19.25,23.07,167
2026-04-23T23:02:56.569893912Z,3.254,19.19,23.07,167
2026-04-23T23:22:56.117623129Z,3.252,19.14,23.01,166
2026-04-23T23:42:56.371162831Z,3.248,19.13,22.95,166
2026-04-24T00:02:56.294219782Z,3.246,19.06,22.94,165
2026-04-24T00:22:56.213815018Z,3.252,19.04,22.94,164
2026-04-24T00:42:56.127104576Z,3.25,19,22.94,164
2026-04-24T01:02:56.050898030Z,3.248,18.94,22.87,164
2026-04-24T01:22:55.986621813Z,3.246,18.94,22.82,163
2026-04-24T01:42:55.889891037Z,3.248,18.85,22.82,163
2026-04-24T02:02:55.814254593Z,3.248,18.84,22.82,162
2026-04-24T02:22:55.724019221Z,3.244,18.75,22.81,162
2026-04-24T02:42:55.641522845Z,3.246,18.74,22.74,161
2026-04-24T03:02:55.562780728Z,3.246,18.64,22.69,161
2026-04-24T03:22:55.504311156Z,3.248,18.62,22.69,160
2026-04-24T03:42:55.420277929Z,3.244,18.53,22.69,160
2026-04-24T04:02:55.340396499Z,3.246,18.53,22.69,159
2026-04-24T04:22:55.239144500Z,3.252,18.43,22.64,159
2026-04-24T04:42:55.169274332Z,3.239,18.43,22.57,158
2026-04-24T05:02:55.106731046Z,3.244,18.36,22.57,158
2026-04-24T05:22:55.087626635Z,3.244,18.33,22.57,158
2026-04-24T05:42:54.938461261Z,3.248,18.31,22.56,157
2026-04-24T06:02:54.872837201Z,3.244,18.23,22.5,157
2026-04-24T06:22:54.790110843Z,3.244,18.22,22.44,156
2026-04-24T06:42:54.688980022Z,3.25,18.17,22.44,156
2026-04-24T07:02:54.611030263Z,3.241,18.14,22.44,155
2026-04-24T07:22:54.546754350Z,3.248,18.13,22.4,155
2026-04-24T07:42:54.454874188Z,3.246,18.13,22.32,155
2026-04-24T08:02:54.367816893Z,3.241,18.13,22.31,154
2026-04-24T08:22:54.305222458Z,3.237,18.13,22.31,154
2026-04-24T08:42:54.205189885Z,3.246,18.13,22.19,153
2026-04-24T09:02:54.131377659Z,3.244,18.22,22.18,153
2026-04-24T09:22:54.081317517Z,3.25,18.23,22.11,152
2026-04-24T09:42:53.975836928Z,3.252,18.33,22.05,152
2026-04-24T10:02:53.890506078Z,3.25,18.43,21.97,151
2026-04-24T10:22:53.812669Z,3.25,18.44,21.92,150
2026-04-24T10:42:53.727200061Z,3.252,18.52,21.92,150
2026-04-24T11:02:53.659749950Z,3.252,18.53,21.8,148
2026-04-24T11:22:52.976404055Z,3.248,18.53,21.79,147
2026-04-24T11:42:53.475238097Z,3.254,18.52,21.71,147
2026-04-24T12:02:53.402233642Z,3.252,18.51,21.66,146
2026-04-24T12:22:53.302509397Z,3.256,18.54,21.53,146
2026-04-24T12:42:53.230587643Z,3.254,18.64,21.49,144
2026-04-24T13:02:53.153891165Z,3.256,18.72,21.4,143
2026-04-24T13:22:53.063664928Z,3.258,18.74,21.39,142
2026-04-24T13:42:52.886943141Z,3.256,18.74,21.27,141
2026-04-24T14:02:52.567223190Z,3.26,18.74,21.22,140
2026-04-24T14:22:52.833795500Z,3.262,18.84,21.13,139
2026-04-24T14:42:52.367296433Z,3.26,18.94,21,138
2026-04-24T15:02:52.653667237Z,3.258,18.95,20.99,137
2026-04-24T15:22:52.561579308Z,3.256,18.98,20.86,136
2026-04-24T15:42:52.484998951Z,3.258,19.01,20.74,134
2026-04-24T16:02:52.060684727Z,3.262,19.03,20.72,133
2026-04-24T16:22:52.307281378Z,3.273,19.04,20.59,132
2026-04-24T16:42:52.236330777Z,3.265,19.04,20.55,131
2026-04-24T17:02:52.152640365Z,3.258,19.14,20.45,130
2026-04-24T17:22:52.068562117Z,3.258,19.14,20.41,129
2026-04-24T17:42:51.985530059Z,3.258,19.17,20.31,128
2026-04-24T18:02:51.896948180Z,3.26,19.17,20.31,127
2026-04-24T18:22:51.809177274Z,3.262,19.15,20.2,126
2026-04-24T18:42:51.748439191Z,3.26,19.14,20.18,125
2026-04-24T19:02:51.644213873Z,3.258,19.13,20.17,124
2026-04-24T19:22:51.560266571Z,3.265,19.05,20.06,123
2026-04-24T19:42:51.056775080Z,3.26,19.04,20.04,123
2026-04-24T20:02:51.623158937Z,3.258,18.96,20.04,122
2026-04-24T20:22:51.668516681Z,3.256,18.84,20.05,121
2026-04-24T20:42:51.516186280Z,3.254,18.72,20.05,121
2026-04-24T21:02:51.460969927Z,3.25,18.53,20.05,120
2026-04-24T21:22:51.434291935Z,3.248,18.43,20.01,119
2026-04-24T21:42:51.351992939Z,3.248,18.33,19.96,119
2026-04-24T22:02:51.247795742Z,3.246,18.21,19.93,118
2026-04-24T22:22:51.108039986Z,3.25,18.11,19.93,118
2026-04-24T22:42:50.991366189Z,3.244,18,19.93,117
2026-04-24T23:02:50.757710018Z,3.237,17.87,19.93,117
2026-04-24T23:22:50.597967458Z,3.239,17.74,19.94,117
2026-04-24T23:42:50.516780647Z,3.244,17.67,19.94,116
2026-04-25T00:02:50.426664747Z,3.239,17.56,19.94,116
2026-04-25T00:22:50.367803719Z,3.237,17.48,19.92,115
2026-04-25T00:42:50.294500256Z,3.237,17.41,19.9,115
2026-04-25T01:02:50.215261803Z,3.237,17.3,19.86,115
2026-04-25T01:22:50.135541518Z,3.233,17.21,19.83,115
2026-04-25T01:42:50.057439140Z,3.239,17.11,19.82,114
2026-04-25T02:02:50.000143830Z,3.233,17.04,19.82,114
2026-04-25T02:22:49.910235526Z,3.231,16.99,19.82,114
2026-04-25T02:42:49.843419417Z,3.233,16.9,19.82,114
2026-04-25T03:02:49.752193959Z,3.237,16.82,19.83,113
2026-04-25T03:22:49.669159799Z,3.235,16.75,19.83,113
2026-04-25T03:42:49.599423015Z,3.233,16.66,19.83,113
2026-04-25T04:02:49.539235429Z,3.231,16.6,19.8,112
2026-04-25T04:22:49.453900985Z,3.231,16.59,19.75,112
2026-04-25T04:42:49.373861595Z,3.231,16.56,19.72,112
2026-04-25T05:02:49.287204842Z,3.231,16.49,19.7,112
2026-04-25T05:22:49.213030027Z,3.231,16.48,19.7,111
2026-04-25T05:42:49.146526422Z,3.227,16.39,19.7,111
2026-04-25T06:02:49.068527037Z,3.227,16.29,19.7,111
2026-04-25T06:22:48.991212182Z,3.229,16.19,19.71,111
2026-04-25T06:42:48.923681556Z,3.233,16.18,19.71,110
2026-04-25T07:02:48.844284738Z,3.239,16.13,19.62,110
2026-04-25T07:22:48.757086363Z,3.244,16.19,19.57,110
2026-04-25T07:42:48.313023652Z,3.248,16.29,19.43,110
2026-04-25T08:02:48.586185619Z,3.248,16.55,19.33,110
2026-04-25T08:22:48.491542712Z,3.25,16.84,19.21,110
2026-04-25T08:42:48.425482002Z,3.25,17.21,18.97,110
2026-04-25T09:02:47.999647390Z,3.254,17.61,18.82,109
2026-04-25T09:22:48.263355209Z,3.258,18.02,18.65,108
2026-04-25T09:42:47.326358246Z,3.267,18.67,18.33,107
2026-04-25T10:02:47.512360986Z,3.262,19.45,18.17,106
2026-04-25T10:22:47.680094172Z,3.265,20.04,18.12,105
2026-04-25T10:42:47.929232924Z,3.265,20.16,18.12,103
2026-04-25T11:02:47.493780058Z,3.271,20.03,18.11,102
2026-04-25T11:22:47.764813899Z,3.269,20.75,17.73,101
2026-04-25T11:42:47.073773968Z,3.269,20.77,17.82,99
2026-04-25T12:02:47.584611663Z,3.271,20.5,17.8,98
2026-04-25T12:22:47.150674701Z,3.277,20.37,17.74,96
2026-04-25T12:42:47.412526504Z,3.275,20.27,17.65,95
2026-04-25T13:02:47.331722626Z,3.273,20.27,17.5,94
2026-04-25T13:22:46.375504535Z,3.286,20.4,17.34,92
2026-04-25T13:42:46.572275682Z,3.277,20.57,17.19,91
2026-04-25T14:02:47.085936547Z,3.282,20.67,17.16,89
2026-04-25T14:22:46.672694089Z,3.282,20.77,16.99,88
2026-04-25T14:42:46.897204396Z,3.275,20.78,16.89,87
2026-04-25T15:02:46.823912717Z,3.282,20.78,16.82,85
2026-04-25T15:22:46.730762053Z,3.286,20.77,16.64,84
2026-04-25T15:42:46.312876524Z,3.282,20.78,16.63,83
2026-04-25T16:02:46.206215272Z,3.284,20.76,16.49,82
2026-04-25T16:22:45.638429919Z,3.28,20.76,16.46,80
2026-04-25T16:42:46.036634967Z,3.282,20.69,16.31,80
2026-04-25T17:02:45.968634165Z,3.275,20.67,16.28,79
2026-04-25T17:22:46.227199112Z,3.282,20.57,16.29,78
2026-04-25T17:42:46.143681327Z,3.286,20.51,16.12,77
2026-04-25T18:02:46.057001694Z,3.275,20.47,16.11,76
2026-04-25T18:22:45.963074245Z,3.273,20.37,16.12,75
2026-04-25T18:42:45.901130452Z,3.271,20.26,16.1,75
2026-04-25T19:02:45.434056785Z,3.275,20.12,16.02,74
2026-04-25T19:22:45.710529628Z,3.262,19.96,15.98,74
2026-04-25T19:42:45.632146246Z,3.267,19.86,15.96,73
2026-04-25T20:02:45.556495266Z,3.265,19.73,15.97,73
2026-04-25T20:22:45.451990098Z,3.262,19.61,15.97,72
2026-04-25T20:42:45.047919341Z,3.258,19.48,15.98,72
2026-04-25T21:02:45.300000044Z,3.254,19.37,15.99,72
2026-04-25T21:22:44.866370996Z,3.256,19.28,15.99,72
2026-04-25T21:42:45.128209014Z,3.256,19.2,15.99,71
2026-04-25T22:02:44.744655343Z,3.256,19.13,16,71
2026-04-25T22:22:44.975035524Z,3.256,19.04,16,71
2026-04-25T22:42:44.885046492Z,3.252,18.94,16,71
2026-04-25T23:02:44.481409485Z,3.256,18.84,16,71
2026-04-25T23:22:44.733858347Z,3.256,18.74,16,70
2026-04-25T23:42:44.632088371Z,3.248,18.63,15.98,70
2026-04-26T00:02:44.565994070Z,3.25,18.53,15.97,70
2026-04-26T00:22:44.484143409Z,3.248,18.43,15.96,70
2026-04-26T00:42:44.404072295Z,3.25,18.39,15.94,70
2026-04-26T01:02:44.324674118Z,3.248,18.33,15.91,69
2026-04-26T01:22:44.243481789Z,3.248,18.23,15.89,70
2026-04-26T01:42:44.159248792Z,3.248,18.22,15.87,70
2026-04-26T02:02:44.091456360Z,3.248,18.16,15.87,70
2026-04-26T02:22:44.021846097Z,3.246,18.13,15.87,69
2026-04-26T02:42:43.944598595Z,3.241,18.09,15.87,69
2026-04-26T03:02:43.849177712Z,3.246,18.03,15.87,69
2026-04-26T03:22:43.763100980Z,3.241,18.02,15.87,69
2026-04-26T03:42:43.689969037Z,3.244,17.94,15.88,69
2026-04-26T04:02:43.605047062Z,3.244,17.92,15.88,68
2026-04-26T04:22:43.532493640Z,3.241,17.9,15.88,68
2026-04-26T04:42:43.446151387Z,3.244,17.82,15.88,69
2026-04-26T05:02:43.381939296Z,3.244,17.82,15.88,69
2026-04-26T05:22:43.289538362Z,3.246,19.95,46.31,596
2026-04-26T05:42:43.203509271Z,3.241,20.38,46.47,589
2026-04-26T06:02:43.134713325Z,3.241,20.56,46.79,584
2026-04-26T06:22:43.044112014Z,3.248,20.57,47.04,583
2026-04-26T06:42:42.976293381Z,3.241,20.37,37.94,404
2026-04-26T07:02:42.895118907Z,3.248,20.12,32.66,316
2026-04-26T07:22:42.826673342Z,3.252,19.92,30.23,276
2026-04-26T07:42:42.719761697Z,3.25,19.76,29.49,264
2026-04-26T08:02:42.656966723Z,3.258,19.75,28.77,254
2026-04-26T08:22:42.562165985Z,3.26,19.86,28.22,248
2026-04-26T08:42:42.468366737Z,3.256,20.06,27.72,242
2026-04-26T09:02:42.397488552Z,3.265,20.37,27.3,238
2026-04-26T09:22:41.967932556Z,3.269,20.72,26.91,234
2026-04-26T09:42:42.225284091Z,3.275,21.08,26.59,230
2026-04-26T10:02:42.146274075Z,3.277,21.62,26.2,227
2026-04-26T10:22:42.048282808Z,3.277,22.2,25.97,223
2026-04-26T10:42:41.965724568Z,3.282,22.31,26.04,216
2026-04-26T11:02:41.894102929Z,3.292,22.1,25.78,214
2026-04-26T11:22:41.815314603Z,3.284,22.72,25.41,211
2026-04-26T11:42:41.128264019Z,3.288,22.72,25.48,206
2026-04-26T12:02:41.049615770Z,3.288,22.41,25.38,203
2026-04-26T12:22:41.532824437Z,3.292,22.2,25.17,200
2026-04-26T12:42:41.450942646Z,3.297,22.1,25,196
2026-04-26T13:02:41.378959200Z,3.301,22.01,24.82,195
2026-04-26T13:22:40.692659415Z,3.299,22.17,24.62,192
2026-04-26T13:42:41.205209126Z,3.301,22.22,24.49,189
2026-04-26T14:02:41.111215200Z,3.299,22.25,24.36,187
2026-04-26T14:22:41.036303165Z,3.297,22.22,24.22,184
2026-04-26T14:42:40.959185226Z,3.308,22.21,24.01,182
2026-04-26T15:02:40.509397710Z,3.31,22.21,23.86,179
2026-04-26T15:22:40.794719499Z,3.31,22.2,23.72,177
2026-04-26T15:42:40.699392611Z,3.31,22.2,23.59,174
2026-04-26T16:02:40.275520434Z,3.31,22.2,23.46,173
2026-04-26T16:22:40.527326306Z,3.31,22.2,23.39,170
2026-04-26T16:42:40.444197252Z,3.308,22.15,23.31,169
2026-04-26T17:02:40.033399969Z,3.316,22.11,23.15,166
2026-04-26T17:22:39.689140361Z,3.308,22.11,23.05,165
2026-04-26T17:42:40.191296315Z,3.308,22.1,22.94,163
2026-04-26T18:02:39.524085842Z,3.303,22,22.83,161
2026-04-26T18:22:40.020473748Z,3.303,21.97,22.81,160
2026-04-26T18:42:39.929518581Z,3.299,21.89,22.68,159
2026-04-26T19:02:39.839672897Z,3.303,21.8,22.67,157
2026-04-26T19:22:39.752152789Z,3.297,21.69,22.55,156
2026-04-26T19:42:39.670391349Z,3.29,21.59,22.55,155
2026-04-26T20:02:39.605436262Z,3.292,21.49,22.53,154
2026-04-26T20:22:39.495798158Z,3.288,21.39,22.44,153
2026-04-26T20:42:38.563038396Z,3.292,21.29,22.42,153
2026-04-26T21:02:39.338203043Z,3.282,21.18,22.42,152
2026-04-26T21:22:38.918154635Z,3.282,21.08,22.42,152
2026-04-26T21:42:39.179497073Z,3.277,20.98,22.41,151
2026-04-26T22:02:39.095315237Z,3.277,20.88,22.33,150
2026-04-26T22:22:38.679090203Z,3.273,20.78,22.3,150
2026-04-26T22:42:38.599661079Z,3.275,20.68,22.29,149
2026-04-26T23:02:38.824805352Z,3.273,20.64,22.29,149
2026-04-26T23:22:38.770596115Z,3.271,20.57,22.27,148
2026-04-26T23:42:38.656942696Z,3.265,20.49,22.24,148
2026-04-27T00:02:38.589528351Z,3.267,20.45,22.26,147
2026-04-27T00:22:38.505577862Z,3.262,20.37,22.17,147
2026-04-27T00:42:37.841128791Z,3.258,20.27,22.17,147
2026-04-27T01:02:38.335413490Z,3.262,20.24,22.17,146
2026-04-27T01:22:38.266243518Z,3.265,20.16,22.17,146
2026-04-27T01:42:38.194304783Z,3.258,20.06,22.17,146
2026-04-27T02:02:38.090137585Z,3.254,19.96,22.12,145
2026-04-27T02:22:38.008415899Z,3.258,19.86,22.09,144
2026-04-27T02:42:37.933585589Z,3.26,19.76,22.05,144
2026-04-27T03:02:37.265540761Z,3.254,19.73,22.04,144
2026-04-27T03:22:37.759639602Z,3.254,19.66,22.04,143
2026-04-27T03:42:37.703059199Z,3.254,19.63,22.04,142
2026-04-27T04:02:37.604707229Z,3.254,19.55,22.03,143
2026-04-27T04:22:37.528075889Z,3.256,19.47,22,143
2026-04-27T04:42:37.437498238Z,3.246,19.43,21.97,142
2026-04-27T05:02:37.357151183Z,3.248,19.35,21.91,141
2026-04-27T05:22:37.275197231Z,3.25,19.25,21.91,140
2026-04-27T05:42:37.186963226Z,3.248,19.14,21.9,139
2026-04-27T06:02:37.112868391Z,3.246,19.04,21.85,139
2026-04-27T06:22:37.037865888Z,3.248,18.94,21.81,139
2026-04-27T06:42:36.965183363Z,3.248,18.93,21.79,138
2026-04-27T07:02:36.866177581Z,3.254,18.93,21.77,138
2026-04-27T07:22:36.441144078Z,3.265,18.95,21.66,138
2026-04-27T07:42:36.693153601Z,3.267,19.1,21.53,138
2026-04-27T08:02:36.627689771Z,3.271,19.27,21.41,138
2026-04-27T08:22:36.524473761Z,3.271,19.55,21.3,137
2026-04-27T08:42:36.455145395Z,3.271,19.76,21.12,137
2026-04-27T09:02:36.026818692Z,3.273,20.12,20.95,136
2026-04-27T09:22:36.279736423Z,3.277,20.57,20.69,135
2026-04-27T09:42:36.210475053Z,3.28,21.09,20.55,134
2026-04-27T10:02:35.761369230Z,3.284,21.7,20.39,134
2026-04-27T10:22:36.019915671Z,3.28,22.29,20.25,133
2026-04-27T10:42:35.360726815Z,3.288,22.41,20.37,130
2026-04-27T11:02:35.858870988Z,3.284,22.29,20.12,129
2026-04-27T11:22:35.806785861Z,3.282,23.02,19.94,128
2026-04-27T11:42:35.697532870Z,3.28,23.01,20,125
2026-04-27T12:02:35.628346436Z,3.28,22.72,19.95,123
2026-04-27T12:22:35.546100108Z,3.284,22.61,19.85,122
2026-04-27T12:42:35.103586080Z,3.284,22.51,19.77,120
2026-04-27T13:02:35.365372064Z,3.286,22.51,19.57,119
2026-04-27T13:22:34.940249630Z,3.286,22.7,19.4,117
2026-04-27T13:42:34.843327993Z,3.286,22.81,19.36,115
2026-04-27T14:02:35.110040659Z,3.292,22.82,19.22,114
2026-04-27T14:22:34.673066110Z,3.288,22.82,19.09,112
2026-04-27T14:42:34.941895464Z,3.288,22.81,19.07,111
2026-04-27T15:02:34.846709076Z,3.29,22.82,18.92,109
2026-04-27T15:22:35.804381129Z,3.29,22.82,18.77,108
2026-04-27T15:42:34.688899854Z,3.29,22.76,18.74,106
2026-04-27T16:02:34.599456019Z,3.29,22.72,18.62,104
2026-04-27T16:22:34.522782544Z,3.284,22.61,18.52,103
2026-04-27T16:42:34.425831674Z,3.28,22.46,18.48,102
2026-04-27T17:02:34.370314161Z,3.28,22.31,18.46,100
2026-04-27T17:22:34.264505390Z,3.282,22.14,18.34,99
2026-04-27T17:42:33.823101279Z,3.273,22.02,18.33,98
2026-04-27T18:02:34.112054684Z,3.275,21.9,18.29,97
2026-04-27T18:22:34.016542424Z,3.275,21.69,18.21,97
2026-04-27T19:02:33.838398316Z,3.277,21.45,18.21,95
2026-04-27T19:22:33.428887799Z,3.267,21.29,18.21,95
2026-04-27T19:42:33.355065783Z,3.267,21.17,18.17,94
